basDt,srtnCd,isinCd,itmsNm,mrktCtg,clpr,vs,fltRt,mkp,hipr,lopr,trqu,trPrc,lstgStCnt,mrktTotAmt
20251125,900110,HK0000057197,이스트아시아홀딩스,KOSDAQ,1125,-22,-1.92,1150,1170,1121,91868,104749985,26286743,29572585875
20251125,900270,HK0000214814,헝셩그룹,KOSDAQ,203,2,1,201,203,201,1028308,207819956,188047040,38173549120
20251125,900260,HK0000295359,로스웰,KOSDAQ,910,-12,-1.3,904,943,904,22982,21023993,46029706,41887032460
20251125,900290,HK0000307485,GRT,KOSDAQ,2655,-65,-2.39,2730,2735,2655,62284,167677242,80850000,214656750000
20251125,900300,HK0000312568,오가닉티코스메틱,KOSDAQ,340,-2,-.58,342,347,337,1014601,345721772,196002224,66640756160
20251125,900310,HK0000341732,컬러레이,KOSDAQ,580,-10,-1.69,589,593,575,115819,67334311,64041675,37144171500
20251125,900340,HK0000449303,윙입푸드,KOSDAQ,841,-2,-.24,843,859,835,151420,127291374,50330928,42328310448
20251125,000020,KR7000020008,동화약품,KOSPI,6090,-20,-.33,6120,6180,6080,30786,188601630,27931470,170102652300
20251125,000040,KR7000040006,KR모터스,KOSPI,455,-9,-1.94,464,468,455,89243,41050147,86375184,39300708720
20251125,000050,KR7000050005,경방,KOSPI,6950,-10,-.14,6980,7040,6890,19713,137351570,27415270,190536126500
20251125,000070,KR7000070003,삼양홀딩스,KOSPI,59200,-3600,-5.73,62800,63100,57900,124039,7403300050,7763191,459580907200
20251125,000080,KR7000080002,하이트진로,KOSPI,18580,-170,-.91,18890,18890,18550,218332,4070430435,70133611,1303082492380
20251125,000087,KR7000082008,하이트진로2우B,KOSPI,15310,-40,-.26,15350,15350,15300,2790,42794260,1130138,17302412780
20251125,000100,KR7000100008,유한양행,KOSPI,114500,-700,-.61,116200,117500,114200,266686,30780020350,79968437,9156386036500
20251125,000105,KR7000101006,유한양행우,KOSPI,103600,300,.29,103500,104900,103000,2379,246784600,1180940,122345384000
20251125,000120,KR7000120006,CJ대한통운,KOSPI,92700,-300,-.32,93500,93900,92100,31129,2888129500,22812344,2114704288800
20251125,000140,KR7000140004,하이트진로홀딩스,KOSPI,9940,-150,-1.49,10050,10130,9940,11800,117883890,23206765,230675244100
20251125,000145,KR7000141002,하이트진로홀딩스우,KOSPI,12590,-90,-.71,12680,12690,12270,188,2321720,470810,5927497900
20251125,000150,KR7000150003,두산,KOSPI,830000,-24000,-2.81,899000,909000,802000,265647,223479329000,16523835,13714783050000
20251125,000155,KR7000151001,두산우,KOSPI,517000,-22000,-4.08,560000,565000,510000,35815,18910127000,3996462,2066170854000
20251125,000157,KR7000152009,두산2우B,KOSPI,442000,-22500,-4.84,485500,487500,439500,3129,1423677750,893038,394722796000
20251125,000180,KR7000180000,성창기업지주,KOSPI,1391,-7,-.5,1402,1403,1373,39298,54250828,69751600,97024475600
20251125,000210,KR7000210005,DL,KOSPI,38450,-250,-.65,39400,39400,38150,52077,2014773025,20955884,805753739800
20251125,000215,KR7000211003,DL우,KOSPI,24700,-700,-2.76,27000,27000,24500,9550,238822200,1686115,41647040500
20251125,000220,KR7000220004,유유제약,KOSPI,4165,0,0,4170,4210,4140,8928,37219710,17032351,70939741915
20251125,000225,KR7000221002,유유제약1우,KOSPI,4790,45,.95,4745,4885,4615,9287,43560975,2266930,10858594700
20251125,000227,KR7000222000,유유제약2우B,KOSPI,10630,-60,-.56,10780,10780,10630,151,1609760,325560,3460702800
20251125,000230,KR7000230003,일동홀딩스,KOSPI,13650,-310,-2.22,14090,14570,13400,227546,3167709875,11540400,157526460000
20251125,000240,KR7000240002,한국앤컴퍼니,KOSPI,26500,50,.19,26550,26850,26100,59618,1579839825,94935240,2515783860000
20251125,000250,KR7000250001,삼천당제약,KOSDAQ,204000,-3500,-1.69,210500,216000,198500,137579,28220167800,23457472,4785324288000
20251125,000270,KR7000270009,기아,KOSPI,111200,100,.09,112200,113200,111000,632037,70720139650,393789270,43789366824000
20251125,000300,KR7000300004,DH오토넥스,KOSPI,1984,0,0,0,0,0,0,0,82129188,162944308992
20251125,000320,KR7000320002,노루홀딩스,KOSPI,21300,250,1.19,21600,21700,21150,12424,265876250,13291151,283101516300
20251125,000325,KR7000321000,노루홀딩스우,KOSPI,30800,1050,3.53,31900,31900,30350,684,21214300,243559,7501617200
20251125,000370,KR7000370007,한화손해보험,KOSPI,5150,50,.98,5150,5250,5090,246179,1272599250,116738915,601205412250
20251125,000390,KR7000390005,삼화페인트,KOSPI,5670,-20,-.35,5660,5730,5630,19482,110255190,27203469,154243669230
20251125,000400,KR7000400002,롯데손해보험,KOSPI,1740,-11,-.63,1736,1780,1720,301399,525224618,310336320,539985196800
20251125,000430,KR7000430009,대원강업,KOSPI,3700,-5,-.13,3715,3760,3665,54777,202869266,62000000,229400000000
20251125,000440,KR7000440008,중앙에너비스,KOSDAQ,15440,-90,-.58,15700,15850,15440,7772,121099600,6227130,96146887200
20251125,000480,KR7000480004,CR홀딩스,KOSPI,4920,-15,-.3,4935,4950,4915,7097,34975815,46890490,230701210800
20251125,000490,KR7000490003,대동,KOSPI,9410,-140,-1.47,9600,9650,9340,103129,976717780,26392658,248354911780
20251125,0004Y0,KR70004Y0000,디비금융제14호스팩,KOSDAQ,1996,-3,-.15,2005,2005,1995,1162,2320363,5315000,10608740000
20251125,000500,KR7000500009,가온전선,KOSPI,69700,3600,5.45,68300,72000,67600,68755,4806990150,16543115,1153055115500
20251125,000520,KR7000520007,삼일제약,KOSPI,9910,-140,-1.39,10030,10370,9860,223041,2238663500,21691811,214965847010
20251125,000540,KR7000540005,흥국화재,KOSPI,3615,40,1.12,3590,3690,3565,80580,291530735,64242645,232237161675
20251125,000545,KR7000541003,흥국화재우,KOSPI,6870,-10,-.15,6810,6900,6810,2539,17386630,768000,5276160000
20251125,000590,KR7000590000,CS홀딩스,KOSPI,78200,700,.9,77700,78300,76200,843,65310800,1154482,90280492400
20251125,000640,KR7000640003,동아쏘시오홀딩스,KOSPI,110000,-200,-.18,109900,110900,108100,16326,1791996950,6536434,719007740000
20251125,000650,KR7000650002,천일고속,KOSPI,140200,32300,29.94,140200,140200,140200,10530,1476306000,1429220,200376644000
20251125,000660,KR7000660001,SK하이닉스,KOSPI,519000,-1000,-.19,546000,550000,518000,3716730,1969198513548,728002365,377833227435000
20251125,000670,KR7000670000,영풍,KOSPI,58800,1400,2.44,57600,59700,57600,30075,1765150000,19108450,1123576860000
20251125,000680,KR7000680009,LS네트웍스,KOSPI,3025,-10,-.33,3055,3120,3015,105502,322010233,78803016,238379123400
20251125,000700,KR7000700005,유수홀딩스,KOSPI,5640,80,1.44,5570,5670,5560,19297,108393380,26041812,146875819680
20251125,000720,KR7000720003,현대건설,KOSPI,60800,1100,1.84,61100,63000,60200,733921,45002455350,111355765,6770430512000
20251125,000725,KR7000721001,현대건설우,KOSPI,51800,-300,-.58,51800,52900,51100,2030,105796550,1054693,54633097400
20251125,000760,KR7000760009,이화산업,KOSPI,12400,80,.65,12550,12550,12300,834,10296080,2800000,34720000000
20251125,000810,KR7000810002,삼성화재,KOSPI,473000,0,0,479000,489000,469500,49760,23683518500,46011155,21763276315000
20251125,000815,KR7000811000,삼성화재우,KOSPI,361000,4500,1.26,359500,364500,354000,8678,3129410250,3099510,1118923110000
20251125,000850,KR7000850008,화천기공,KOSPI,31750,-50,-.16,31800,32400,31550,3896,123537700,2200000,69850000000
20251125,000860,KR7000860007,강남제비스코,KOSPI,11730,-80,-.68,11890,11990,11700,26439,311272400,13000000,152490000000
20251125,000880,KR7000880005,한화,KOSPI,77700,-1000,-1.27,80000,81200,77700,164248,12907146700,74958735,5824293709500
20251125,00088K,KR700088K015,한화3우B,KOSPI,34900,-850,-2.38,36400,37000,34500,69008,2430466350,19404441,677214990900
20251125,000890,KR7000890004,보해양조,KOSPI,426,-2,-.47,429,431,425,122157,52142813,139120129,59265174954
20251125,0008Z0,KR70008Z0005,에스엔시스,KOSDAQ,30650,-550,-1.76,31200,31800,30050,56930,1743262100,9436564,289230686600
20251125,000910,KR7000910000,유니온,KOSPI,4250,-80,-1.85,4315,4390,4245,117849,506121804,15611619,66349380750
20251125,000950,KR7000950006,전방,KOSPI,35300,-700,-1.94,35950,35950,34100,2858,99855425,1680000,59304000000
20251125,000970,KR7000970004,한국주철관,KOSPI,7150,-100,-1.38,7250,7290,7120,36863,265470980,22800500,163023575000
20251125,000990,KR7000990002,DB하이텍,KOSPI,61900,1100,1.81,62900,62900,61100,265541,16432158100,43504588,2692933997200
20251125,001000,KR7001000009,신라섬유,KOSDAQ,2360,-80,-3.28,2390,2475,2360,139837,336790365,24277540,57294994400
20251125,001020,KR7001020007,페이퍼코리아,KOSPI,645,-24,-3.59,669,670,645,31879,20795459,177983313,114799236885
20251125,001040,KR7001040005,CJ,KOSPI,174500,-8300,-4.54,185900,185900,173100,174585,30946445800,29176998,5091386151000
20251125,001045,KR7001041003,CJ우,KOSPI,88200,-3500,-3.82,91100,94000,87900,9322,835748600,2260223,199351668600
20251125,00104K,KR700104K010,CJ4우(전환),KOSPI,153500,-4800,-3.03,158500,160000,146000,20234,3086356400,4226512,648769592000
20251125,001060,KR7001060003,JW중외제약,KOSPI,25050,-50,-.2,25250,25450,24850,37852,946851725,23285930,583312546500
20251125,001065,KR7001061001,JW중외제약우,KOSPI,27450,-300,-1.08,27250,27450,27250,287,7846950,341951,9386554950
20251125,001067,KR7001062009,JW중외제약2우B,KOSPI,60700,300,.5,60900,60900,60700,10,608200,209973,12745361100
20251125,001070,KR7001070002,대한방직,KOSPI,6410,-40,-.62,6360,6440,6250,7001,44233965,5300000,33973000000
20251125,001080,KR7001080001,만호제강,KOSPI,37750,2100,5.89,35650,44450,35650,94683,3989845650,4150000,156662500000
20251125,0010V0,KR70010V0005,제이피아이헬스케어,KOSDAQ,16700,-120,-.71,16860,17950,16590,75293,1289839805,5105400,85260180000
20251125,001120,KR7001120005,LX인터내셔널,KOSPI,30500,0,0,30700,30800,30400,40602,1240143725,38760000,1182180000000
20251125,001130,KR7001130004,대한제분,KOSPI,139400,0,0,139700,140300,138300,1418,197171350,1690000,235586000000
20251125,001140,KR7001140003,국보,KOSPI,2110,0,0,0,0,0,0,0,15856388,33456978680
20251125,001200,KR7001200005,유진투자증권,KOSPI,3395,-35,-1.02,3480,3500,3325,1185184,4008775662,96866418,328861489110
20251125,001210,KR7001210004,금호전기,KOSPI,597,-5,-.83,605,608,593,78884,47287213,61553997,36747736209
20251125,001230,KR7001230002,동국홀딩스,KOSPI,7370,0,0,7380,7440,7330,17258,127290650,31800483,234369559710
20251125,001250,KR7001250000,GS글로벌,KOSPI,2355,-5,-.21,2380,2410,2350,189231,449217979,82533764,194367014220
20251125,001260,KR7001260009,남광토건,KOSPI,7210,-240,-3.22,7660,7660,7210,14831,108431750,9832572,70892844120
20251125,001270,KR7001270008,부국증권,KOSPI,60900,-4600,-7.02,65900,66900,60400,57494,3622193300,10369886,631526057400
20251125,001275,KR7001271006,부국증권우,KOSPI,29800,100,.34,29700,30050,29500,499,14867650,3000000,89400000000
20251125,001290,KR7001290006,상상인증권,KOSPI,664,0,0,678,679,655,180474,119127812,108337120,71935847680
20251125,001340,KR7001340009,PKC,KOSPI,5560,0,0,5630,5690,5540,64487,359744380,44918407,249746342920
20251125,001360,KR7001360007,삼성제약,KOSPI,1373,-2,-.15,1406,1406,1360,295173,405091393,94162079,129284534467
20251125,001380,KR7001380005,SG글로벌,KOSPI,1725,-5,-.29,1731,1746,1702,192914,331210131,44964143,77563146675
20251125,001390,KR7001390004,KG케미칼,KOSPI,5280,10,.19,5320,5420,5190,304565,1612195085,68469040,361516531200
20251125,001420,KR7001420009,태원물산,KOSPI,3260,-25,-.76,3285,3330,3260,5069,16662100,7600000,24776000000
20251125,001430,KR7001430008,세아베스틸지주,KOSPI,26900,550,2.09,27100,27350,26450,52499,1413932000,35862119,964691001100
20251125,001440,KR7001440007,대한전선,KOSPI,21850,50,.23,22450,23000,21650,2807404,62259670900,186447300,4073873505000
20251125,001450,KR7001450006,현대해상,KOSPI,28900,1150,4.14,28150,29750,28100,457399,13255395525,89400000,2583660000000
20251125,001460,KR7001460005,BYC,KOSPI,39300,-1850,-4.5,41100,41150,39050,6438,256747250,6246150,245473695000
20251125,001465,KR7001461003,BYC우,KOSPI,23750,-50,-.21,24050,24050,22800,2410,56812375,2153850,51153937500
20251125,001470,KR7001470004,삼부토건,KOSPI,347,0,0,0,0,0,0,0,229681824,79699592928
20251125,001500,KR7001500008,현대차증권,KOSPI,7950,-20,-.25,8080,8130,7850,126561,1005849010,61833044,491572699800
20251125,001510,KR7001510007,SK증권,KOSPI,651,-4,-.61,662,680,646,2047627,1347236179,472590171,307656201321
20251125,001515,KR7001511005,SK증권우,KOSPI,2155,-30,-1.37,2160,2185,2155,5265,11375210,3912514,8431467670
20251125,001520,KR7001520006,동양,KOSPI,801,-11,-1.35,814,826,795,2240881,1810730099,238684063,191185934463
20251125,001525,KR7001521004,동양우,KOSPI,4785,30,.63,4725,4830,4660,3934,18690545,617731,2955842835
20251125,001527,KR7001522002,동양2우B,KOSPI,8470,-50,-.59,8530,8570,8470,1010,8612640,308569,2613579430
20251125,001530,KR7001530005,DI동일,KOSPI,17160,-310,-1.77,17900,18100,17020,68749,1187699115,19729280,338554444800
20251125,001540,KR7001540004,안국약품,KOSDAQ,8140,-10,-.12,8080,8210,8060,27249,220638700,13042420,106165298800
20251125,001550,KR7001550003,조비,KOSPI,10950,30,.27,10820,11200,10820,6434,70989840,5192239,56855017050
20251125,001560,KR7001560002,제일연마,KOSPI,9360,-10,-.11,9600,9600,9290,1906,17767010,9800000,91728000000
20251125,001570,KR7001570001,금양,KOSPI,9900,0,0,0,0,0,0,0,63967196,633275240400
20251125,0015G0,KR70015G0009,그린광학,KOSDAQ,21800,400,1.87,21900,24500,21700,2767457,63843360125,11702541,255115393800
20251125,001620,KR7001620004,케이비아이동국실업,KOSPI,469,4,.86,462,480,462,88048,41162343,111293031,52196431539
20251125,001630,KR7001630003,종근당홀딩스,KOSPI,47600,200,.42,47400,47850,47000,4377,207063125,5009861,238469383600
20251125,001680,KR7001680008,대상,KOSPI,20600,-150,-.72,20850,20950,20450,65946,1362507200,34648025,713749315000
20251125,001685,KR7001681006,대상우,KOSPI,16690,-80,-.48,16830,16830,16480,10574,176143680,1370223,22869021870
20251125,001720,KR7001720002,신영증권,KOSPI,139900,-4200,-2.91,146600,146900,139000,31471,4452588400,16440000,2299956000000
20251125,001740,KR7001740000,SK네트웍스,KOSPI,4455,-50,-1.11,4510,4530,4440,171287,766083842,221277902,985793053410
20251125,001750,KR7001750009,한양증권,KOSPI,18160,-150,-.82,18350,18510,18050,34385,627330250,12728534,231150177440
20251125,001755,KR7001751007,한양증권우,KOSPI,18280,-100,-.54,18710,18710,17910,1504,27205210,525000,9597000000
20251125,001770,KR7001770007,SHD,KOSPI,17770,50,.28,17650,17890,17590,420,7469090,1214878,21588382060
20251125,001780,KR7001780006,알루코,KOSPI,1920,10,.52,1923,1939,1904,226914,434801408,96830132,185913853440
20251125,001790,KR7001790005,대한제당,KOSPI,2830,-30,-1.05,2860,2890,2830,181994,517620475,89696580,253841321400
20251125,001795,KR7001791003,대한제당우,KOSPI,2465,5,.2,2475,2480,2450,18086,44468070,6482760,15980003400
20251125,001800,KR7001800002,오리온홀딩스,KOSPI,19340,-350,-1.78,19740,19760,19320,106064,2072188080,62645422,1211562461480
20251125,001810,KR7001810001,무림SP,KOSDAQ,1505,4,.27,1501,1514,1485,11177,16695163,22137500,33316937500
20251125,001820,KR7001820000,삼화콘덴서,KOSPI,30650,2150,7.54,29200,30950,29100,123070,3717326850,10395000,318606750000
20251125,001840,KR7001840008,이화공영,KOSDAQ,1616,0,0,0,0,0,0,0,22283636,36010355776
20251125,001940,KR7001940006,KISCO홀딩스,KOSPI,25800,-100,-.39,25950,25950,25800,9004,232736175,14176380,365750604000
20251125,002020,KR7002020006,코오롱,KOSPI,47950,-2000,-4,50900,50900,47550,114982,5571248850,12626426,605437126700
20251125,002025,KR7002021004,코오롱우,KOSPI,24000,-550,-2.24,24850,24850,23700,6544,158712000,1076390,25833360000
20251125,002030,KR7002030005,아세아,KOSPI,376500,-1000,-.26,377500,379500,371500,2546,954065500,2084140,784678710000
20251125,002070,KR7002070001,비비안,KOSPI,648,4,.62,644,656,641,52603,33900062,45196077,29287057896
20251125,002100,KR7002100006,경농,KOSPI,9220,20,.22,9250,9260,9150,5512,50700880,19522575,179998141500
20251125,002140,KR7002140002,고려산업,KOSPI,2425,-40,-1.62,2445,2490,2425,45395,110941252,24939425,60478105625
20251125,002150,KR7002150001,도화엔지니어링,KOSPI,6210,-120,-1.9,6280,6320,6200,39056,244093295,33720000,209401200000
20251125,002170,KR7002170009,삼양통상,KOSPI,53700,200,.37,54700,54800,53300,650,34826100,3000000,161100000000
20251125,002200,KR7002200004,한국수출포장,KOSPI,3150,10,.32,3140,3160,3125,68717,216223955,40000000,126000000000
20251125,002210,KR7002210003,동성제약,KOSPI,973,0,0,0,0,0,0,0,26619507,25900780311
20251125,002220,KR7002220002,한일철강,KOSPI,4200,5,.12,4190,4280,4165,28181,118522400,26697460,112129332000
20251125,002230,KR7002230001,피에스텍,KOSDAQ,3990,-10,-.25,4000,4015,3970,9928,39584075,19273820,76902541800
20251125,002240,KR7002240000,고려제강,KOSPI,18200,-380,-2.05,18590,18670,18160,20469,376859110,27000000,491400000000
20251125,002290,KR7002290005,삼일기업공사,KOSDAQ,3730,35,.95,3695,3740,3685,34888,129615680,12400000,46252000000
20251125,002310,KR7002310001,아세아제지,KOSPI,7050,0,0,7050,7050,6930,123347,861776080,41632510,293509195500
20251125,002320,KR7002320000,한진,KOSPI,19620,-110,-.56,19750,19900,19570,19712,388024725,15235010,298910896200
20251125,002350,KR7002350007,넥센타이어,KOSPI,7280,60,.83,7160,7410,7160,192016,1398983795,97667877,711022144560
20251125,002355,KR7002351005,넥센타이어1우B,KOSPI,3570,0,0,3590,3615,3525,12654,45121225,6500000,23205000000
20251125,002360,KR7002360006,SH에너지화학,KOSPI,384,3,.79,382,386,379,341667,130567368,111133730,42675352320
20251125,002380,KR7002380004,KCC,KOSPI,408000,6500,1.62,409000,425000,404500,29412,12158158500,8886471,3625680168000
20251125,002390,KR7002390003,한독,KOSPI,11590,-140,-1.19,11640,11860,11590,7117,82896490,13763533,159519347470
20251125,002410,KR7002410009,범양건영,KOSPI,1935,0,0,0,0,0,0,0,27479820,53173451700
20251125,002420,KR7002420008,세기상사,KOSPI,4495,-345,-7.13,4840,4840,4375,45275,206917511,5969948,26834916260
20251125,002450,KR7002450005,삼익악기,KOSPI,1196,-2,-.17,1209,1209,1190,121950,145608798,90530915,108274974340
20251125,002460,KR7002460004,HS화성,KOSPI,11730,30,.26,11700,11890,11560,10255,119930005,10150000,119059500000
20251125,002600,KR7002600005,조흥,KOSPI,150400,400,.27,150500,150500,148800,25,3728400,600000,90240000000
20251125,002620,KR7002620003,제일파마홀딩스,KOSPI,7720,-80,-1.03,7820,7840,7670,2997,23371210,15973355,123314300600
20251125,002630,KR7002630002,오리엔트바이오,KOSPI,545,-10,-1.8,557,567,541,795099,438034721,118583005,64627737725
20251125,002680,KR7002680007,한탑,KOSDAQ,707,5,.71,702,711,700,20711,14584749,32316799,22847976893
20251125,002690,KR7002690006,동일제강,KOSPI,1627,1,.06,1626,1645,1609,20281,32804414,20300360,33028685720
20251125,002700,KR7002700003,신일전자,KOSPI,1333,8,.6,1319,1337,1316,256446,340943871,71047521,94706345493
20251125,002710,KR7002710002,TCC스틸,KOSPI,14950,-40,-.27,15290,15420,14860,94895,1426385845,26213697,391894770150
20251125,002720,KR7002720001,국제약품,KOSPI,4240,5,.12,4260,4330,4200,60871,258076330,21159832,89717687680
20251125,002760,KR7002760007,보락,KOSPI,1007,-2,-.2,1003,1015,1003,58097,58550675,59900000,60319300000
20251125,002780,KR7002780005,진흥기업,KOSPI,642,-6,-.93,649,651,631,261247,166884360,145471745,93392860290
20251125,002785,KR7002781003,진흥기업우B,KOSPI,3845,0,0,3845,3845,3845,78,299910,857218,3296003210
20251125,002787,KR7002782001,진흥기업2우B,KOSPI,8060,0,0,7950,8060,7950,514,4086630,294808,2376152480
20251125,002790,KR7002790004,아모레퍼시픽홀딩스,KOSPI,28700,-1000,-3.37,30050,30300,28600,177330,5157050950,79458180,2280449766000
20251125,002795,KR7002791002,아모레퍼시픽홀딩스우,KOSPI,12150,-440,-3.49,12620,12640,12150,22891,282476090,6443770,78291805500
20251125,00279K,KR700279K010,아모레퍼시픽홀딩스3우C,KOSPI,22250,-550,-2.41,22750,23100,22150,6002,134451700,7092200,157801450000
20251125,002800,KR7002800001,신신제약,KOSDAQ,5090,-40,-.78,5130,5160,5030,23219,117927305,15170500,77217845000
20251125,002810,KR7002810000,삼영무역,KOSPI,15240,-200,-1.3,15480,15590,15210,13230,202810680,18466948,281436287520
20251125,002820,KR7002820009,SUN&L,KOSPI,2350,40,1.73,2345,2360,2320,600,1406645,12607989,29628774150
20251125,002840,KR7002840007,미원상사,KOSPI,144800,-2300,-1.56,147100,147100,143600,2859,416903100,4750000,687800000000
20251125,002870,KR7002870004,신풍,KOSPI,1031,-48,-4.45,1025,1095,1025,190011,199509506,34958700,36042419700
20251125,002880,KR7002880003,대유에이텍,KOSPI,1000,2,.2,1012,1045,991,247724,252444605,46773995,46773995000
20251125,002900,KR7002900009,TYM,KOSPI,6050,-150,-2.42,6160,6350,6020,441399,2701059225,45050956,272558283800
20251125,002920,KR7002920007,유성기업,KOSPI,1984,-31,-1.54,2015,2040,1984,48568,97339689,25947500,51479840000
20251125,002960,KR7002960003,한국쉘석유,KOSPI,471500,1500,.32,470500,475500,466000,2268,1065348000,1300000,612950000000
20251125,002990,KR7002990000,금호건설,KOSPI,3585,-110,-2.98,3695,3700,3585,60245,217916635,36996760,132633384600
20251125,002995,KR7002991008,금호건설우,KOSPI,11090,-360,-3.14,11450,11450,11090,1008,11188030,292266,3241229940
20251125,003000,KR7003000007,부광약품,KOSPI,3830,80,2.13,3800,3965,3790,666716,2589949607,98664671,377885689930
20251125,003010,KR7003010006,혜인,KOSPI,5170,-110,-2.08,5260,5310,5150,86527,450317700,12712747,65724901990
20251125,003030,KR7003030004,세아제강지주,KOSPI,132700,-500,-.38,134500,138000,132300,8367,1131906300,4141657,549597883900
20251125,003060,KR7003060001,에이프로젠바이오로직스,KOSPI,550,5,.92,541,565,541,162235,89696833,198407845,109124314750
20251125,003070,KR7003070000,코오롱글로벌,KOSPI,9090,-100,-1.09,9230,9240,9050,8960,81696990,18932713,172098361170
20251125,003075,KR7003071008,코오롱글로벌우,KOSPI,15400,0,0,15450,15450,15380,368,5667820,740737,11407349800
20251125,003080,KR7003080009,SB성보,KOSPI,2890,-25,-.86,2910,2910,2870,22605,65372985,20020000,57857800000
20251125,003090,KR7003090008,대웅,KOSPI,22600,-300,-1.31,23300,23500,22450,80786,1841163950,58141980,1314008748000
20251125,0030R0,KR70030R0007,대신밸류리츠,KOSPI,4500,-25,-.55,4525,4565,4260,109691,494398320,59780000,269010000000
20251125,003100,KR7003100005,선광,KOSDAQ,19050,100,.53,19000,19060,18820,7061,133606105,6600000,125730000000
20251125,003120,KR7003120003,일성아이에스,KOSPI,23000,50,.22,23000,23200,22700,3121,71595550,13300000,305900000000
20251125,003160,KR7003160009,디아이,KOSPI,20800,-400,-1.89,21800,22350,20050,1350023,28249982275,28300000,588640000000
20251125,003200,KR7003200003,일신방직,KOSPI,11600,-290,-2.44,11920,11970,11500,53038,617277740,22960000,266336000000
20251125,003220,KR7003220001,대원제약,KOSPI,12260,-300,-2.39,12520,12590,12250,72966,904724065,22427583,274962167580
20251125,003230,KR7003230000,삼양식품,KOSPI,1311000,-44000,-3.25,1360000,1365000,1310000,41596,55338619500,7533015,9875782665000
20251125,003240,KR7003240009,태광산업,KOSPI,788000,-26000,-3.19,815000,829000,787000,2455,1966995500,1113400,877359200000
20251125,003280,KR7003280005,흥아해운,KOSPI,1574,-8,-.51,1583,1609,1569,1028369,1624014187,240424899,378428791026
20251125,003300,KR7003300001,한일홀딩스,KOSPI,16180,-220,-1.34,16400,16450,16150,7044,114573030,30832884,498876063120
20251125,003310,KR7003310000,대주산업,KOSDAQ,1483,-9,-.6,1495,1499,1482,86452,128511284,35392350,52486855050
20251125,003350,KR7003350006,한국화장품제조,KOSPI,50600,-1800,-3.44,52000,52400,50000,27697,1410286650,4532000,229319200000
20251125,003380,KR7003380003,하림지주,KOSDAQ,8020,-80,-.99,8140,8170,7950,277295,2230451020,112005621,898285080420
20251125,003460,KR7003460003,유화증권,KOSPI,2735,-15,-.55,2790,2790,2720,11916,32574545,56702415,155081105025
20251125,003465,KR7003461001,유화증권우,KOSPI,2680,30,1.13,2725,2725,2680,1391,3728465,17476425,46836819000
20251125,003470,KR7003470002,유안타증권,KOSPI,3635,-30,-.82,3690,3715,3600,357348,1299343791,199596576,725533553760
20251125,003475,KR7003471000,유안타증권우,KOSPI,3745,-25,-.66,3790,3825,3725,23421,88016295,12912212,48356233940
20251125,003480,KR7003480001,한진중공업홀딩스,KOSPI,4575,20,.44,4545,4630,4505,53990,246737485,29529812,135098889900
20251125,003490,KR7003490000,대한항공,KOSPI,21100,100,.48,21250,21400,21000,605883,12836911325,368220661,7769455947100
20251125,003495,KR7003491008,대한항공우,KOSPI,23800,100,.42,23700,24150,23700,2014,47924675,1110794,26436897200
20251125,003520,KR7003520004,영진약품,KOSPI,1920,-37,-1.89,1957,1980,1917,413380,801430547,182892731,351154043520
20251125,003530,KR7003530003,한화투자증권,KOSPI,4940,-50,-1,5070,5170,4890,1706989,8496125938,214547775,1059866008500
20251125,003535,KR7003531001,한화투자증권우,KOSPI,9630,-90,-.93,9930,9930,9630,24190,236082850,4800000,46224000000
20251125,003540,KR7003540002,대신증권,KOSPI,26100,-400,-1.51,26800,26900,25900,180159,4737281075,50773400,1325185740000
20251125,003545,KR7003541000,대신증권우,KOSPI,20550,-150,-.72,20900,20900,20350,86354,1774804300,26000000,534300000000
20251125,003547,KR7003542008,대신증권2우B,KOSPI,19700,-210,-1.05,19920,20000,19640,49673,980496240,10000000,197000000000
20251125,003550,KR7003550001,LG,KOSPI,78400,700,.9,79500,80600,77700,216481,17001715150,154221585,12090972264000
20251125,003555,KR7003551009,LG우,KOSPI,65900,300,.46,65800,66600,65600,4752,314278850,3011199,198438014100
20251125,003560,KR7003560000,IHQ,KOSPI,10760,0,0,0,0,0,0,0,7083730,76220934800
20251125,003570,KR7003570009,SNT다이내믹스,KOSPI,42000,650,1.57,42150,42700,41050,58777,2478848650,33252697,1396613274000
20251125,003580,KR7003580008,HLB글로벌,KOSPI,2100,5,.24,2140,2150,2085,83523,175835586,50663505,106393360500
20251125,003610,KR7003610003,방림,KOSPI,5490,-80,-1.44,5500,5720,5480,147036,821662515,40202158,220709847420
20251125,003620,KR7003620002,KG모빌리티,KOSPI,3250,0,0,3310,3350,3245,240727,790524935,202374912,657718464000
20251125,003650,KR7003650009,미창석유,KOSPI,108500,-300,-.28,108900,108900,107900,462,50032300,1739672,188754412000
20251125,003670,KR7003670007,포스코퓨처엠,KOSPI,187100,300,.16,190500,191500,186000,209557,39438145150,88946220,16641837762000
20251125,003680,KR7003680006,한성기업,KOSPI,6250,0,0,6230,6680,5920,1971022,12493143465,6209515,38809468750
20251125,003690,KR7003690005,코리안리,KOSPI,11180,100,.9,11100,11340,11100,185799,2083541325,194821031,2178099126580
20251125,003720,KR7003720000,삼영,KOSPI,6920,530,8.29,6490,7150,6380,5167774,35846892060,34000000,235280000000
20251125,003780,KR7003780004,진양산업,KOSPI,6740,-50,-.74,6790,6850,6660,45307,305450410,13000000,87620000000
20251125,0037T0,KR70037T0008,KB제32호스팩,KOSDAQ,1995,-1,-.05,1996,1996,1993,5276,10524705,6330000,12628350000
20251125,003800,KR7003800000,에이스침대,KOSDAQ,29900,450,1.53,29500,29900,29500,6408,190918000,11090000,331591000000
20251125,003830,KR7003830007,대한화섬,KOSPI,119100,-700,-.58,115900,119700,115900,106,12450300,1328000,158164800000
20251125,003850,KR7003850005,보령,KOSPI,8240,60,.73,8220,8290,8130,194896,1596922640,85787207,706886585680
20251125,003920,KR7003920006,남양유업,KOSPI,50000,-400,-.79,50600,50800,49800,5539,277070250,6000000,300000000000
20251125,003925,KR7003921004,남양유업우,KOSPI,34150,50,.15,34750,34750,33550,2282,78051000,2000000,68300000000
20251125,003960,KR7003960002,사조대림,KOSPI,37350,-350,-.93,37500,37900,37300,8081,302003650,9164467,342292842450
20251125,004000,KR7004000006,롯데정밀화학,KOSPI,44250,100,.23,44600,44750,43400,67623,2966928500,25800000,1141650000000
20251125,004020,KR7004020004,현대제철,KOSPI,29300,200,.69,29550,29600,29000,344455,10066704575,133445785,3909961500500
20251125,004060,KR7004060000,SG세계물산,KOSPI,347,8,2.36,342,366,329,20234804,7018498079,202424960,70241461120
20251125,004080,KR7004080008,신흥,KOSPI,13420,-10,-.07,13630,13630,13310,5503,73864160,9500000,127490000000
20251125,004090,KR7004090007,한국석유,KOSPI,13940,-50,-.36,13990,14090,13900,31996,446386055,12694120,176956032800
20251125,004100,KR7004100004,태양금속,KOSPI,2320,-95,-3.93,2390,2425,2295,434249,1016384025,36700000,85144000000
20251125,004105,KR7004101002,태양금속우,KOSPI,3300,-85,-2.51,3380,3380,3285,17746,58706045,3300000,10890000000
20251125,004140,KR7004140000,동방,KOSPI,2635,-35,-1.31,2670,2710,2635,154802,411834885,47971766,126405603410
20251125,004150,KR7004150009,한솔홀딩스,KOSPI,3065,-15,-.49,3070,3100,3045,67168,205793772,41026620,125746590300
20251125,004170,KR7004170007,신세계,KOSPI,209000,-7000,-3.24,214000,215000,208000,54980,11564673000,9645181,2015842829000
20251125,0041B0,KR70041B0002,교보18호스팩,KOSDAQ,2045,10,.49,2035,2045,2030,1133,2308535,5040000,10306800000
20251125,0041J0,KR70041J0004,엘에스스팩1호,KOSDAQ,1999,2,.1,2005,2005,1990,28627,57116488,4110000,8215890000
20251125,0041L0,KR70041L0000,하나35호스팩,KOSDAQ,1997,-1,-.05,1998,1999,1981,5938,11809747,6030000,12041910000
20251125,004250,KR7004250007,NPC,KOSPI,3825,-165,-4.14,3960,3965,3825,34377,133030927,36720000,140454000000
20251125,004255,KR7004251005,NPC우,KOSPI,2460,-35,-1.4,2480,2500,2445,13078,32251170,5280000,12988800000
20251125,004270,KR7004270005,남성,KOSPI,857,17,2.02,840,858,832,25074,21168424,36212160,31033821120
20251125,004310,KR7004310009,현대약품,KOSPI,3545,0,0,3545,3610,3500,83976,297201726,32000000,113440000000
20251125,004360,KR7004360004,세방,KOSPI,13300,10,.08,13300,13400,13150,56508,746969890,19115603,254237519900
20251125,004365,KR7004361002,세방우,KOSPI,8910,70,.79,8970,8970,8780,1753,15471480,3689250,32871217500
20251125,004370,KR7004370003,농심,KOSPI,441500,-12500,-2.75,456500,456500,439000,32510,14477706750,6082642,2685486443000
20251125,004380,KR7004380002,삼익THK,KOSPI,9960,0,0,0,0,0,0,0,21000000,209160000000
20251125,004410,KR7004410007,서울식품,KOSPI,152,3,2.01,149,152,149,2358552,355644372,390175136,59306620672
20251125,004415,KR7004411005,서울식품우,KOSPI,1215,7,.58,1200,1215,1200,16110,19517078,2224500,2702767500
20251125,004430,KR7004430005,송원산업,KOSPI,8890,-110,-1.22,9020,9070,8880,39777,355259080,24000000,213360000000
20251125,004440,KR7004440004,삼일씨엔에스,KOSPI,4215,-55,-1.29,4270,4360,4165,11743,49515661,12731947,53665156605
20251125,004450,KR7004450003,삼화왕관,KOSPI,30000,350,1.18,29800,30350,29700,1211,36223950,2154379,64631370000
20251125,004490,KR7004490009,세방전지,KOSPI,59800,100,.17,60000,60500,59500,38632,2315694300,14000000,837200000000
20251125,0044K0,KR70044K0008,삼성스팩10호,KOSDAQ,1993,0,0,1993,1995,1985,7996,15916677,7520000,14987360000
20251125,004540,KR7004540001,깨끗한나라,KOSPI,1950,-2,-.1,1941,1963,1935,28388,55190832,37240693,72619351350
20251125,004545,KR7004541009,깨끗한나라우,KOSPI,11140,-140,-1.24,11050,11140,11050,44,486830,366160,4079022400
20251125,004560,KR7004560009,현대비앤지스틸,KOSPI,10470,-130,-1.23,10700,10750,10450,28332,298490250,15078811,157875151170
20251125,004590,KR7004590006,한국가구,KOSDAQ,4755,-5,-.11,4750,4820,4715,32643,154962646,15000000,71325000000
20251125,004650,KR7004650008,창해에탄올,KOSDAQ,10280,110,1.08,10220,10340,10170,127547,1310263885,9190885,94482297800
20251125,004690,KR7004690004,삼천리,KOSPI,122500,-1300,-1.05,125000,125500,121000,11876,1453854900,4055025,496740562500
20251125,004700,KR7004700001,조광피혁,KOSPI,67000,-200,-.3,67200,68100,65900,5135,343690000,6649138,445492246000
20251125,004710,KR7004710000,한솔테크닉스,KOSPI,5790,-30,-.52,5900,5950,5780,96128,560864255,32109878,185916193620
20251125,004720,KR7004720009,팜젠사이언스,KOSPI,3835,25,.66,3810,3890,3810,32485,124497042,18818261,72168030935
20251125,004770,KR7004770004,써니전자,KOSPI,1529,3,.2,1521,1536,1511,111236,169036377,35507438,54290872702
20251125,004780,KR7004780003,대륙제관,KOSDAQ,3490,20,.58,3485,3515,3470,7446,26005105,15903199,55502164510
20251125,004800,KR7004800009,효성,KOSPI,129400,4800,3.85,127500,132000,126700,36944,4799193900,16740407,2166208665800
20251125,004830,KR7004830006,덕성,KOSPI,4865,10,.21,4860,4930,4810,39844,193423294,15680000,76283200000
20251125,004835,KR7004831004,덕성우,KOSPI,7030,-30,-.42,7010,7160,7010,8801,62321620,1392000,9785760000
20251125,004840,KR7004840005,DRB동일,KOSPI,4835,0,0,4840,4905,4810,6417,30994875,19930000,96361550000
20251125,004870,KR7004870002,티웨이홀딩스,KOSPI,436,3,.69,429,438,429,225906,97936154,113163494,49339283384
20251125,004890,KR7004890000,동일산업,KOSPI,38900,0,0,38500,38900,38500,965,37377750,2425215,94340863500
20251125,004910,KR7004910006,조광페인트,KOSPI,4880,-70,-1.41,4955,4975,4875,15813,77493210,12800000,62464000000
20251125,004920,KR7004920005,씨아이테크,KOSPI,1099,-15,-1.35,1117,1117,1089,65682,72716563,50346691,55331013409
20251125,004960,KR7004960001,한신공영,KOSPI,8360,-100,-1.18,8360,8580,8300,43936,371061190,11570702,96731068720
20251125,004970,KR7004970000,신라교역,KOSPI,9140,-40,-.44,9250,9250,9100,7297,66655195,16000000,146240000000
20251125,004980,KR7004980009,성신양회,KOSPI,9480,-70,-.73,9530,9700,9370,36119,341581660,24516073,232412372040
20251125,004985,KR7004981007,성신양회우,KOSPI,10690,-30,-.28,10750,10890,10690,985,10607380,735645,7864045050
20251125,004990,KR7004990008,롯데지주,KOSPI,29550,-650,-2.15,30700,30900,29400,234466,7012768100,104909237,3100067953350
20251125,00499K,KR700499K014,롯데지주우,KOSPI,30650,0,0,30900,30900,30250,345,10533800,805603,24691731950
20251125,005010,KR7005010004,휴스틸,KOSPI,3935,-35,-.88,3945,4040,3915,187318,740931579,56188075,221100075125
20251125,005030,KR7005030002,부산주공,KOSPI,486,0,0,0,0,0,0,0,78782988,38288532168
20251125,005070,KR7005070008,코스모신소재,KOSPI,44200,-500,-1.12,45250,46500,43900,224582,10040164750,32510756,1436975415200
20251125,005090,KR7005090006,SGC에너지,KOSPI,22950,-100,-.43,23350,23350,22850,19640,451377050,14409333,330694192350
20251125,005110,KR7005110002,한창,KOSPI,1254,0,0,0,0,0,0,0,21106407,26467434378
20251125,005160,KR7005160007,동국산업,KOSDAQ,2775,-5,-.18,2785,2840,2765,51863,144663542,54244482,150528437550
20251125,005180,KR7005180005,빙그레,KOSPI,73000,-700,-.95,73800,74000,72900,23582,1729623100,9555703,697566319000
20251125,005250,KR7005250006,녹십자홀딩스,KOSPI,15380,-260,-1.66,15790,15820,15340,60064,930213475,47028210,723293869800
20251125,005257,KR7005252002,녹십자홀딩스2우,KOSPI,24000,-50,-.21,24100,24100,23850,345,8273200,845990,20303760000
20251125,005290,KR7005290002,동진쎄미켐,KOSDAQ,33450,1500,4.69,33300,33700,32650,336116,11145637825,51414494,1719814824300
20251125,005300,KR7005300009,롯데칠성,KOSPI,119700,-2700,-2.21,122600,123600,115500,14497,1743800100,9278884,1110682414800
20251125,005305,KR7005301007,롯데칠성우,KOSPI,68300,-700,-1.01,69100,69100,67900,966,65969300,775310,52953673000
20251125,005320,KR7005320007,온타이드,KOSPI,468,4,.86,460,471,454,71001,32642560,68375690,31999822920
20251125,005360,KR7005360003,모나미,KOSPI,1960,-15,-.76,1975,1992,1959,74699,147201532,18897307,37038721720
20251125,005380,KR7005380001,현대차,KOSPI,257500,0,0,261000,262000,256500,390393,101167646500,204757766,52725124745000
20251125,005385,KR7005381009,현대차우,KOSPI,193300,3100,1.63,192400,195300,192000,68103,13181514250,23340960,4511807568000
20251125,005387,KR7005382007,현대차2우B,KOSPI,195400,3100,1.61,194800,198000,193300,102442,20081236100,34963930,6831951922000
20251125,005389,KR7005383005,현대차3우B,KOSPI,192900,1600,.84,192200,194700,191600,8559,1652399950,2327452,448965490800
20251125,005420,KR7005420005,코스모화학,KOSPI,15540,-50,-.32,15750,16050,15390,117904,1843108900,38408228,596863863120
20251125,005430,KR7005430004,한국공항,KOSPI,57200,0,0,57000,57500,56000,3743,211631450,3166355,181115506000
20251125,005440,KR7005440003,현대지에프홀딩스,KOSPI,7920,-170,-2.1,8200,8200,7860,167599,1335399320,155904301,1234762063920
20251125,005490,KR7005490008,POSCO홀딩스,KOSPI,301000,-1500,-.5,305500,307000,299500,167675,50736853500,80932952,24360818552000
20251125,005500,KR7005500004,삼진제약,KOSPI,19800,-190,-.95,19990,20050,19770,22951,455570950,13900000,275220000000
20251125,005610,KR7005610001,SPC삼립,KOSPI,50300,-200,-.4,51000,51000,50200,4647,234363800,8629009,434039152700
20251125,005670,KR7005670005,푸드웰,KOSDAQ,6170,40,.65,6130,6270,6090,57787,354445930,10000000,61700000000
20251125,005680,KR7005680004,삼영전자,KOSPI,10200,10,.1,10300,10300,10100,12914,131076700,20000000,204000000000
20251125,005690,KR7005690003,파미셀,KOSPI,16040,-260,-1.6,16960,17410,15710,3680270,61016614650,60016964,962672102560
20251125,005710,KR7005710009,대원산업,KOSDAQ,13640,10,.07,13630,14060,13300,68551,937339250,20037600,273312864000
20251125,005720,KR7005720008,넥센,KOSPI,5600,-40,-.71,5500,5780,5500,34700,194974335,53543977,299846271200
20251125,005725,KR7005721006,넥센우,KOSPI,4480,0,0,4360,4700,4360,193,846190,3600600,16130688000
20251125,005740,KR7005740006,크라운해태홀딩스,KOSPI,6660,-70,-1.04,6730,6820,6610,18761,124880440,14847347,98883331020
20251125,005745,KR7005741004,크라운해태홀딩스우,KOSPI,7590,-20,-.26,7610,7640,7590,730,5553070,600726,4559510340
20251125,005750,KR7005750005,대림바스,KOSPI,5290,170,3.32,5130,5460,5120,77534,411641780,16672240,88196149600
20251125,005800,KR7005800008,신영와코루,KOSPI,14280,180,1.28,13970,14370,13970,5531,78278710,9000000,128520000000
20251125,005810,KR7005810007,풍산홀딩스,KOSPI,36050,-450,-1.23,36700,37200,35900,15495,564770350,14417292,519743376600
20251125,005820,KR7005820006,원림,KOSPI,14470,-30,-.21,14500,14600,14470,709,10278110,2297970,33251625900
20251125,005830,KR7005830005,DB손해보험,KOSPI,119900,-500,-.42,121800,123100,118900,153662,18421344600,70800000,8488920000000
20251125,005850,KR7005850003,에스엘,KOSPI,37150,700,1.92,36800,37900,36750,196248,7331333225,46448520,1725562518000
20251125,005860,KR7005860002,한일사료,KOSDAQ,3060,-35,-1.13,3085,3150,3045,125691,387066722,39403685,120575276100
20251125,005870,KR7005870001,휴니드,KOSPI,7630,120,1.6,7540,7860,7500,80036,615083315,14116015,107705194450
20251125,005880,KR7005880000,대한해운,KOSPI,1690,-19,-1.11,1716,1741,1687,1545707,2634491157,322747340,545443004600
20251125,005930,KR7005930003,삼성전자,KOSPI,99300,2600,2.69,101400,101400,97800,16110054,1602730841700,5919637922,587820045654600
20251125,005935,KR7005931001,삼성전자우,KOSPI,74900,2300,3.17,75500,75600,73800,2501268,187207163250,815974664,61116502333600
20251125,005940,KR7005940002,NH투자증권,KOSPI,20550,0,0,20900,21000,20300,508225,10465146800,356344369,7322876782950
20251125,005945,KR7005941000,NH투자증권우,KOSPI,18620,-140,-.75,18800,18870,18520,41495,774747270,18870968,351377424160
20251125,005950,KR7005950001,이수화학,KOSPI,8890,-310,-3.37,9360,9610,8700,543584,4978724020,26294169,233755162410
20251125,005960,KR7005960000,동부건설,KOSPI,5520,-50,-.9,5670,5670,5500,37644,208573170,22946663,126665579760
20251125,005965,KR7005961008,동부건설우,KOSPI,14700,-190,-1.28,14890,14890,14560,1982,29084910,225732,3318260400
20251125,005990,KR7005990007,매일홀딩스,KOSDAQ,10970,0,0,10970,11010,10950,237,2600620,13298304,145882394880
20251125,006040,KR7006040000,동원산업,KOSPI,43850,-1150,-2.56,45400,45850,43750,51666,2295794225,44147986,1935889186100
20251125,006050,KR7006050009,국영지앤엠,KOSDAQ,1204,2,.17,1203,1220,1190,78187,94237208,34895243,42013872572
20251125,006060,KR7006060008,화승인더,KOSPI,3750,0,0,3745,3800,3720,67367,252529095,55320000,207450000000
20251125,006090,KR7006090005,사조오양,KOSPI,9220,-30,-.32,9260,9310,9100,8793,80660340,9422739,86877653580
20251125,006110,KR7006110001,삼아알미늄,KOSPI,21750,-200,-.91,22150,22550,21700,22404,491119325,14711916,319984173000
20251125,006120,KR7006120000,SK디스커버리,KOSPI,60400,-500,-.82,61000,63000,60300,18009,1102160400,18347855,1108210442000
20251125,006125,KR7006121008,SK디스커버리우,KOSPI,39000,-600,-1.52,39800,40000,38850,1529,60072600,1312455,51185745000
20251125,006140,KR7006140008,피제이전자,KOSDAQ,5050,20,.4,5140,5140,4995,14984,75121000,15000000,75750000000
20251125,006200,KR7006200000,한국전자홀딩스,KOSPI,654,1,.15,652,667,650,20347,13300089,46803136,30609250944
20251125,006220,KR7006220008,제주은행,KOSPI,12060,-40,-.33,12100,12290,12010,74267,899888770,37798557,455850597420
20251125,006260,KR7006260004,LS,KOSPI,177400,-1800,-1,183400,186200,176700,140328,25211918100,31700000,5623580000000
20251125,006280,KR7006280002,녹십자,KOSPI,129700,-800,-.61,131200,132000,128800,32806,4263441000,11686538,1515743978600
20251125,006340,KR7006340004,대원전선,KOSPI,3630,-15,-.41,3700,3850,3620,6497427,24236218417,76353272,277162377360
20251125,006345,KR7006341002,대원전선우,KOSPI,3810,95,2.56,3715,3900,3680,63890,242031678,2621200,9986772000
20251125,006360,KR7006360002,GS건설,KOSPI,18540,-90,-.48,18790,19080,18440,297163,5562402390,85581490,1586680824600
20251125,006370,KR7006370001,대구백화점,KOSPI,5740,80,1.41,5790,5790,5670,12398,70817790,10821611,62116047140
20251125,006380,KR7006380000,카프로,KOSPI,3660,0,0,0,0,0,0,0,168999996,618539985360
20251125,006400,KR7006400006,삼성SDI,KOSPI,284500,3500,1.25,288000,289000,281000,265462,75459232500,80585530,22926583285000
20251125,006405,KR7006401004,삼성SDI우,KOSPI,176000,1700,.98,176000,177700,172900,7538,1320430200,1617896,284749696000
20251125,006490,KR7006490007,인스코비,KOSPI,685,1,.15,685,700,675,269201,184706796,125886117,86231990145
20251125,006570,KR7006570006,대림통상,KOSPI,2350,-5,-.21,2350,2365,2340,5539,13030675,15225000,35778750000
20251125,006620,KR7006620009,동구바이오제약,KOSDAQ,5470,-70,-1.26,5580,5640,5390,268566,1474678995,28464992,155703506240
20251125,006650,KR7006650006,대한유화,KOSPI,135600,-500,-.37,137400,138000,134000,42948,5844005550,6500000,881400000000
20251125,006660,KR7006660005,삼성공조,KOSPI,14150,40,.28,14350,14480,13910,86566,1226356555,8126314,114987343100
20251125,006730,KR7006730006,서부T&D,KOSDAQ,11850,-700,-5.58,12330,12630,11630,1574348,18880406595,65426923,775309037550
20251125,006740,KR7006740005,블루산업개발,KOSPI,884,-2,-.23,884,890,863,152570,132934369,56975588,50366419792
20251125,006800,KR7006800007,미래에셋증권,KOSPI,21000,-200,-.94,21500,21950,20700,2900422,61753495925,570316408,11976644568000
20251125,006805,KR7006801005,미래에셋증권우,KOSPI,10090,-140,-1.37,10350,10580,10050,40817,417769030,14075750,142024317500
20251125,00680K,KR700680K019,미래에셋증권2우B,KOSPI,9600,-290,-2.93,9930,10010,9530,386945,3758780395,137500000,1320000000000
20251125,006840,KR7006840003,AK홀딩스,KOSPI,8990,0,0,9010,9060,8850,5653,50223980,13247561,119095573390
20251125,006880,KR7006880009,신송홀딩스,KOSPI,6530,-140,-2.1,6670,6730,6520,33714,223129340,11828858,77242442740
20251125,006890,KR7006890008,태경케미컬,KOSPI,7780,30,.39,7750,7800,7740,15901,123435650,11600000,90248000000
20251125,0068Y0,KR70068Y0003,비엔케이제3호스팩,KOSDAQ,1992,3,.15,1990,1997,1988,283597,564458335,4310000,8585520000
20251125,006910,KR7006910004,보성파워텍,KOSDAQ,5040,115,2.34,4985,5180,4950,1539502,7770932224,49129824,247614312960
20251125,006920,KR7006920003,모헨즈,KOSDAQ,2795,-25,-.89,2820,2850,2740,66406,184376967,10920000,30521400000
20251125,006980,KR7006980007,우성,KOSPI,16690,-60,-.36,16690,16720,16590,2256,37685400,3090000,51572100000
20251125,007070,KR7007070006,GS리테일,KOSPI,21900,0,0,21950,22150,21700,133480,2921300925,83607415,1831002388500
20251125,007110,KR7007110000,일신석재,KOSPI,1599,19,1.2,1585,1638,1579,474004,763569382,77456610,123853119390
20251125,007120,KR7007120009,미래아이앤지,KOSPI,821,1,.12,818,830,816,17789,14580705,28878608,23709337168
20251125,007160,KR7007160005,사조산업,KOSPI,48550,-1200,-2.41,49800,49950,48500,14067,689255200,5000000,242750000000
20251125,0071M0,KR70071M0002,삼성스팩11호,KOSDAQ,1997,-1,-.05,1998,1998,1995,14491,28923920,5760000,11502720000
20251125,007210,KR7007210008,벽산,KOSPI,1667,-40,-2.34,1707,1714,1661,153939,258631988,66860000,111455620000
20251125,007280,KR7007280001,한국특강,KOSPI,1528,-1,-.07,1531,1570,1488,37951,57442261,60813311,92922739208
20251125,0072Z0,KR70072Z0006,KB제33호스팩,KOSDAQ,1982,0,0,1983,1983,1981,17359,34392518,7885000,15628070000
20251125,007310,KR7007310006,오뚜기,KOSPI,384000,-3500,-.9,388500,388500,382500,5876,2260564750,4007830,1539006720000
20251125,007330,KR7007330004,푸른저축은행,KOSDAQ,10420,30,.29,10470,10480,10360,6888,71705800,15082800,157162776000
20251125,007340,KR7007340003,DN오토모티브,KOSPI,23450,-400,-1.68,24100,24300,23400,62012,1474506500,58510865,1372079784250
20251125,007370,KR7007370000,진양제약,KOSDAQ,5020,-80,-1.57,5100,5150,4995,29504,148615860,13258760,66558975200
20251125,007390,KR7007390008,네이처셀,KOSDAQ,21400,-900,-4.04,22400,22450,20900,712785,15282155675,64435056,1378910198400
20251125,007460,KR7007460009,에이프로젠,KOSPI,622,-4,-.64,626,641,610,2564585,1600159075,329305030,204827728660
20251125,007530,KR7007530009,와이엠,KOSDAQ,2785,25,.91,2750,2795,2750,1546,4295895,22254231,61978033335
20251125,007540,KR7007540008,샘표,KOSPI,49900,-300,-.6,50200,50900,49200,5853,291412175,2875800,143502420000
20251125,007570,KR7007570005,일양약품,KOSPI,13050,0,0,0,0,0,0,0,19085664,249067915200
20251125,007575,KR7007571003,일양약품우,KOSPI,12980,0,0,0,0,0,0,0,445080,5777138400
20251125,007590,KR7007590003,동방아그로,KOSPI,6120,20,.33,6100,6120,6070,908,5541300,13617577,83339571240
20251125,007610,KR7007610009,선도전기,KOSPI,3000,0,0,0,0,0,0,0,18000000,54000000000
20251125,007660,KR7007660004,이수페타시스,KOSPI,140700,15600,12.47,144200,148200,137900,4362619,624531777300,73409219,10328677113300
20251125,007680,KR7007680002,대원,KOSDAQ,4515,15,.33,4500,4570,4455,22327,100808600,13446474,60710830110
20251125,007690,KR7007690001,국도화학,KOSPI,30900,0,0,31000,31350,30900,4052,125659650,9260832,286159708800
20251125,007700,KR7007700008,F&F홀딩스,KOSPI,19710,10,.05,19660,20200,19640,18103,359158260,39114367,770944173570
20251125,007720,KR7007720006,소노스퀘어,KOSDAQ,655,-7,-1.06,656,671,648,185321,121258145,100800450,66024294750
20251125,007770,KR7007770001,한일화학,KOSDAQ,8220,40,.49,8180,8220,8150,566,4642320,3510000,28852200000
20251125,007810,KR7007810005,코리아써키트,KOSPI,30300,1950,6.88,30000,31000,29550,458916,13865667250,23620751,715708755300
20251125,007815,KR7007811003,코리아써우,KOSPI,10210,500,5.15,10290,10590,9820,51803,529972710,2964690,30269484900
20251125,00781K,KR700781K015,코리아써키트2우B,KOSPI,8420,300,3.69,8320,8420,8220,8483,71031260,783699,6598745580
20251125,007820,KR7007820004,에스엠코어,KOSDAQ,3695,0,0,3720,3800,3625,75701,277309070,20033946,74025430470
20251125,007860,KR7007860000,서연,KOSPI,9060,-20,-.22,9140,9240,9000,27464,249947180,23479844,212727386640
20251125,007980,KR7007980006,TP,KOSPI,1768,-3,-.17,1774,1811,1758,395760,702882499,51175130,90477629840
20251125,008040,KR7008040008,사조동아원,KOSPI,1092,-19,-1.71,1106,1121,1091,467180,514609039,141144600,154129903200
20251125,008060,KR7008060006,대덕,KOSPI,10430,290,2.86,10190,10440,10190,140267,1451657310,33890150,353474264500
20251125,00806K,KR700806K010,대덕1우,KOSPI,9360,130,1.41,9320,9450,9140,3204,29620150,1212357,11347661520
20251125,008110,KR7008110009,대동전자,KOSPI,15040,0,0,0,0,0,0,0,10490447,157776322880
20251125,008250,KR7008250003,이건산업,KOSPI,4515,-5,-.11,4595,4595,4420,14157,63824892,10952635,49451147025
20251125,008260,KR7008260002,NI스틸,KOSPI,3295,-85,-2.51,3380,3385,3265,77660,256393130,28600117,94237385515
20251125,008290,KR7008290009,원풍물산,KOSDAQ,478,-5,-1.04,492,496,477,17499,8457168,40693679,19451578562
20251125,008350,KR7008350001,남선알미늄,KOSPI,1017,-5,-.49,1027,1040,1016,202699,207133962,129079090,131273434530
20251125,008355,KR7008351009,남선알미우,KOSPI,12450,350,2.89,12700,12700,12450,116,1467130,307890,3833230500
20251125,008370,KR7008370009,원풍,KOSDAQ,5300,60,1.15,5320,5320,5180,982,5141225,12000000,63600000000
20251125,008420,KR7008420002,문배철강,KOSPI,2020,0,0,2030,2045,2015,23258,47137655,20503505,41417080100
20251125,008470,KR7008470007,부스타,KOSDAQ,3940,0,0,3940,3955,3915,1619,6372740,8404800,33114912000
20251125,008490,KR7008490005,서흥,KOSPI,22700,250,1.11,22500,23075,22500,36810,838356300,11569113,262618865100
20251125,008500,KR7008500001,일정실업,KOSPI,18550,-300,-1.59,18730,20450,18100,105055,2020787030,1200000,22260000000
20251125,008600,KR7008600009,윌비스,KOSPI,313,4,1.29,309,314,306,180460,55655184,67236039,21044880207
20251125,008700,KR7008700007,아남전자,KOSPI,1215,1,.08,1215,1238,1210,116852,141979249,77124820,93706656300
20251125,008730,KR7008730004,율촌화학,KOSPI,28850,-150,-.52,29400,29800,28300,66429,1919071025,24800000,715480000000
20251125,008770,KR7008770000,호텔신라,KOSPI,45750,-2250,-4.69,48400,48650,45500,324289,15072358500,39248121,1795601535750
20251125,008775,KR7008771008,호텔신라우,KOSPI,38500,-350,-.9,38850,39200,38500,858,33200250,751879,28947341500
20251125,008830,KR7008830002,대동기어,KOSDAQ,18970,-130,-.68,18900,19120,18020,990593,18342746320,8987520,170493254400
20251125,008870,KR7008870008,금비,KOSPI,54600,600,1.11,54900,54900,53400,1017,54682900,1000000,54600000000
20251125,008930,KR7008930000,한미사이언스,KOSPI,37450,-150,-.4,37950,38950,37400,86554,3282008375,68391550,2561263547500
20251125,008970,KR7008970006,KBI동양철관,KOSPI,1962,6,.31,1949,2075,1941,1138988,2267032810,79900907,156765579534
20251125,009070,KR7009070004,KCTC,KOSPI,5050,-50,-.98,5110,5190,4985,117180,590642925,30000000,151500000000
20251125,009140,KR7009140005,경인전자,KOSPI,20400,100,.49,20450,20500,20200,1740,35285550,1570797,32044258800
20251125,009150,KR7009150004,삼성전기,KOSPI,241500,15500,6.86,239500,245000,236000,1028743,248342327500,74693696,18038527584000
20251125,009155,KR7009151002,삼성전기우,KOSPI,106900,5100,5.01,108000,108500,105600,55870,5992033050,2906984,310756589600
20251125,009160,KR7009160003,SIMPAC,KOSPI,4785,35,.74,4800,4815,4725,35945,171304345,65429516,313080234060
20251125,009180,KR7009180001,한솔로지스틱스,KOSPI,2615,-25,-.95,2640,2665,2605,22668,59396875,28155825,73627482375
20251125,009190,KR7009190000,대양금속,KOSPI,1415,-15,-1.05,1429,1431,1383,176437,246502933,43192625,61117564375
20251125,0091W0,KR70091W0006,신영스팩11호,KOSDAQ,2000,-5,-.25,2005,2045,1996,1571084,3143978509,6068000,12136000000
20251125,009200,KR7009200007,무림페이퍼,KOSPI,1989,-16,-.8,2010,2015,1986,52706,105082854,41609310,82760917590
20251125,009240,KR7009240003,한샘,KOSPI,45550,350,.77,45750,45950,45200,15232,693573275,23533928,1071970420400
20251125,009270,KR7009270000,신원,KOSPI,1456,22,1.53,1437,1483,1437,801748,1170483164,110625832,161071211392
20251125,009290,KR7009290008,광동제약,KOSPI,5850,-20,-.34,5870,5930,5840,69363,406983505,52420851,306661978350
20251125,009300,KR7009300005,삼아제약,KOSDAQ,16080,-210,-1.29,16380,16380,15900,14105,226546670,6370000,102429600000
20251125,009310,KR7009310004,참엔지니어링,KOSPI,1140,-100,-8.06,1238,1274,1117,944557,1112807828,16973483,19349770620
20251125,009320,KR7009320003,아진전자부품,KOSPI,926,-18,-1.91,934,978,926,81679,76538846,49299770,45651587020
20251125,009410,KR7009410002,태영건설,KOSPI,1582,-39,-2.41,1600,1630,1578,103335,165129732,297590078,470787503396
20251125,009415,KR7009411000,태영건설우,KOSPI,4800,0,0,4900,4900,4750,770,3672095,649974,3119875200
20251125,009420,KR7009420001,한올바이오파마,KOSPI,42650,-1800,-4.05,43900,44450,42400,426092,18434841750,52240638,2228063210700
20251125,009440,KR7009440009,KC그린홀딩스,KOSPI,756,0,0,0,0,0,0,0,23239141,17568790596
20251125,009450,KR7009450008,경동나비엔,KOSPI,54700,-700,-1.26,55600,56000,54500,35619,1961829050,14568592,796901982400
20251125,009460,KR7009460007,한창제지,KOSPI,518,2,.39,520,524,514,36245,18749973,59667486,30907757748
20251125,009470,KR7009470006,삼화전기,KOSPI,28750,850,3.05,28500,29250,28150,29713,852438800,6613820,190147325000
20251125,009520,KR7009520008,포스코엠텍,KOSDAQ,14720,190,1.31,14540,14970,14540,171882,2533218925,41642703,612980588160
20251125,009540,KR7009540006,HD한국조선해양,KOSPI,420000,-14000,-3.23,439500,444000,420000,197185,83799272250,70773116,29724708720000
20251125,009580,KR7009580002,무림P&P,KOSPI,2510,-15,-.59,2535,2545,2505,50635,127752984,62368324,156544493240
20251125,009620,KR7009620006,삼보산업,KOSDAQ,1840,-18,-.97,1831,1888,1820,58781,108258831,16386091,30150407440
20251125,009680,KR7009680000,모토닉,KOSPI,10480,10,.1,10480,10550,10390,35598,372004680,28050000,293964000000
20251125,009730,KR7009730003,이렘,KOSDAQ,766,-41,-5.08,807,820,766,961425,756777212,61877172,47397913752
20251125,009770,KR7009770009,삼정펄프,KOSPI,30100,-200,-.66,30300,30900,29850,12295,370674600,2499971,75249127100
20251125,009780,KR7009780008,엠에스씨,KOSDAQ,8340,120,1.46,8230,8400,8230,34389,285620250,17600000,146784000000
20251125,009810,KR7009810003,플레이그램,KOSPI,266,2,.76,266,278,260,511100,136795123,151887500,40402075000
20251125,009830,KR7009830001,한화솔루션,KOSPI,27450,1000,3.78,26950,27650,26800,764473,20827180625,171892536,4718450113200
20251125,009835,KR7009831009,한화솔루션우,KOSPI,20750,450,2.22,20950,20950,20450,3669,75635250,2575349,53438491750
20251125,009900,KR7009900002,명신산업,KOSPI,8150,-30,-.37,8230,8300,8120,72626,593773760,52470133,427631583950
20251125,009970,KR7009970005,영원무역홀딩스,KOSPI,172100,-1400,-.81,175400,179500,172100,16644,2901731700,13499237,2323218687700
20251125,010040,KR7010040004,한국내화,KOSPI,2000,-35,-1.72,2025,2045,2000,26251,52804660,41067062,82134124000
20251125,010060,KR7010060002,OCI홀딩스,KOSPI,99800,-600,-.6,102500,104300,99300,69666,6986634100,18814917,1877728716600
20251125,010100,KR7010100006,한국무브넥스,KOSPI,3600,-85,-2.31,3670,3710,3585,87647,317193852,30450420,109621512000
20251125,010120,KR7010120004,LS ELECTRIC,KOSPI,440000,4000,.92,454000,458000,437500,170664,76448225000,30000000,13200000000000
20251125,010130,KR7010130003,고려아연,KOSPI,1138000,60000,5.57,1091000,1148000,1091000,31685,35897681000,19343263,22012633294000
20251125,010140,KR7010140002,삼성중공업,KOSPI,24800,-250,-1,25500,25800,24650,2791063,69798007400,880000000,21824000000000
20251125,010170,KR7010170009,대한광통신,KOSDAQ,1896,56,3.04,1870,1949,1870,4015869,7660478403,131985660,250244811360
20251125,010240,KR7010240000,흥국,KOSDAQ,5060,-10,-.2,5070,5090,5005,12173,61373605,12322696,62352841760
20251125,010280,KR7010280006,아이티센엔텍,KOSDAQ,1001,2,.2,1000,1013,988,147128,146805256,65123786,65188909786
20251125,010400,KR7010400000,우진아이엔에스,KOSPI,3640,-280,-7.14,4060,4060,3620,52415,195144525,7622000,27744080000
20251125,010470,KR7010470003,오리콤,KOSDAQ,5630,20,.36,5610,5650,5590,3618,20317410,11975050,67419531500
20251125,010580,KR7010580009,에스엠벡셀,KOSPI,1997,-58,-2.82,2055,2080,1989,217937,439578873,111251760,222169764720
20251125,010600,KR7010600005,웰바이오텍,KOSPI,545,0,0,0,0,0,0,0,90923407,49553256815
20251125,010620,KR7010620003,HD현대미포,KOSPI,219500,-2000,-.9,225000,228500,217500,162424,35880769500,39942149,8767301705500
20251125,010640,KR7010640001,진양폴리,KOSPI,4415,-85,-1.89,4540,4545,4415,27899,124094978,10000000,44150000000
20251125,010660,KR7010660009,화천기계,KOSPI,4535,-65,-1.41,4645,4675,4485,283542,1291248600,22000000,99770000000
20251125,010690,KR7010690006,화신,KOSPI,7550,-40,-.53,7640,7700,7500,95656,726037760,34920410,263649095500
20251125,010770,KR7010770006,평화홀딩스,KOSPI,3620,-55,-1.5,3675,3690,3605,36021,131088339,14625466,52944186920
20251125,010780,KR7010780005,아이에스동서,KOSPI,17350,-170,-.97,17620,17780,17310,21488,376290750,30186976,523744033600
20251125,010820,KR7010820009,퍼스텍,KOSPI,3880,20,.52,3870,3935,3825,203244,787330148,48771938,189235119440
20251125,010950,KR7010950004,S-Oil,KOSPI,80400,-1100,-1.35,83000,83300,79000,436537,35103056550,112582792,9051656476800
20251125,010955,KR7010951002,S-Oil우,KOSPI,46750,-900,-1.89,48000,48000,46000,48496,2262484000,4021927,188025087250
20251125,010960,KR7010960003,삼호개발,KOSPI,3600,-5,-.14,3650,3650,3570,39433,141926420,24120000,86832000000
20251125,011000,KR7011000007,진원생명과학,KOSPI,2035,20,.99,2020,2080,2020,262900,538561820,85409936,173809219760
20251125,011040,KR7011040003,경동제약,KOSDAQ,5830,-40,-.68,5890,5900,5830,18328,107227900,30768766,179381905780
20251125,011070,KR7011070000,LG이노텍,KOSPI,236000,4000,1.72,238000,240000,233000,135188,31866263250,23667107,5585437252000
20251125,011080,KR7011080009,형지I&C,KOSDAQ,698,-6,-.85,704,719,695,498334,350025780,42864878,29919684844
20251125,011090,KR7011090008,에넥스,KOSPI,488,-1,-.2,489,489,481,105370,50973975,59991641,29275920808
20251125,011150,KR7011150000,CJ씨푸드,KOSPI,2710,-30,-1.09,2740,2785,2690,708792,1933528785,35930773,97372394830
20251125,011155,KR7011151008,CJ씨푸드1우,KOSPI,14960,-50,-.33,14830,14960,14830,182,2702350,200000,2992000000
20251125,011170,KR7011170008,롯데케미칼,KOSPI,74500,0,0,75900,76200,73300,74229,5542087150,42775419,3186768715500
20251125,011200,KR7011200003,HMM,KOSPI,18710,50,.27,18850,18950,18660,699300,13134664625,943237970,17647982418700
20251125,011210,KR7011210002,현대위아,KOSPI,56500,-1200,-2.08,58500,59200,56300,91172,5254622000,27195083,1536522189500
20251125,011230,KR7011230000,삼화전자,KOSPI,2800,60,2.19,2760,2820,2760,34763,97266655,19165785,53664198000
20251125,011280,KR7011280005,태림포장,KOSPI,1735,-30,-1.7,1776,1776,1726,41960,72945907,70805940,122848305900
20251125,011300,KR7011300001,성안머티리얼스,KOSPI,393,16,4.24,377,397,374,573650,222354732,155617675,61157746275
20251125,011320,KR7011320009,유니크,KOSDAQ,4405,-125,-2.76,4530,4580,4400,67683,301979528,19320695,85107661475
20251125,011330,KR7011330008,유니켐,KOSPI,1285,-22,-1.68,1300,1319,1285,238840,308612114,93113998,119651487430
20251125,011370,KR7011370004,서한,KOSDAQ,903,1,.11,900,911,899,103234,93272576,100894865,91108063095
20251125,011390,KR7011390002,부산산업,KOSPI,72700,0,0,73100,74500,72500,2826,207024800,1056000,76771200000
20251125,011420,KR7011420007,갤럭시아에스엠,KOSPI,1878,-103,-5.2,1999,2020,1850,1225048,2310117703,27549644,51738231432
20251125,011500,KR7011500006,한농화성,KOSPI,14280,-70,-.49,14560,14720,14150,71363,1026120230,15637042,223296959760
20251125,011560,KR7011560000,세보엠이씨,KOSDAQ,15570,-170,-1.08,15920,16210,15440,40786,638793840,10530000,163952100000
20251125,011690,KR7011690005,와이투솔루션,KOSPI,2795,5,.18,2820,2860,2715,109564,304749341,36574394,102225431230
20251125,011700,KR7011700002,한신기계,KOSPI,2955,0,0,2965,3035,2950,94556,281647690,32446151,95878376205
20251125,011760,KR7011760006,현대코퍼레이션,KOSPI,21000,-400,-1.87,21700,21850,20850,41250,875230400,13228966,277808286000
20251125,011780,KR7011780004,금호석유화학,KOSPI,113600,200,.18,115000,115200,112800,36344,4138528750,26031742,2957205891200
20251125,011785,KR7011781002,금호석유화학우,KOSPI,62000,-300,-.48,62400,62900,61800,9170,570753700,3023486,187456132000
20251125,011790,KR7011790003,SKC,KOSPI,106900,600,.56,109400,109900,105950,132339,14237914600,37868298,4048121056200
20251125,011810,KR7011810009,STX,KOSPI,3530,0,0,0,0,0,0,0,31017927,109493282310
20251125,011930,KR7011930005,신성이엔지,KOSPI,1510,9,.6,1516,1546,1494,906520,1372459469,205848151,310830708010
20251125,012030,KR7012030003,DB,KOSPI,1374,13,.96,1365,1391,1361,255217,350087987,201173933,276412983942
20251125,0120G0,KR70120G0001,삼양바이오팜,KOSPI,39250,9050,29.97,39250,39250,39250,30460,1195555000,7435870,291857897500
20251125,012160,KR7012160008,영흥,KOSPI,533,-2,-.37,535,546,524,121301,64205681,101310372,53998428276
20251125,012170,KR7012170007,아센디오,KOSPI,1689,8,.48,1681,1705,1669,20989,35362003,10873743,18365751927
20251125,012200,KR7012200002,계양전기,KOSPI,1370,-4,-.29,1375,1382,1369,13849,18987748,27222829,37295275730
20251125,012205,KR7012201000,계양전기우,KOSPI,2860,0,0,2865,2890,2860,2703,7731785,1169079,3343565940
20251125,012210,KR7012210001,삼미금속,KONEX,9520,90,.95,9910,9910,9000,1084,9920720,19766609,188178117680
20251125,012280,KR7012280004,영화금속,KOSPI,884,2,.23,882,891,875,102348,90153094,51664505,45671422420
20251125,012320,KR7012320008,경동인베스트,KOSPI,50000,-300,-.6,50200,50800,49800,3979,199144400,2365023,118251150000
20251125,012330,KR7012330007,현대모비스,KOSPI,293500,0,0,296000,297500,291500,104305,30710831000,90732583,26630013110500
20251125,012340,KR7012340006,뉴인텍,KOSDAQ,412,2,.49,411,417,407,152323,62467932,53005062,21838085544
20251125,012450,KR7012450003,한화에어로스페이스,KOSPI,859000,4000,.47,868000,877000,850000,121366,104622364500,51563401,44292961459000
20251125,012510,KR7012510004,더존비즈온,KOSPI,92200,200,.22,92000,94000,91200,118294,10924418000,30382784,2801292684800
20251125,012610,KR7012610002,경인양행,KOSPI,2780,-20,-.71,2895,2895,2765,53912,150232902,41616365,115693494700
20251125,012620,KR7012620001,원일특강,KOSDAQ,7590,-10,-.13,7600,7630,7550,4077,30818650,4400000,33396000000
20251125,012630,KR7012630000,HDC,KOSPI,17310,-130,-.75,17440,17620,17000,134763,2320693695,59741721,1034129190510
20251125,012690,KR7012690004,모나리자,KOSPI,2155,-45,-2.05,2185,2220,2150,93063,202104627,36571255,78811054525
20251125,0126Z0,KR70126Z0002,삼성에피스홀딩스,KOSPI,335500,-103000,-23.49,395000,412000,330000,1690325,613035784250,24883049,8348262939500
20251125,012700,KR7012700001,리드코프,KOSDAQ,3705,0,0,3700,3770,3675,54713,202910880,26446135,97982930175
20251125,012750,KR7012750006,에스원,KOSPI,74400,300,.4,74300,75200,73700,40521,3016399700,37999178,2827138843200
20251125,012790,KR7012790002,신일제약,KOSDAQ,5830,-100,-1.69,5930,5990,5830,19562,114818340,11986415,69880799450
20251125,012800,KR7012800009,대창,KOSPI,1209,-11,-.9,1216,1229,1206,301280,365272869,91140499,110188863291
20251125,012860,KR7012860003,모베이스전자,KOSDAQ,1318,-2,-.15,1311,1335,1311,69919,92100830,73233457,96521696326
20251125,013000,KR7013000005,세우글로벌,KOSPI,1175,0,0,1186,1186,1163,56820,66476411,28705031,33728411425
20251125,013030,KR7013030002,하이록코리아,KOSDAQ,32000,-150,-.47,32400,32700,31800,24986,802668175,11768144,376580608000
20251125,013120,KR7013120001,동원개발,KOSDAQ,2550,5,.2,2540,2620,2515,51006,129188988,90808100,231560655000
20251125,013310,KR7013310008,아진산업,KOSDAQ,2665,-10,-.37,2675,2745,2630,144004,382940045,38806582,103419541030
20251125,013360,KR7013360003,일성건설,KOSPI,1255,-6,-.48,1256,1280,1250,97132,122534511,54024880,67801224400
20251125,013520,KR7013520002,화승코퍼레이션,KOSPI,2050,-40,-1.91,2100,2125,2050,58070,120269829,50051252,102605066600
20251125,013570,KR7013570007,디와이,KOSPI,4210,-55,-1.29,4265,4315,4160,71506,300829850,26319633,110805654930
20251125,013580,KR7013580006,계룡건설,KOSPI,18050,-30,-.17,18000,18180,17920,23482,423365710,8930907,161202871350
20251125,013700,KR7013700000,까뮤이앤씨,KOSPI,1064,-29,-2.65,1093,1107,1059,37959,40694477,59750830,63574883120
20251125,013720,KR7013720008,THE CUBE&,KOSDAQ,710,-7,-.98,711,720,687,101430,71166139,60828143,43187981530
20251125,013810,KR7013810007,스페코,KOSDAQ,2385,-40,-1.65,2390,2500,2385,27538,66045557,14655470,34953295950
20251125,013870,KR7013870001,지엠비코리아,KOSPI,3790,-10,-.26,3800,3835,3790,12133,46162125,19072280,72283941200
20251125,013890,KR7013890009,지누스,KOSPI,11640,-490,-4.04,12190,12270,11560,129481,1524105995,22254576,259043264640
20251125,013990,KR7013990007,아가방컴퍼니,KOSDAQ,4390,-35,-.79,4450,4515,4370,103857,459970736,32887536,144376283040
20251125,014100,KR7014100002,메디앙스,KOSDAQ,1700,35,2.1,1667,1834,1667,49180,85772101,11800000,20060000000
20251125,014130,KR7014130009,한익스프레스,KOSPI,3285,-15,-.45,3275,3295,3230,19563,63511310,12000000,39420000000
20251125,014160,KR7014160006,대영포장,KOSPI,1012,-3,-.3,1016,1029,1008,187831,190812584,108394549,109695283588
20251125,014190,KR7014190003,원익큐브,KOSDAQ,1452,-35,-2.35,1487,1501,1400,148237,216891627,35399906,51400663512
20251125,014200,KR7014200000,광림,KOSDAQ,2950,1080,57.75,1790,3790,1790,1980057,5173460030,15117780,44597451000
20251125,014280,KR7014280002,금강공업,KOSPI,5960,-210,-3.4,6170,6310,5850,1715955,10396951455,29329357,174802967720
20251125,014285,KR7014281000,금강공업우,KOSPI,8480,-400,-4.5,8530,8530,8270,42924,360379910,589875,5002140000
20251125,014440,KR7014440002,영보화학,KOSPI,4815,195,4.22,4620,4815,4620,253744,1204177566,20000000,96300000000
20251125,014470,KR7014470009,부방,KOSDAQ,1342,-47,-3.38,1374,1388,1288,249920,335990637,60052260,80590132920
20251125,014530,KR7014530000,극동유화,KOSPI,3305,-40,-1.2,3335,3375,3300,91194,304251963,34869420,115243433100
20251125,014570,KR7014570006,고려제약,KOSDAQ,4270,-50,-1.16,4320,4390,4250,5431,23218897,11000000,46970000000
20251125,014580,KR7014580005,태경비케이,KOSPI,4750,-40,-.84,4800,4850,4715,71900,343030642,27583100,131019725000
20251125,014620,KR7014620009,성광벤드,KOSDAQ,26200,-150,-.57,26650,26950,26050,80134,2114859050,26557364,695802936800
20251125,014680,KR7014680003,한솔케미칼,KOSPI,231000,21000,10,217000,232500,213500,110389,25120978250,11335195,2618430045000
20251125,014710,KR7014710008,사조씨푸드,KOSPI,7690,-310,-3.88,8060,8090,7600,126144,994090405,17218543,132410595670
20251125,014790,KR7014790000,HL D&I,KOSPI,2545,-50,-1.93,2610,2610,2530,76951,196935108,37858601,96350139545
20251125,014820,KR7014820005,동원시스템즈,KOSPI,25700,-550,-2.1,26250,26500,25700,22941,594717975,28991282,745075947400
20251125,014825,KR7014821003,동원시스템즈우,KOSPI,17890,130,.73,17620,17890,17620,83,1462730,264111,4724945790
20251125,014830,KR7014830004,유니드,KOSPI,63500,-400,-.63,64800,64800,63100,12888,819585650,6767600,429742600000
20251125,014910,KR7014910004,성문전자,KOSPI,1050,-4,-.38,1049,1056,1043,21843,22856731,22460985,23584034250
20251125,014915,KR7014911002,성문전자우,KOSPI,4370,160,3.8,4250,4370,4250,79,339450,600000,2622000000
20251125,014940,KR7014940001,오리엔탈정공,KOSDAQ,8240,-70,-.84,8420,8580,8130,293275,2423397870,45573661,375526966640
20251125,014950,KR7014950000,삼익제약,KOSDAQ,18150,1720,10.47,16560,19500,16400,7258015,133941542465,9171413,166461145950
20251125,014970,KR7014970008,삼륭물산,KOSDAQ,7680,110,1.45,7670,8640,7160,3125145,25468481215,15125000,116160000000
20251125,014990,KR7014990006,인디에프,KOSPI,911,19,2.13,892,921,892,269954,245582705,75112995,68427938445
20251125,015020,KR7015020001,이스타코,KOSPI,532,-10,-1.85,541,542,523,120798,64609210,42851600,22797051200
20251125,015230,KR7015230006,대창단조,KOSPI,6410,-180,-2.73,6650,6650,6410,77504,501991985,28572230,183147994300
20251125,015260,KR7015260003,에이엔피,KOSPI,455,9,2.02,447,465,447,59857,27388917,45116894,20528186770
20251125,015360,KR7015360001,INVENI,KOSPI,62000,1000,1.64,61500,62800,61300,7953,493105800,5700000,353400000000
20251125,015590,KR7015590003,DKME,KOSPI,515,0,0,0,0,0,0,0,236981544,122045495160
20251125,015710,KR7015710007,코콤,KOSDAQ,3530,-10,-.28,3515,3595,3515,10185,36109700,17530500,61882665000
20251125,015750,KR7015750003,성우하이텍,KOSDAQ,6180,30,.49,6280,6310,6100,338209,2095035400,80000000,494400000000
20251125,015760,KR7015760002,한국전력,KOSPI,51500,3300,6.85,49300,51900,48650,9230819,465687359500,641964077,33061149965500
20251125,015860,KR7015860000,일진홀딩스,KOSPI,7430,-80,-1.07,7580,7770,7340,181529,1356111895,49347483,366651798690
20251125,015890,KR7015890007,태경산업,KOSPI,5120,-20,-.39,5140,5180,5100,26493,135503250,29228750,149651200000
20251125,016090,KR7016090003,대현,KOSPI,1728,13,.76,1716,1732,1704,41698,71402296,44282310,76519831680
20251125,016100,KR7016100000,리더스코스메틱,KOSDAQ,2125,-30,-1.39,2185,2190,2075,15946,33788155,19100894,40589399750
20251125,016250,KR7016250003,SGC E&C,KOSDAQ,13500,-120,-.88,13800,13800,13380,1050,14134810,5036986,67999311000
20251125,016360,KR7016360000,삼성증권,KOSPI,77600,-1700,-2.14,80100,80100,77100,258089,20213635500,89300000,6929680000000
20251125,016380,KR7016380008,KG스틸,KOSPI,5240,-40,-.76,5300,5370,5230,113999,601505155,100008897,524046620280
20251125,016450,KR7016450009,한세예스24홀딩스,KOSPI,4270,5,.12,4295,4300,4210,35083,148595109,40000000,170800000000
20251125,016580,KR7016580003,환인제약,KOSPI,11270,-130,-1.14,11450,11490,11250,15331,173817810,18600070,209622788900
20251125,016590,KR7016590002,신대양제지,KOSPI,14150,400,2.91,13750,14500,13750,38278,542894920,40297820,570214153000
20251125,016600,KR7016600009,큐캐피탈,KOSDAQ,241,-1,-.41,242,243,240,73203,17618871,178247112,42957553992
20251125,016610,KR7016610008,DB증권,KOSPI,9760,-190,-1.91,10010,10130,9660,185287,1825821560,42446389,414276756640
20251125,016670,KR7016670002,디모아,KOSDAQ,4920,90,1.86,4830,5010,4805,11331,55648550,7594234,37363631280
20251125,016710,KR7016710006,대성홀딩스,KOSPI,8420,0,0,8420,8540,8360,8942,74995400,16089459,135473244780
20251125,016740,KR7016740003,두올,KOSPI,3755,-25,-.66,3780,3840,3755,89968,342359240,28674024,107670960120
20251125,016790,KR7016790008,현대사료,KOSDAQ,994,0,0,0,0,0,0,0,188471729,187340898626
20251125,016800,KR7016800005,퍼시스,KOSPI,45050,-550,-1.21,45150,46300,45000,2803,127478450,11500000,518075000000
20251125,016880,KR7016880007,웅진,KOSPI,2710,-130,-4.58,2865,2865,2675,1589984,4344367574,79927080,216602386800
20251125,016920,KR7016920001,카스,KOSDAQ,1070,13,1.23,1077,1080,1055,60546,64600132,26493538,28348085660
20251125,017000,KR7017000001,신원종합개발,KOSDAQ,2590,30,1.17,2560,2615,2540,26663,68412712,11668027,30220189930
20251125,017040,KR7017040007,광명전기,KOSPI,1272,12,.95,1260,1291,1260,71460,91001631,43337615,55125446280
20251125,017180,KR7017180001,명문제약,KOSPI,1709,-26,-1.5,1738,1749,1696,44453,76209745,33953454,58026452886
20251125,017250,KR7017250002,인터엠,KOSDAQ,1009,9,.9,1000,1011,1000,51614,51718433,21045467,21234876203
20251125,017370,KR7017370008,우신시스템,KOSPI,6000,-40,-.66,6050,6080,5980,35425,212828275,18314054,109884324000
20251125,017390,KR7017390006,서울가스,KOSPI,64400,-400,-.62,64600,65500,64200,7936,512676100,5000000,322000000000
20251125,017480,KR7017480005,삼현철강,KOSDAQ,4560,0,0,4530,4570,4530,3718,16898385,15702890,71605178400
20251125,017510,KR7017510009,세명전기,KOSDAQ,8770,-80,-.9,8980,9180,8730,238995,2121012170,15246000,133707420000
20251125,017550,KR7017550005,수산세보틱스,KOSPI,1785,6,.34,1781,1841,1750,184156,327427964,62399130,111382447050
20251125,017650,KR7017650003,대림제지,KOSDAQ,7170,-20,-.28,7190,7290,7170,2618,18832910,9000000,64530000000
20251125,017670,KR7017670001,SK텔레콤,KOSPI,53500,-600,-1.11,53900,54000,53500,741627,39796253350,214790053,11491267835500
20251125,017800,KR7017800004,현대엘리베이터,KOSPI,81500,1900,2.39,81800,82800,80900,278828,22777062050,39092385,3186029377500
20251125,017810,KR7017810003,풀무원,KOSPI,13250,-200,-1.49,13480,13650,13190,86130,1149196300,38120542,505097181500
20251125,017860,KR7017860008,DS단석,KOSPI,18700,-30,-.16,18800,19030,18570,49492,925971100,17584212,328824764400
20251125,017890,KR7017890005,한국알콜,KOSDAQ,10520,330,3.24,10240,10540,10240,50623,525958580,21273506,223797283120
20251125,017900,KR7017900002,광전자,KOSPI,1813,-57,-3.05,1839,1860,1804,45154,81962028,57943763,105052042319
20251125,017940,KR7017940008,E1,KOSPI,82900,-100,-.12,83400,84700,81700,21049,1751785050,6860000,568694000000
20251125,017960,KR7017960006,한국카본,KOSPI,26600,-600,-2.21,27700,27700,26400,377028,10128629875,51908452,1380764823200
20251125,018000,KR7018000000,유니슨,KOSDAQ,1143,-12,-1.04,1165,1189,1130,887115,1023812795,221714182,253419310026
20251125,018120,KR7018120006,진로발효,KOSDAQ,18780,60,.32,18850,18850,18660,2243,42016605,6621120,124344633600
20251125,018250,KR7018250001,애경산업,KOSPI,13420,-150,-1.11,13610,13700,13150,28631,386495815,26409935,354421327700
20251125,018260,KR7018260000,삼성에스디에스,KOSPI,167800,1000,.6,169000,169900,166900,100784,16939088750,77377800,12983994840000
20251125,018290,KR7018290007,브이티,KOSDAQ,19450,-520,-2.6,20050,20250,19370,245170,4827292885,34941838,679618749100
20251125,018310,KR7018310003,삼목에스폼,KOSDAQ,19700,-160,-.81,19900,19990,19630,5908,117021200,14700000,289590000000
20251125,018470,KR7018470005,조일알미늄,KOSPI,1234,-6,-.48,1245,1251,1221,387122,476933306,126631721,156263543714
20251125,018500,KR7018500009,동원금속,KOSPI,1271,-16,-1.24,1290,1298,1266,88385,113050736,46754933,59425519843
20251125,018620,KR7018620005,우진비앤지,KOSDAQ,860,-8,-.92,862,899,841,65121,57292879,28889293,24844791980
20251125,018670,KR7018670000,SK가스,KOSPI,243500,-3000,-1.22,248500,249500,242500,8762,2149156000,9245244,2251216914000
20251125,018680,KR7018680009,서울제약,KOSDAQ,2985,-60,-1.97,3045,3180,2980,10471,31533334,11659319,34803067215
20251125,018700,KR7018700005,바른손,KOSDAQ,890,-11,-1.22,901,910,890,30757,27629488,35119757,31256583730
20251125,018880,KR7018880005,한온시스템,KOSPI,3530,-50,-1.4,3625,3670,3455,1888866,6666152966,678762552,2396031808560
20251125,019010,KR7019010008,베뉴지,KOSDAQ,2440,10,.41,2430,2445,2415,35169,85433150,48200000,117608000000
20251125,019170,KR7019170000,신풍제약,KOSPI,14200,590,4.34,13740,14330,13700,400492,5633439715,52984990,752386858000
20251125,019175,KR7019171008,신풍제약우,KOSPI,24900,400,1.63,24800,25300,24550,3871,96017250,2200000,54780000000
20251125,019180,KR7019180009,티에이치엔,KOSPI,6350,-70,-1.09,6440,6640,6250,454179,2922845485,18000000,114300000000
20251125,019210,KR7019210004,와이지-원,KOSDAQ,4950,-110,-2.17,5070,5150,4945,433334,2164748914,33573819,166190404050
20251125,019440,KR7019440007,세아특수강,KOSPI,15590,-110,-.7,15790,15790,15560,6074,94909560,8570000,133606300000
20251125,019490,KR7019490002,엑시큐어하이트론,KOSPI,541,0,0,0,0,0,0,0,76432270,41349858070
20251125,019540,KR7019540004,일지테크,KOSDAQ,3975,-80,-1.97,4000,4040,3960,36822,146520580,13513500,53716162500
20251125,019550,KR7019550003,SBI인베스트먼트,KOSDAQ,664,-6,-.9,679,684,660,357864,238671732,162066575,107612205800
20251125,019570,KR7019570001,플루토스,KOSDAQ,277,-3,-1.07,280,286,276,273572,76422266,67110042,18589481634
20251125,019660,KR7019660000,글로본,KOSDAQ,2670,80,3.09,2555,2985,2555,16100,43877632,13944333,37231369110
20251125,019680,KR7019680008,대교,KOSPI,1996,15,.76,1969,2000,1962,112436,222329134,84702850,169066888600
20251125,019685,KR7019681006,대교우B,KOSPI,1218,-1,-.08,1203,1224,1200,4716,5677596,19426990,23662073820
20251125,019770,KR7019770007,서연탑메탈,KOSDAQ,3665,-25,-.68,3690,3700,3620,18690,68244760,11650000,42697250000
20251125,019990,KR7019990001,에너토크,KOSDAQ,7170,-90,-1.24,7300,7540,7080,91163,657057935,9756088,69951150960
20251125,020000,KR7020000006,한섬,KOSPI,15690,40,.26,15650,15800,15550,68384,1070766215,22437747,352048250430
20251125,020120,KR7020120002,키다리스튜디오,KOSPI,3460,-30,-.86,3490,3565,3450,61811,214814840,37063766,128240630360
20251125,020150,KR7020150009,롯데에너지머티리얼즈,KOSPI,42750,1750,4.27,42850,44650,41700,1429639,61883365850,52365463,2238623543250
20251125,020180,KR7020180006,대신정보통신,KOSDAQ,994,1,.1,999,1012,985,109893,109092125,38428915,38198341510
20251125,020400,KR7020400008,대동금속,KOSDAQ,6180,80,1.31,6060,6180,5930,34027,205766200,3189166,19709045880
20251125,020560,KR7020560009,아시아나항공,KOSPI,8200,-30,-.36,8240,8310,8200,56510,465138370,205990711,1689123830200
20251125,020710,KR7020710000,시공테크,KOSDAQ,4020,-10,-.25,4030,4080,3985,75173,301546917,20047970,80592839400
20251125,020760,KR7020760005,일진디스플,KOSPI,902,0,0,0,0,0,0,0,51513741,46465394382
20251125,021040,KR7021040001,대호특수강,KOSDAQ,1288,-12,-.92,1294,1310,1285,12144,15682917,21704774,27955748912
20251125,021045,KR7021041009,대호특수강우,KOSDAQ,2830,20,.71,2810,2840,2780,2621,7313435,848492,2401232360
20251125,021050,KR7021050000,서원,KOSPI,1020,-3,-.29,1030,1034,1011,105790,107868669,47474590,48424081800
20251125,021080,KR7021080007,에이티넘인베스트,KOSDAQ,2605,-20,-.76,2650,2660,2575,164232,428525417,48000000,125040000000
20251125,021240,KR7021240007,코웨이,KOSPI,89000,3300,3.85,85700,89500,85700,213187,18727050850,71909133,6399912837000
20251125,021320,KR7021320007,KCC건설,KOSDAQ,4915,0,0,4980,4980,4865,5287,25968320,21400000,105181000000
20251125,021650,KR7021650007,한국큐빅,KOSDAQ,2250,5,.22,2220,2325,2220,32858,74506635,16350563,36788766750
20251125,021820,KR7021820006,세원정공,KOSPI,12020,-180,-1.48,12110,12300,11890,11735,142598820,10000000,120200000000
20251125,021880,KR7021880000,메이슨캐피탈,KOSDAQ,249,-2,-.8,251,263,248,217430,54942878,212184408,52833917592
20251125,022100,KR7022100002,포스코DX,KOSPI,23600,-200,-.84,24000,24650,23450,354074,8440161625,152034729,3588019604400
20251125,022220,KR7022220008,티케이지애강,KOSDAQ,714,-7,-.97,713,729,692,265207,187061996,51794579,36981329406
20251125,023000,KR7023000003,삼원강재,KOSPI,2415,45,1.9,2395,2435,2365,53882,129091262,40000000,96600000000
20251125,023150,KR7023150006,MH에탄올,KOSPI,4935,-15,-.3,4970,5000,4900,2780,13788370,7378526,36413025810
20251125,023160,KR7023160005,태광,KOSDAQ,22200,-100,-.45,22450,22750,21900,254921,5657305425,26500000,588300000000
20251125,023350,KR7023350002,한국종합기술,KOSPI,4565,55,1.22,4560,4575,4500,15865,71939645,10950000,49986750000
20251125,023410,KR7023410004,유진기업,KOSDAQ,3445,-5,-.14,3465,3470,3425,72624,250355855,77310863,266335923035
20251125,023440,KR7023440001,제이스코홀딩스,KOSDAQ,661,-14,-2.07,680,690,645,902634,595619980,88616044,58575205084
20251125,023450,KR7023450000,동남합성,KOSPI,30000,150,.5,29950,30050,29750,1010,30154100,3500000,105000000000
20251125,023530,KR7023530009,롯데쇼핑,KOSPI,71100,-500,-.7,72100,72100,70700,51215,3645434000,28288755,2011330480500
20251125,023590,KR7023590003,다우기술,KOSPI,35800,0,0,36200,36600,35300,50122,1791170100,44866617,1606224888600
20251125,023600,KR7023600000,삼보판지,KOSDAQ,9000,0,0,8980,9180,8940,9117,81931970,16008300,144074700000
20251125,023760,KR7023760002,한국캐피탈,KOSDAQ,818,-3,-.37,821,825,813,228674,186799016,315609576,258168633168
20251125,023770,KR7023770001,플레이위드,KOSDAQ,3705,325,9.62,3480,3860,3480,195393,717603833,8946495,33146763975
20251125,023790,KR7023790009,동일스틸럭스,KOSDAQ,1626,-9,-.55,1636,1650,1551,436252,697153104,26139617,42503017242
20251125,023800,KR7023800006,인지컨트롤스,KOSPI,5860,-40,-.68,5960,5980,5860,17547,103392200,15809197,92641894420
20251125,023810,KR7023810005,인팩,KOSPI,6170,40,.65,6140,6230,6040,8480,51720330,10000000,61700000000
20251125,023900,KR7023900004,풍국주정,KOSDAQ,9240,-20,-.22,9340,9340,9150,3459,31888100,12600000,116424000000
20251125,023910,KR7023910003,대한약품,KOSDAQ,29550,-100,-.34,29700,30050,29500,4444,132118575,6000000,177300000000
20251125,023960,KR7023960008,에쓰씨엔지니어링,KOSPI,1161,-46,-3.81,1217,1225,1160,123353,145917519,38035975,44159766975
20251125,024060,KR7024060006,흥구석유,KOSDAQ,11980,-40,-.33,12070,12160,11960,54467,654791270,15000000,179700000000
20251125,024070,KR7024070005,WISCOM,KOSPI,1829,-3,-.16,1829,1912,1827,1446,2646809,15326438,28032055102
20251125,024090,KR7024090003,디씨엠,KOSPI,12370,40,.32,12300,12490,12230,6041,74731180,11400000,141018000000
20251125,024110,KR7024110009,기업은행,KOSPI,20150,50,.25,20300,20400,20000,836061,16892489700,797425869,16068131260350
20251125,024120,KR7024120008,KB오토시스,KOSDAQ,3410,5,.15,3440,3440,3365,6317,21358915,11500000,39215000000
20251125,024720,KR7024720005,콜마홀딩스,KOSPI,10100,-350,-3.35,10400,10530,10070,150709,1539340060,34296259,346392215900
20251125,024740,KR7024740003,한일단조,KOSDAQ,2095,5,.24,2095,2145,2095,93087,196444200,32897049,68919317655
20251125,024800,KR7024800005,유성티엔에스,KOSDAQ,2350,-10,-.42,2370,2405,2310,17172,40113505,37051812,87071758200
20251125,024830,KR7024830002,세원물산,KOSDAQ,10440,-60,-.57,10420,10590,10420,3239,33976760,8350000,87174000000
20251125,024840,KR7024840001,KBI메탈,KOSDAQ,1630,-16,-.97,1661,1679,1620,152606,250251879,34909199,56901994370
20251125,024850,KR7024850000,HLB이노베이션,KOSDAQ,1630,25,1.56,1610,1644,1610,51112,83125648,144536112,235593862560
20251125,024880,KR7024880007,케이피에프,KOSDAQ,5230,-120,-2.24,5350,5380,5190,88836,467620410,20682798,108171033540
20251125,024890,KR7024890006,대원화성,KOSPI,765,-5,-.65,775,780,755,11938,9106256,41249152,31555601280
20251125,024900,KR7024900003,디와이덕양,KOSPI,2130,35,1.67,2105,2140,2080,62034,130714650,32564980,69363407400
20251125,024910,KR7024910002,경창산업,KOSDAQ,1419,-4,-.28,1413,1452,1411,34571,49002108,35819005,50827168095
20251125,024940,KR7024940009,PN풍년,KOSDAQ,5140,-60,-1.15,5200,5250,5060,59964,307920060,10000000,51400000000
20251125,024950,KR7024950008,삼천리자전거,KOSDAQ,4025,-75,-1.83,4100,4155,3935,26511,107432001,13273577,53426147425
20251125,025000,KR7025000001,KPX케미칼,KOSPI,52900,500,.95,52400,53600,52100,15861,842863700,4840000,256036000000
20251125,025320,KR7025320003,시노펙스,KOSDAQ,5800,-10,-.17,5900,5950,5730,271529,1591426860,87733546,508854566800
20251125,025440,KR7025440009,DH오토웨어,KOSDAQ,730,10,1.39,730,737,717,31109,22482661,48781224,35610293520
20251125,025530,KR7025530007,SJM홀딩스,KOSPI,3725,5,.13,3725,3745,3705,4127,15361312,14934008,55629179800
20251125,025540,KR7025540006,한국단자,KOSPI,59800,0,0,60400,60600,59100,17848,1068863100,10115000,604877000000
20251125,025550,KR7025550005,한국선재,KOSDAQ,3410,25,.74,3395,3470,3395,97558,333891855,25514004,87002753640
20251125,025560,KR7025560004,미래산업,KOSPI,12520,790,6.73,11900,12570,11860,40287,492170190,4482654,56122828080
20251125,025620,KR7025620006,제이준코스메틱,KOSPI,11550,-530,-4.39,11710,12070,11360,43947,510969440,8479500,97938225000
20251125,025750,KR7025750001,한솔홈데코,KOSPI,629,-7,-1.1,631,641,628,229768,145050251,80565149,50675478721
20251125,025770,KR7025770009,한국정보통신,KOSDAQ,7720,-50,-.64,7780,7880,7690,11593,89743060,37444271,289069772120
20251125,025820,KR7025820002,이구산업,KOSPI,4530,-20,-.44,4560,4650,4500,165026,750678370,33442000,151492260000
20251125,025860,KR7025860008,남해화학,KOSPI,6400,-40,-.62,6480,6500,6370,27879,179196370,49678843,317944595200
20251125,025870,KR7025870007,신라에스지,KOSDAQ,5420,270,5.24,5160,6130,5150,278773,1571551015,4000000,21680000000
20251125,025880,KR7025880006,케이씨피드,KOSDAQ,2675,-30,-1.11,2700,2705,2675,31968,85809145,16715858,44714920150
20251125,025890,KR7025890005,한국주강,KOSPI,1667,17,1.03,1651,1668,1646,9455,15597938,11309259,18852534753
20251125,025900,KR7025900002,동화기업,KOSDAQ,8620,-30,-.35,8670,8970,8540,43524,375827640,50557285,435803796700
20251125,025950,KR7025950007,동신건설,KOSDAQ,13510,-200,-1.46,13650,13900,13320,9345,126408600,8400000,113484000000
20251125,025980,KR7025980004,아난티,KOSDAQ,7180,180,2.57,7040,7270,7010,1406623,10042732270,94699536,679942668480
20251125,026040,KR7026040006,제이에스티나,KOSDAQ,2985,100,3.47,2860,3065,2860,208464,624656257,16503790,49263813150
20251125,026150,KR7026150003,특수건설,KOSDAQ,5510,-70,-1.25,5580,5640,5460,47874,264719390,17546331,96680283810
20251125,026890,KR7026890004,스틱인베스트먼트,KOSPI,10760,640,6.32,10120,11000,10120,271809,2919013790,41678175,448457163000
20251125,026910,KR7026910000,광진실업,KOSDAQ,2500,-45,-1.77,2545,2555,2500,3908,9898935,6405405,16013512500
20251125,026940,KR7026940007,부국철강,KOSPI,2055,-15,-.72,2050,2085,2040,17790,36522700,20000000,41100000000
20251125,026960,KR7026960005,동서,KOSPI,27350,-750,-2.67,28350,28350,27350,68822,1905184725,99700000,2726795000000
20251125,027040,KR7027040005,서울전자통신,KOSDAQ,183,-5,-2.66,194,204,179,1946393,360897133,69588847,12734759001
20251125,027050,KR7027050004,코리아나,KOSDAQ,2280,-45,-1.94,2315,2345,2280,345667,796501549,40000000,91200000000
20251125,027360,KR7027360007,아주IB투자,KOSDAQ,1933,-24,-1.23,1961,2005,1913,522051,1011751873,121145406,234174069798
20251125,027410,KR7027410000,BGF,KOSPI,3905,-100,-2.5,4035,4035,3890,117395,462062551,95716791,373774068855
20251125,027580,KR7027580000,상보,KOSDAQ,767,5,.66,762,775,758,150886,115726037,59181279,45392040993
20251125,027710,KR7027710003,팜스토리,KOSDAQ,1143,-14,-1.21,1157,1160,1140,219670,252224179,111416600,127349173800
20251125,027740,KR7027740000,마니커,KOSPI,771,-3,-.39,774,790,768,161477,125443230,63511228,48967156788
20251125,027830,KR7027830009,대성창투,KOSDAQ,1460,-23,-1.55,1480,1505,1455,180649,266033089,54000000,78840000000
20251125,027970,KR7027970003,한국제지,KOSPI,733,2,.27,735,735,727,66574,48625322,190178237,139400647721
20251125,028050,KR7028050003,삼성E&A,KOSPI,25100,-250,-.99,25600,25800,24950,505292,12771309125,196000000,4919600000000
20251125,028080,KR7028080000,휴맥스홀딩스,KOSDAQ,1518,-27,-1.75,1525,1588,1518,6041,9238071,12577506,19092654108
20251125,028100,KR7028100006,동아지질,KOSPI,15670,40,.26,15640,15800,15400,33937,526445380,13389502,209813496340
20251125,028260,KR7028260008,삼성물산,KOSPI,228500,10500,4.82,225000,230500,223500,468197,106179635500,169976544,38839640304000
20251125,02826K,KR702826K016,삼성물산우B,KOSPI,141500,3600,2.61,143000,145000,139500,11559,1636626150,1467590,207663985000
20251125,028300,KR7028300002,HLB,KOSDAQ,45800,1650,3.74,44800,46150,44450,365713,16658681550,131833110,6037956438000
20251125,028670,KR7028670008,팬오션,KOSPI,3670,5,.14,3700,3710,3655,626579,2308551780,534569512,1961870109040
20251125,029460,KR7029460003,케이씨,KOSPI,24600,400,1.65,24600,25200,24050,20402,502583250,13231263,325489069800
20251125,029480,KR7029480001,광무,KOSDAQ,2125,0,0,2130,2150,2090,174367,369400862,63635826,135226130250
20251125,029530,KR7029530003,신도리코,KOSPI,45450,-600,-1.3,45500,45750,44650,9135,414033825,10080029,458137318050
20251125,029780,KR7029780004,삼성카드,KOSPI,54000,500,.93,53300,54700,53300,81468,4409633850,115858891,6256380114000
20251125,030000,KR7030000004,제일기획,KOSPI,22500,0,0,22550,22800,22350,236158,5322440225,115041225,2588427562500
20251125,030190,KR7030190003,NICE평가정보,KOSPI,16920,170,1.01,16820,17090,16690,74629,1263151015,59506593,1006851553560
20251125,030200,KR7030200000,KT,KOSPI,49850,-250,-.5,50000,50300,49500,209771,10477363881,252021685,12563280997250
20251125,030210,KR7030210009,다올투자증권,KOSPI,3330,-20,-.6,3360,3410,3325,104753,350962360,60911106,202833982980
20251125,030350,KR7030350003,드래곤플라이,KOSDAQ,973,0,0,0,0,0,0,0,13877794,13503093562
20251125,030520,KR7030520001,한글과컴퓨터,KOSDAQ,23150,800,3.58,22850,23550,22650,130477,3023428075,24179744,559761073600
20251125,030530,KR7030530000,원익홀딩스,KOSDAQ,24550,2500,11.34,23000,25000,22150,3714141,89028285375,77237981,1896192433550
20251125,030610,KR7030610000,교보증권,KOSPI,9110,10,.11,9250,9280,9010,91022,828016655,113962961,1038202574710
20251125,030720,KR7030720007,동원수산,KOSPI,6040,120,2.03,5920,6140,5920,106689,643501085,4653805,28108982200
20251125,030960,KR7030960009,양지사,KOSDAQ,8750,30,.34,8590,8760,8590,65440,566579730,15980000,139825000000
20251125,031210,KR7031210008,서울보증보험,KOSPI,48450,-100,-.21,49000,49950,48350,43862,2142099700,69821598,3382856423100
20251125,031310,KR7031310006,아이즈비전,KOSDAQ,1401,-6,-.43,1405,1417,1397,45623,63969387,26355043,36923415243
20251125,031330,KR7031330004,에스에이엠티,KOSDAQ,3490,-60,-1.69,3600,3620,3465,1525750,5349414714,99995067,348982783830
20251125,031430,KR7031430002,신세계인터내셔날,KOSPI,10050,-100,-.99,10150,10250,10010,33549,338982700,35343000,355197150000
20251125,031440,KR7031440001,신세계푸드,KOSPI,40750,-350,-.85,41100,41150,40300,5259,213873925,3872480,157803560000
20251125,031510,KR7031510001,오스템,KOSDAQ,1032,4,.39,1028,1032,1017,27739,28473836,28000000,28896000000
20251125,031820,KR7031820004,아이티센씨티에스,KOSPI,570,-4,-.7,572,585,569,136309,78047934,121051466,68999335620
20251125,031860,KR7031860000,디에이치엑스컴퍼니,KOSDAQ,702,12,1.74,690,706,686,73783,51224161,18985423,13327766946
20251125,031980,KR7031980006,피에스케이홀딩스,KOSDAQ,42150,-1800,-4.1,45400,45550,42000,176304,7613626950,21562395,908854949250
20251125,032080,KR7032080004,아즈텍WB,KOSDAQ,1252,7,.56,1235,1280,1190,23414,28925118,21491029,26906768308
20251125,032190,KR7032190001,다우데이타,KOSDAQ,16480,20,.12,16740,16930,16410,62409,1037539300,38300000,631184000000
20251125,032280,KR7032280000,삼일,KOSDAQ,1411,13,.93,1399,1415,1384,53855,75022855,16213590,22877375490
20251125,032300,KR7032300006,한국파마,KOSDAQ,13490,90,.67,13400,13600,13380,3796,51090350,10906701,147131396490
20251125,032350,KR7032350001,롯데관광개발,KOSPI,20700,-1250,-5.69,21950,22300,20275,1611531,33901605500,79539484,1646467318800
20251125,032500,KR7032500001,케이엠더블유,KOSDAQ,14470,350,2.48,14510,14560,14000,188997,2684159875,40905109,591896927230
20251125,032540,KR7032540007,TJ미디어,KOSDAQ,5350,-60,-1.11,5360,5460,5340,2756,14803450,13931609,74534108150
20251125,032560,KR7032560005,황금에스티,KOSPI,6080,-30,-.49,6110,6140,6020,16868,102720660,17000000,103360000000
20251125,032580,KR7032580003,피델릭스,KOSDAQ,1091,-6,-.55,1132,1133,1088,128277,141885066,33132064,36147081824
20251125,032620,KR7032620007,유비케어,KOSDAQ,3780,-50,-1.31,3835,3895,3765,111635,424706340,52197139,197305185420
20251125,032640,KR7032640005,LG유플러스,KOSPI,15200,-730,-4.58,16000,16000,15110,940266,14432916330,429828355,6533390996000
20251125,032680,KR7032680001,소프트센,KOSDAQ,263,-1,-.38,262,265,261,267367,70071654,105590764,27770370932
20251125,032685,KR7032681009,소프트센우,KOSDAQ,6110,-160,-2.55,6080,6190,6080,60,365510,357142,2182137620
20251125,032750,KR7032750002,삼진,KOSDAQ,3530,5,.14,3525,3545,3485,28434,100238135,9031122,31879860660
20251125,032790,KR7032790008,엠젠솔루션,KOSDAQ,1013,-29,-2.78,1033,1074,1012,104904,107913778,48622435,49254526655
20251125,032800,KR7032800005,판타지오,KOSDAQ,518,-10,-1.89,530,535,518,70828,37246241,45957058,23805756044
20251125,032820,KR7032820003,우리기술,KOSDAQ,3745,125,3.45,3670,3820,3670,3103799,11563397901,166647878,624096303110
20251125,032830,KR7032830002,삼성생명,KOSPI,146700,1900,1.31,149100,150400,145400,191417,28112534550,200000000,29340000000000
20251125,032850,KR7032850000,비트컴퓨터,KOSDAQ,4705,-85,-1.77,4820,4845,4685,84771,400853583,16623293,78212593565
20251125,032860,KR7032860009,더라미,KOSDAQ,1266,-134,-9.57,1410,1419,1248,586295,749507592,40395863,51141162558
20251125,032940,KR7032940009,원익,KOSDAQ,7030,-20,-.28,7200,7330,7010,230960,1653168720,18193230,127898406900
20251125,032960,KR7032960007,동일기연,KOSDAQ,13130,-30,-.23,13130,13260,12900,5713,74941700,4118595,54077152350
20251125,032980,KR7032980005,바이온,KOSDAQ,604,0,0,0,0,0,0,0,30388995,18354952980
20251125,033050,KR7033050006,제이엠아이,KOSDAQ,798,-2,-.25,787,798,782,16293,12833870,32579342,25998314916
20251125,033100,KR7033100009,제룡전기,KOSDAQ,33050,-350,-1.05,33900,34450,33000,78742,2631747400,16062409,530862617450
20251125,033130,KR7033130006,디지틀조선,KOSDAQ,1483,-16,-1.07,1499,1514,1482,87475,130826786,37115267,55041940961
20251125,033160,KR7033160003,엠케이전자,KOSDAQ,8280,320,4.02,8110,8440,8110,144081,1203336340,22583214,186989011920
20251125,033170,KR7033170002,시그네틱스,KOSDAQ,800,94,13.31,732,917,732,25948050,22289570529,85728319,68582655200
20251125,033180,KR7033180001,KH 필룩스,KOSPI,5310,0,0,0,0,0,0,0,26020020,138166306200
20251125,033200,KR7033200007,모아텍,KOSDAQ,3015,-40,-1.31,3105,3110,3000,2144,6523435,14331185,43208522775
20251125,033230,KR7033230004,인성정보,KOSDAQ,1783,-16,-.89,1806,1848,1772,379220,682774365,50515380,90068922540
20251125,033240,KR7033240003,자화전자,KOSPI,17180,350,2.08,17030,17570,16910,98427,1698402140,21756636,373779006480
20251125,033250,KR7033250002,체시스,KOSPI,1040,17,1.66,1026,1115,1014,894434,946401883,32000000,33280000000
20251125,033270,KR7033270000,유나이티드제약,KOSPI,19040,-420,-2.16,19640,19640,19040,32102,616420665,16333822,310995970880
20251125,033290,KR7033290008,코웰패션,KOSDAQ,2050,20,.99,2055,2055,1999,59651,121137839,56156301,115120417050
20251125,033310,KR7033310004,엠투엔,KOSDAQ,1725,-28,-1.6,1753,1784,1725,59867,104185043,40342231,69590348475
20251125,033320,KR7033320003,제이씨현시스템,KOSDAQ,4240,-35,-.82,4270,4455,4220,67094,286976587,19114432,81045191680
20251125,033340,KR7033340001,좋은사람들,KOSDAQ,1470,55,3.89,1421,1508,1421,1835388,2705446161,96950558,142517320260
20251125,033500,KR7033500000,동성화인텍,KOSDAQ,24450,-1900,-7.21,26800,26800,24250,330299,8268573325,29989494,733243128300
20251125,033530,KR7033530007,SJG세종,KOSPI,8110,-90,-1.1,8260,8370,8040,313849,2566279585,27820961,225627993710
20251125,033540,KR7033540006,파라텍,KOSDAQ,1107,-8,-.72,1101,1126,1097,95629,105617569,37751063,41790426741
20251125,033560,KR7033560004,블루콤,KOSDAQ,2760,-55,-1.95,2815,2820,2685,85020,232983455,17100000,47196000000
20251125,033640,KR7033640004,네패스,KOSDAQ,16880,560,3.43,16860,17250,16660,78154,1328081725,23059202,389239329760
20251125,033780,KR7033780008,KT&G,KOSPI,140200,-6300,-4.3,146400,146500,139800,322552,45781419250,117976645,16540325629000
20251125,033790,KR7033790007,피노,KOSDAQ,3865,-5,-.13,3865,4015,3820,75214,293128617,68037321,262964245665
20251125,033830,KR7033830001,티비씨,KOSDAQ,607,-10,-1.62,614,619,606,52851,32221374,100000000,60700000000
20251125,033920,KR7033920000,무학,KOSPI,7960,-100,-1.24,8160,8160,7920,65977,527885930,28500000,226860000000
20251125,034020,KR7034020008,두산에너빌리티,KOSPI,73500,1000,1.38,74500,75300,72800,2759653,204203996250,640561146,47081244231000
20251125,034120,KR7034120006,SBS,KOSPI,19230,30,.16,19230,19350,19100,11076,212526050,18551238,356740306740
20251125,034220,KR7034220004,LG디스플레이,KOSPI,12230,10,.08,12370,12430,12130,1202464,14741918440,500000000,6115000000000
20251125,034230,KR7034230003,파라다이스,KOSPI,16730,-570,-3.29,17330,17550,16670,1525839,25851607365,92405559,1545945002070
20251125,034310,KR7034310003,NICE,KOSPI,13840,0,0,13850,13860,13580,91519,1256817210,37128442,513857637280
20251125,034590,KR7034590000,인천도시가스,KOSPI,26000,-200,-.76,26000,26200,25900,5027,130713825,4374754,113743604000
20251125,034730,KR7034730002,SK,KOSPI,249000,-500,-.2,257500,262000,248500,158349,39927204750,72502703,18053173047000
20251125,03473K,KR703473K016,SK우,KOSPI,183800,-1900,-1.02,190000,192000,183800,2606,485244200,566135,104055613000
20251125,034810,KR7034810002,해성산업,KOSDAQ,7260,-70,-.95,7330,7400,7200,23786,172453350,32556857,236362781820
20251125,03481K,KR703481K019,해성산업1우,KOSDAQ,7110,-30,-.42,7140,7190,7110,187,1332930,1388922,9875235420
20251125,034830,KR7034830000,한국토지신탁,KOSPI,1297,-13,-.99,1320,1320,1293,400414,521836025,252489230,327478531310
20251125,034940,KR7034940007,조아제약,KOSDAQ,980,-44,-4.3,1015,1032,978,204431,204300679,30979827,30360230460
20251125,034950,KR7034950006,한국기업평가,KOSDAQ,98200,-1000,-1.01,99500,99500,97900,3170,312026950,4540514,445878474800
20251125,035000,KR7035000009,HS애드,KOSPI,8860,20,.23,8950,9040,8710,7204,63499615,16567409,146787243740
20251125,035080,KR7035080001,그래디언트,KOSDAQ,11780,20,.17,11800,11940,11750,9117,107911925,13676598,161110324440
20251125,035150,KR7035150002,백산,KOSPI,12970,-130,-.99,13200,13210,12970,17623,230259950,20538867,266389104990
20251125,035200,KR7035200005,프럼파스트,KOSDAQ,3450,15,.44,3450,3485,3420,44857,154903095,9730590,33570535500
20251125,035250,KR7035250000,강원랜드,KOSPI,17530,-390,-2.18,17960,18010,17520,387723,6872201355,213940500,3750376965000
20251125,035290,KR7035290006,골드앤에스,KOSDAQ,369,9,2.5,360,395,356,1103269,410737907,47676480,17592621120
20251125,035420,KR7035420009,NAVER,KOSPI,253000,-8000,-3.07,262500,262500,250500,1218659,310292775250,156852638,39683717414000
20251125,035460,KR7035460005,기산텔레콤,KOSDAQ,1805,-18,-.99,1802,1835,1783,29358,52870996,14577340,26312098700
20251125,035510,KR7035510007,신세계 I&C,KOSPI,16650,-200,-1.19,17230,17230,16450,114406,1912605605,13980900,232781985000
20251125,035600,KR7035600006,KG이니시스,KOSDAQ,10450,-110,-1.04,10590,10660,10330,99177,1032873110,27554434,287943835300
20251125,035610,KR7035610005,솔본,KOSDAQ,3810,-40,-1.04,3850,3850,3775,11756,44698220,27345997,104188248570
20251125,035620,KR7035620004,바른손이앤에이,KOSDAQ,392,-5,-1.26,398,405,389,63666,25032266,74439675,29180352600
20251125,035720,KR7035720002,카카오,KOSPI,58000,-800,-1.36,59600,59700,57600,1912277,111734177800,442384158,25658281164000
20251125,035760,KR7035760008,CJ ENM,KOSDAQ,63300,-500,-.78,64400,64900,63000,28198,1792748450,21929154,1388115448200
20251125,035810,KR7035810001,이지홀딩스,KOSDAQ,4440,-80,-1.77,4490,4530,4420,205693,916941427,64516185,286451861400
20251125,035890,KR7035890003,서희건설,KOSDAQ,1623,0,0,0,0,0,0,0,229808457,372979125711
20251125,035900,KR7035900000,JYP Ent.,KOSDAQ,63000,-2200,-3.37,65300,65500,62700,341023,21710497800,35532492,2238546996000
20251125,036000,KR7036000008,예림당,KOSDAQ,3055,50,1.66,3085,3105,2980,27556,83786370,23034277,70369716235
20251125,036010,KR7036010007,아비코전자,KOSDAQ,6930,60,.87,6930,7120,6790,32895,228931660,13292934,92120032620
20251125,036030,KR7036030005,케이티알파,KOSDAQ,5660,10,.18,5660,5680,5570,51288,288119560,49019283,277449141780
20251125,036090,KR7036090009,위지트,KOSDAQ,616,4,.65,612,626,612,265762,163778776,118392284,72929646944
20251125,036120,KR7036120004,서울평가정보,KOSDAQ,2050,0,0,2050,2080,2025,55366,113162370,35500000,72775000000
20251125,036170,KR7036170009,에이치엠넥스,KOSDAQ,870,-19,-2.14,893,893,870,18770,16506453,61365626,53388094620
20251125,036180,KR7036180008,지더블유바이텍,KOSDAQ,577,0,0,0,0,0,0,0,93464524,53929030348
20251125,036190,KR7036190007,금화피에스시,KOSDAQ,30450,350,1.16,30150,30650,30000,7033,212003750,6000000,182700000000
20251125,036200,KR7036200004,유니셈,KOSDAQ,9880,540,5.78,9580,10190,9580,684324,6782912285,30664223,302962523240
20251125,036220,KR7036220002,오상헬스케어,KOSDAQ,12520,90,.72,12330,12860,12210,8432,104475855,14509416,181657888320
20251125,036420,KR7036420008,콘텐트리중앙,KOSPI,8860,-290,-3.17,9080,9150,8860,31710,283672730,19262308,170664048880
20251125,036460,KR7036460004,한국가스공사,KOSPI,40300,400,1,40250,40550,39700,168557,6768008550,92313000,3720213900000
20251125,036480,KR7036480002,대성미생물,KOSDAQ,7330,20,.27,7490,7950,7250,69936,532755415,3800000,27854000000
20251125,036530,KR7036530004,SNT홀딩스,KOSPI,55800,3100,5.88,54000,56800,53600,31198,1735710500,16303886,909756838800
20251125,036540,KR7036540003,SFA반도체,KOSDAQ,3975,175,4.61,3915,4035,3915,969035,3852459548,164460303,653729704425
20251125,036560,KR7036560001,KZ정밀,KOSDAQ,14200,40,.28,14100,14250,14100,2651,37676960,15750000,223650000000
20251125,036570,KR7036570000,엔씨소프트,KOSPI,208000,5500,2.72,205500,211000,199400,224123,46252504150,21544022,4481156576000
20251125,036580,KR7036580009,팜스코,KOSPI,2460,-10,-.4,2495,2495,2440,8791,21657310,36727943,90350739780
20251125,036620,KR7036620003,감성코퍼레이션,KOSDAQ,5720,-180,-3.05,5920,6050,5670,456998,2644707385,90503771,517681570120
20251125,036630,KR7036630002,세종텔레콤,KOSDAQ,10050,390,4.04,9300,11880,9110,2450478,26766682555,10000000,100500000000
20251125,036640,KR7036640001,HRS,KOSDAQ,5350,-10,-.19,5380,5390,5300,42377,226038330,16354800,87498180000
20251125,036670,KR7036670008,삼양케이씨아이,KOSDAQ,6550,-50,-.76,6530,6630,6450,13872,90298365,11270000,73818500000
20251125,036690,KR7036690006,코맥스,KOSDAQ,2885,0,0,0,0,0,0,0,15904938,45885746130
20251125,036710,KR7036710002,심텍홀딩스,KOSDAQ,3025,-5,-.17,3115,3125,2955,395488,1204852530,52827754,159803955850
20251125,036800,KR7036800001,나이스정보통신,KOSDAQ,25100,-1400,-5.28,26450,26450,25000,20052,514880425,10000000,251000000000
20251125,036810,KR7036810000,에프에스티,KOSDAQ,27800,300,1.09,28600,29150,27550,177871,4987875500,21956348,610386474400
20251125,036830,KR7036830008,솔브레인홀딩스,KOSDAQ,37000,250,.68,37250,37900,36650,23174,859484800,20964056,775670072000
20251125,036890,KR7036890002,진성티이씨,KOSDAQ,12090,-190,-1.55,12480,12490,12010,110311,1343497075,22032623,266374412070
20251125,036930,KR7036930006,주성엔지니어링,KOSDAQ,26450,-100,-.38,27100,27500,26350,208936,5602141850,47268321,1250247090450
20251125,037030,KR7037030004,파워넷,KOSDAQ,2550,35,1.39,2515,2590,2510,108960,276892500,25199918,64259790900
20251125,037070,KR7037070000,파세코,KOSDAQ,7140,10,.14,7140,7230,7060,101479,725227565,20000000,142800000000
20251125,037230,KR7037230000,한국팩키지,KOSDAQ,1888,0,0,1872,1952,1872,28492,54140240,29800327,56263017376
20251125,037270,KR7037270006,YG PLUS,KOSPI,6020,-60,-.99,6030,6120,5940,376086,2266647425,63663110,383251922200
20251125,037330,KR7037330008,인지디스플레,KOSDAQ,1352,9,.67,1356,1356,1330,32711,43817982,43885224,59332822848
20251125,037350,KR7037350006,성도이엔지,KOSDAQ,5740,40,.7,5900,5900,5650,77781,445330040,15470000,88797800000
20251125,037370,KR7037370004,EG,KOSDAQ,5520,10,.18,5550,5640,5510,13598,75388120,8624972,47609845440
20251125,037400,KR7037400009,우리엔터프라이즈,KOSDAQ,991,-7,-.7,998,1001,979,37366,37115333,26223346,25987335886
20251125,037440,KR7037440005,희림,KOSDAQ,4560,35,.77,4535,4580,4390,110060,493126735,13922475,63486486000
20251125,037460,KR7037460003,삼지전자,KOSDAQ,12950,90,.7,12890,13100,12860,29224,378833190,16318522,211324859900
20251125,037560,KR7037560000,LG헬로비전,KOSPI,2315,15,.65,2310,2360,2290,105717,244759902,77446865,179289492475
20251125,037710,KR7037710001,광주신세계,KOSPI,30300,-200,-.66,30500,30650,30200,22692,688435425,7957190,241102857000
20251125,037760,KR7037760006,쎄니트,KOSDAQ,1700,-14,-.82,1769,1769,1650,17116,29031254,33832921,57515965700
20251125,037950,KR7037950003,엘컴텍,KOSDAQ,741,14,1.93,727,744,727,274922,202190704,84447519,62575611579
20251125,038010,KR7038010005,제일테크노스,KOSDAQ,6170,-70,-1.12,6280,6290,6120,29028,179335380,9000000,55530000000
20251125,038060,KR7038060000,루멘스,KOSDAQ,662,1,.15,661,663,652,22295,14658902,48103069,31844231678
20251125,038070,KR7038070009,서린바이오,KOSDAQ,6450,-70,-1.07,6520,6800,6450,176996,1170409640,9100676,58699360200
20251125,038110,KR7038110003,에코플라스틱,KOSDAQ,2960,-30,-1,3020,3090,2955,358120,1075809190,41169370,121861335200
20251125,038290,KR7038290003,마크로젠,KOSDAQ,15540,-60,-.38,15460,15750,15350,17542,272375345,10841400,168475356000
20251125,038390,KR7038390001,레드캡투어,KOSDAQ,11590,-120,-1.02,11680,11800,11570,38229,445515880,16720822,193794326980
20251125,038460,KR7038460002,바이오스마트,KOSDAQ,2670,-15,-.56,2685,2725,2650,39134,104570405,26164438,69859049460
20251125,038500,KR7038500005,삼표시멘트,KOSDAQ,3000,-20,-.66,3045,3050,2985,62240,187176130,107916306,323748918000
20251125,038530,KR7038530002,케이바이오,KOSDAQ,249,-1,-.4,250,255,245,792561,197012718,115714347,28812872403
20251125,038540,KR7038540001,상상인,KOSDAQ,1771,52,3.03,1706,1788,1706,17624,30830588,55328313,97986442323
20251125,038620,KR7038620001,위즈코프,KOSDAQ,567,-1,-.18,568,569,561,67736,38323213,75729465,42938606655
20251125,038680,KR7038680005,에스넷,KOSDAQ,3565,60,1.71,3520,3595,3505,23192,82056990,19912642,70988568730
20251125,038870,KR7038870002,에코바이오,KOSDAQ,3330,45,1.37,3290,3475,3210,59125,196855210,14014949,46669780170
20251125,038880,KR7038880001,아이에이,KOSDAQ,161,4,2.55,157,164,157,1018118,163629750,375721175,60491109175
20251125,038950,KR7038950002,파인디지털,KOSDAQ,3215,-30,-.92,3245,3245,3215,821,2656272,10210765,32827609475
20251125,039010,KR7039010004,현대에이치티,KOSDAQ,8110,140,1.76,8250,8250,7980,32775,264197880,8625000,69948750000
20251125,039020,KR7039020003,이건홀딩스,KOSDAQ,4360,-25,-.57,4400,4425,4330,64118,279820396,22584709,98469331240
20251125,039030,KR7039030002,이오테크닉스,KOSDAQ,247000,1500,.61,251000,256000,241000,81868,20242603500,12319550,3042928850000
20251125,039130,KR7039130000,하나투어,KOSPI,46850,-550,-1.16,47700,48000,46700,84215,3970493500,15489932,725703314200
20251125,039200,KR7039200001,오스코텍,KOSDAQ,53200,-1800,-3.27,54500,55800,52600,608578,32828247450,38258176,2035334963200
20251125,039240,KR7039240007,경남스틸,KOSDAQ,2650,15,.57,2630,2660,2625,68734,181506230,26979604,71495950600
20251125,039290,KR7039290002,인포뱅크,KOSDAQ,5120,0,0,5100,5240,5050,11972,61199340,8693978,44513167360
20251125,039310,KR7039310008,세중,KOSDAQ,1339,-35,-2.55,1371,1371,1316,28910,38778948,18121667,24264912113
20251125,039340,KR7039340005,한국경제TV,KOSDAQ,5600,80,1.45,5520,5600,5460,57096,315708330,22500000,126000000000
20251125,039420,KR7039420005,케이엘넷,KOSDAQ,2765,-25,-.9,2730,2820,2730,122239,337079827,24154730,66787828450
20251125,039440,KR7039440003,에스티아이,KOSDAQ,24750,450,1.85,25150,25700,24600,221680,5560408025,15830000,391792500000
20251125,039490,KR7039490008,키움증권,KOSPI,269000,2000,.75,272500,273500,263500,69788,18702135250,26480629,7123289201000
20251125,039560,KR7039560008,다산네트웍스,KOSDAQ,3055,-135,-4.23,3215,3275,3040,329853,1029929027,39613981,121020711955
20251125,039570,KR7039570007,HDC랩스,KOSPI,8390,-10,-.12,8400,8400,8300,5148,42947120,25957601,217784272390
20251125,039610,KR7039610001,화성밸브,KOSDAQ,7570,10,.13,7490,7810,7490,25961,197089830,10410400,78806728000
20251125,039740,KR7039740006,한국정보공학,KOSDAQ,2900,-35,-1.19,2970,2970,2900,7556,22124775,8018397,23253351300
20251125,039830,KR7039830005,오로라,KOSDAQ,15280,-310,-1.99,16000,16000,14700,145256,2200419030,10762890,164456959200
20251125,039840,KR7039840004,디오,KOSDAQ,15990,-160,-.99,16210,16210,15620,45001,712556795,14375087,229857641130
20251125,039860,KR7039860002,나노엔텍,KOSDAQ,3030,0,0,3030,3120,3015,69745,213276355,38093053,115421950590
20251125,039980,KR7039980008,폴라리스AI,KOSDAQ,1922,-1,-.05,1930,1983,1907,337100,650594010,72778776,139880807472
20251125,040160,KR7040160004,누리플렉스,KOSDAQ,3045,15,.5,3030,3065,2985,17576,53106195,12055535,36709104075
20251125,040300,KR7040300006,YTN,KOSDAQ,3410,-150,-4.21,3470,3695,3380,2339500,8284496970,47676980,162578501800
20251125,040350,KR7040350001,크레오에스지,KOSDAQ,236,0,0,0,0,0,0,0,195205322,46068455992
20251125,040420,KR7040420002,정상제이엘에스,KOSDAQ,6500,-30,-.46,6560,6560,6480,21955,142763825,15677552,101904088000
20251125,040610,KR7040610008,SG&G,KOSDAQ,1857,-5,-.27,1868,1874,1842,72606,134785147,34087196,63299922972
20251125,040910,KR7040910002,아이씨디,KOSDAQ,3780,-20,-.53,3855,3945,3765,27648,105579060,18574275,70210759500
20251125,041020,KR7041020009,폴라리스오피스,KOSDAQ,4690,35,.75,4690,4790,4650,208846,984110795,49725498,233212585620
20251125,041190,KR7041190000,우리기술투자,KOSDAQ,8860,-100,-1.12,9240,9400,8840,1334991,12096923570,84000000,744240000000
20251125,041440,KR7041440009,현대에버다임,KOSDAQ,8210,-290,-3.41,8310,8380,8040,564501,4610610975,17915944,147089900240
20251125,041460,KR7041460007,한국전자인증,KOSDAQ,3480,-20,-.57,3475,3575,3475,25126,88142912,19000000,66120000000
20251125,041510,KR7041510009,에스엠,KOSDAQ,96500,-3700,-3.69,100300,100300,96000,145230,14070746250,22894690,2209337585000
20251125,041520,KR7041520008,이엘씨,KOSDAQ,6990,30,.43,7010,7150,6950,14128,99187350,12188730,85199222700
20251125,041590,KR7041590001,플래스크,KOSDAQ,2370,0,0,0,0,0,0,0,48972158,116064014460
20251125,041650,KR7041650003,상신브레이크,KOSPI,2605,-25,-.95,2610,2650,2605,9138,23922805,21471450,55933127250
20251125,041830,KR7041830001,인바디,KOSDAQ,28100,-200,-.71,28900,29050,28000,48302,1374711325,13480882,378812784200
20251125,041910,KR7041910001,폴라리스AI파마,KOSDAQ,5990,-110,-1.8,6100,6200,5900,63761,383295810,13501607,80874625930
20251125,041920,KR7041920000,메디아나,KOSDAQ,5580,110,2.01,5570,5680,5490,39497,219412750,18598223,103778084340
20251125,041930,KR7041930009,동아화성,KOSDAQ,6350,670,11.8,5730,7200,5730,5706962,38632169295,15800000,100330000000
20251125,041960,KR7041960006,코미팜,KOSDAQ,6010,20,.33,6090,6190,5910,228784,1380124700,73758693,443289744930
20251125,042000,KR7042000000,카페24,KOSDAQ,30800,-150,-.48,31200,31700,30500,64565,1995626200,24253054,746994063200
20251125,042040,KR7042040006,케이피엠테크,KOSDAQ,206,-1,-.48,206,208,206,147184,30412879,195145574,40199988244
20251125,042110,KR7042110007,에스씨디,KOSDAQ,1227,5,.41,1225,1239,1221,66422,81477068,48329564,59300375028
20251125,042370,KR7042370007,비츠로테크,KOSDAQ,7910,170,2.2,7820,7950,7740,182618,1435207905,26200025,207242197750
20251125,042420,KR7042420000,네오위즈홀딩스,KOSDAQ,26500,400,1.53,26150,26650,25725,11336,297940950,8366283,221706499500
20251125,042500,KR7042500009,링네트,KOSDAQ,3905,-10,-.26,3920,3940,3860,41319,160488850,22291144,87046917320
20251125,042510,KR7042510008,라온시큐어,KOSDAQ,9440,130,1.4,9310,9460,9240,46507,436616700,11205174,105776842560
20251125,042520,KR7042520007,한스바이오메드,KOSDAQ,31100,-3950,-11.27,34250,35950,28150,1445289,44538786275,13526367,420670013700
20251125,042600,KR7042600007,새로닉스,KOSDAQ,13750,160,1.18,14000,14250,13600,13495,186888595,12423574,170824142500
20251125,042660,KR7042660001,한화오션,KOSPI,113000,-5800,-4.88,120000,121100,112200,1722922,198076171500,306413394,34624713522000
20251125,042670,KR7042670000,HD현대인프라코어,KOSPI,14380,-190,-1.3,15020,15350,14180,1832436,26693994040,188851238,2715680802440
20251125,042700,KR7042700005,한미반도체,KOSPI,120100,500,.42,122100,122700,117200,991214,118423780450,95312200,11446995220000
20251125,042940,KR7042940007,상지건설,KOSDAQ,6070,-280,-4.41,6290,6540,6030,49392,305378700,6828712,41450281840
20251125,043090,KR7043090000,더테크놀로지,KOSDAQ,380,0,0,0,0,0,0,0,12418275,4718944500
20251125,043100,KR7043100007,알파녹스,KOSDAQ,1578,-6,-.38,1585,1660,1565,102846,163952295,20110080,31733706240
20251125,043150,KR7043150002,바텍,KOSDAQ,20050,-50,-.25,20450,20450,19960,16076,322433185,14854256,297827832800
20251125,043200,KR7043200005,파루,KOSDAQ,877,-27,-2.99,915,989,872,426836,389356670,41804315,36662384255
20251125,043220,KR7043220003,티에스넥스젠,KOSDAQ,171,0,0,0,0,0,0,0,159224163,27227331873
20251125,043260,KR7043260009,성호전자,KOSDAQ,2160,15,.7,2205,2270,2120,482236,1054162448,70922823,153193297680
20251125,043340,KR7043340009,에쎈테크,KOSDAQ,404,1,.25,405,405,402,32425,13112887,95000000,38380000000
20251125,043360,KR7043360007,디지아이,KOSDAQ,2050,45,2.24,2005,2060,1982,9019,18054572,9000000,18450000000
20251125,043370,KR7043370006,피에이치에이,KOSDAQ,10870,170,1.59,10890,10890,10730,8892,96039580,21000000,228270000000
20251125,043590,KR7043590009,웰킵스하이텍,KOSDAQ,605,4,.67,601,620,600,17349,10476403,27136762,16417741010
20251125,043610,KR7043610005,KT지니뮤직,KOSDAQ,1835,-11,-.6,1831,1858,1818,39252,71841692,58115438,106641828730
20251125,043650,KR7043650001,국순당,KOSDAQ,4065,-50,-1.22,4100,4115,4060,7569,30866320,17858304,72594005760
20251125,043710,KR7043710003,서울리거,KOSDAQ,846,2,.24,844,851,840,10766,9084307,86562510,73231883460
20251125,043910,KR7043910009,자연과환경,KOSDAQ,620,-1,-.16,616,639,615,448473,278376749,113391457,70302703340
20251125,044180,KR7044180008,KD,KOSDAQ,561,10,1.81,558,593,551,344046,193137892,26717799,14988685239
20251125,044340,KR7044340008,위닉스,KOSDAQ,5520,-80,-1.43,5540,5650,5510,14719,81869080,17873425,98661306000
20251125,044380,KR7044380004,주연테크,KOSPI,458,-14,-2.97,472,475,457,97583,45328874,64481582,29532564556
20251125,044450,KR7044450005,KSS해운,KOSPI,9390,-50,-.53,9440,9450,9250,30943,289327190,23085880,216776413200
20251125,044480,KR7044480002,빌리언스,KOSDAQ,318,1,.32,318,327,314,549325,174667119,80663728,25651065504
20251125,044490,KR7044490001,태웅,KOSDAQ,23350,100,.43,23500,23850,23000,50364,1173636325,20007381,467172346350
20251125,044780,KR7044780005,에이치케이,KOSDAQ,1415,0,0,1400,1422,1399,27529,38997568,18505787,26185688605
20251125,044820,KR7044820009,코스맥스비티아이,KOSPI,13640,-20,-.15,13810,14830,13590,16963,232645850,9603921,130997482440
20251125,044960,KR7044960003,이글벳,KOSDAQ,4250,85,2.04,4250,4840,4190,6414602,29012234389,12641883,53728002750
20251125,044990,KR7044990000,에이치엔에스하이텍,KOSDAQ,20650,500,2.48,20550,21150,20050,226028,4656586375,8036064,165944721600
20251125,045060,KR7045060001,오공,KOSDAQ,2300,0,0,2300,2325,2290,34487,79459325,16941974,38966540200
20251125,045100,KR7045100005,한양이엔지,KOSDAQ,21400,1460,7.32,20200,21500,20150,210140,4439758500,18000000,385200000000
20251125,045300,KR7045300001,성우테크론,KOSDAQ,3190,15,.47,3220,3235,3130,27810,88338205,10347365,33008094350
20251125,045340,KR7045340007,토탈소프트,KOSDAQ,6440,-40,-.62,6540,6830,6250,58114,374940280,8558040,55113777600
20251125,045390,KR7045390002,대아티아이,KOSDAQ,3845,-10,-.26,3860,3960,3830,354082,1377054007,70473377,270970134565
20251125,045510,KR7045510005,정원엔시스,KOSDAQ,957,10,1.06,947,971,939,27733,26476645,32209292,30824292444
20251125,045520,KR7045520004,크린앤사이언스,KOSDAQ,3480,30,.87,3460,3550,3450,5218,18154315,6500000,22620000000
20251125,045660,KR7045660008,에이텍,KOSDAQ,9970,-70,-.7,10030,10120,9540,20333,203270330,8260000,82352200000
20251125,045970,KR7045970001,코아시아,KOSDAQ,5200,20,.39,5240,5370,5130,94155,494607360,26314876,136837355200
20251125,046070,KR7046070009,코다코,KOSDAQ,10280,0,0,0,0,0,0,0,15486089,159196994920
20251125,046120,KR7046120002,오르비텍,KOSDAQ,3755,25,.67,3805,3845,3655,273819,1019509466,27449486,103072819930
20251125,046210,KR7046210001,HLB파나진,KOSDAQ,1560,-4,-.26,1570,1586,1535,56527,87945217,45126718,70397680080
20251125,046310,KR7046310009,백금T&A,KOSDAQ,3225,85,2.71,3175,3245,3110,137212,438147885,16418641,52950117225
20251125,046390,KR7046390001,삼화네트웍스,KOSDAQ,1181,-7,-.59,1188,1210,1180,135280,160909024,43172933,50987233873
20251125,046440,KR7046440004,KG모빌리언스,KOSDAQ,4710,-55,-1.15,4775,4830,4675,64817,306179924,38010802,179030877420
20251125,046890,KR7046890000,서울반도체,KOSDAQ,6020,-60,-.99,6130,6180,6010,76269,463081715,58305400,350998508000
20251125,046940,KR7046940003,우원개발,KOSDAQ,3145,75,2.44,3075,3160,3030,45590,140152052,18074350,56843830750
20251125,046970,KR7046970000,우리로,KOSDAQ,1236,11,.9,1259,1307,1229,543401,684676948,43824999,54167698764
20251125,047040,KR7047040001,대우건설,KOSPI,3430,-10,-.29,3485,3515,3395,786523,2706729289,415622638,1425585648340
20251125,047050,KR7047050000,포스코인터내셔널,KOSPI,52100,900,1.76,51800,53100,51600,254786,13332144050,175922788,9165577254800
20251125,047080,KR7047080007,한빛소프트,KOSDAQ,1150,0,0,1150,1173,1138,33960,38962072,24822362,28545716300
20251125,047310,KR7047310008,파워로직스,KOSDAQ,3920,20,.51,3870,3975,3870,88855,346739575,36610755,143514159600
20251125,047400,KR7047400007,유니온머티리얼,KOSPI,1459,-107,-6.83,1527,1590,1452,963050,1449041881,42000000,61278000000
20251125,047560,KR7047560008,이스트소프트,KOSDAQ,17810,560,3.25,17320,18060,17320,35987,641878055,11712292,208595920520
20251125,047770,KR7047770003,코데즈컴바인,KOSDAQ,2905,-15,-.51,2920,3045,2850,1476560,4346510895,37842602,109932758810
20251125,047810,KR7047810007,한국항공우주,KOSPI,108600,4700,4.52,107000,114400,104300,1042499,114265614600,97475107,10585796620200
20251125,047820,KR7047820006,초록뱀미디어,KOSDAQ,4830,-20,-.41,4885,4885,4790,24706,119338126,24453930,118112481900
20251125,047920,KR7047920004,HLB제약,KOSDAQ,14670,370,2.59,14510,14870,14250,81357,1189180390,32799356,481166552520
20251125,048410,KR7048410005,현대바이오,KOSDAQ,4595,-40,-.86,4670,4705,4565,411682,1900715171,96040960,441308211200
20251125,048430,KR7048430003,유라테크,KOSDAQ,7480,30,.4,7450,7520,7320,11973,88571110,11520000,86169600000
20251125,048470,KR7048470009,대동스틸,KOSDAQ,2840,-50,-1.73,2985,2990,2835,9244,26535990,10000000,28400000000
20251125,048530,KR7048530000,인트론바이오,KOSDAQ,3545,15,.42,3540,3605,3480,92066,325450814,34150762,121064451290
20251125,048550,KR7048550008,SM C&C,KOSDAQ,1219,-13,-1.06,1235,1249,1214,150601,184679425,96714620,117895121780
20251125,048770,KR7048770002,TPC,KOSDAQ,2020,-25,-1.22,2020,2100,2010,22764,46610397,15697991,31709941820
20251125,048830,KR7048830004,엔피케이,KOSDAQ,997,0,0,1002,1014,987,80747,80418616,18723923,18667751231
20251125,048870,KR7048870000,시너지이노베이션,KOSDAQ,2320,-45,-1.9,2365,2380,2315,215637,504610740,88106963,204408154160
20251125,048910,KR7048910004,대원미디어,KOSDAQ,8210,-30,-.36,8200,8300,8110,15510,126795185,12578946,103273146660
20251125,049070,KR7049070006,인탑스,KOSDAQ,13170,20,.15,13210,13380,13000,35006,460827550,17200000,226524000000
20251125,049080,KR7049080005,기가레인,KOSDAQ,594,6,1.02,598,609,587,156874,93395893,84883347,50420708118
20251125,049120,KR7049120009,파인디앤씨,KOSDAQ,765,-20,-2.55,785,795,744,77787,59781816,53008319,40551364035
20251125,049180,KR7049180003,셀루메드,KOSDAQ,688,3,.44,685,710,671,197271,135463533,54957063,37810459344
20251125,049430,KR7049430002,코메론,KOSDAQ,11910,-530,-4.26,12440,12500,11900,75442,909154005,9048000,107761680000
20251125,049470,KR7049470008,비트플래닛,KOSDAQ,1349,-111,-7.6,1473,1491,1342,637355,879942039,117724498,158810347802
20251125,049480,KR7049480007,오픈베이스,KOSDAQ,2325,5,.22,2330,2365,2315,151075,352342315,31422383,73057040475
20251125,049520,KR7049520000,유아이엘,KOSDAQ,2985,0,0,3040,3040,2960,48353,144641217,32247404,96258500940
20251125,049550,KR7049550007,잉크테크,KOSDAQ,2915,-5,-.17,2920,2950,2765,25683,73720020,19606277,57152297455
20251125,049630,KR7049630007,재영솔루텍,KOSDAQ,1657,-83,-4.77,1724,1800,1650,10852712,18400670122,109344690,181184151330
20251125,049720,KR7049720006,고려신용정보,KOSDAQ,10830,-10,-.09,10840,10900,10730,31471,339573915,14300000,154869000000
20251125,049800,KR7049800006,우진플라임,KOSPI,1947,-7,-.36,1954,1955,1946,2462,4797595,20000000,38940000000
20251125,049830,KR7049830003,승일,KOSDAQ,8530,-110,-1.27,8690,8690,8500,594,5062690,6132112,52306915360
20251125,049950,KR7049950009,미래컴퍼니,KOSDAQ,14240,190,1.35,14170,14600,14160,50353,718397365,8817884,125566668160
20251125,049960,KR7049960008,쎌바이오텍,KOSDAQ,12850,60,.47,12680,12880,12660,35907,460490265,9400000,120790000000
20251125,050090,KR7050090000,비케이홀딩스,KOSDAQ,925,-6,-.64,920,944,920,36142,33665846,19784735,18300879875
20251125,050110,KR7050110006,캠시스,KOSDAQ,670,0,0,675,692,653,225637,149831791,73824118,49462159060
20251125,050120,KR7050120005,ES큐브,KOSDAQ,2935,175,6.34,2770,3580,2765,2622193,8785594611,13564086,39810592410
20251125,050760,KR7050760008,에스폴리텍,KOSDAQ,1378,-15,-1.08,1393,1395,1373,6674,9195011,16334678,22509186284
20251125,050860,KR7050860006,아세아텍,KOSDAQ,1895,-5,-.26,1914,1914,1884,13331,25247992,22500000,42637500000
20251125,050890,KR7050890003,쏠리드,KOSDAQ,7170,200,2.87,7190,7300,7070,737680,5287357325,60756534,435624348780
20251125,050960,KR7050960004,수산아이앤티,KOSDAQ,8980,-40,-.44,9020,9170,8960,16488,149084120,6751000,60623980000
20251125,051160,KR7051160000,지어소프트,KOSDAQ,6650,80,1.22,6580,6700,6510,22534,148960560,15474430,102904959500
20251125,051360,KR7051360006,토비스,KOSDAQ,14000,80,.57,13980,14290,13860,102981,1437619020,15827058,221578812000
20251125,051370,KR7051370005,인터플렉스,KOSDAQ,10600,340,3.31,10500,10930,10400,321998,3419677085,23327472,247271203200
20251125,051380,KR7051380004,피씨디렉트,KOSDAQ,1941,-20,-1.02,1951,1992,1941,27277,53373173,15340072,29775079752
20251125,051390,KR7051390003,YW,KOSDAQ,3885,-15,-.38,3860,3885,3840,6777,26107010,11355368,44115604680
20251125,051490,KR7051490001,나라엠앤디,KOSDAQ,3865,0,0,3890,3965,3840,20898,80912395,14200000,54883000000
20251125,051500,KR7051500007,CJ프레시웨이,KOSDAQ,26350,-50,-.19,26300,26650,26150,8796,231429225,11871586,312816291100
20251125,051600,KR7051600005,한전KPS,KOSPI,51800,400,.78,52300,52700,51300,118152,6130853150,45000000,2331000000000
20251125,051630,KR7051630002,진양화학,KOSPI,2650,-35,-1.3,2695,2695,2595,88542,233742110,21200000,56180000000
20251125,051780,KR7051780005,큐로홀딩스,KOSDAQ,1048,22,2.14,1026,1080,1013,166459,173218015,23242245,24357872760
20251125,051900,KR7051900009,LG생활건강,KOSPI,282500,-6500,-2.25,290000,291500,281000,56782,16118908000,15302459,4322944667500
20251125,051905,KR7051901007,LG생활건강우,KOSPI,115700,-1200,-1.03,117000,117500,115000,4854,562360350,2099697,242934942900
20251125,051910,KR7051910008,LG화학,KOSPI,363000,4500,1.26,365000,369000,359500,251051,91311820000,70592343,25625020509000
20251125,051915,KR7051911006,LG화학우,KOSPI,183400,2500,1.38,184000,186300,181300,21975,4041405800,7688800,1410125920000
20251125,051980,KR7051980001,중앙첨단소재,KOSDAQ,2515,-70,-2.71,2640,2710,2465,1766412,4497050653,111091709,279395648135
20251125,052020,KR7052020005,에스티큐브,KOSDAQ,7190,10,.14,7260,7310,7100,113061,810424430,67983291,488799862290
20251125,052220,KR7052220001,iMBC,KOSDAQ,3020,-10,-.33,3030,3090,2995,205017,620152680,23000000,69460000000
20251125,052260,KR7052260007,현대바이오랜드,KOSDAQ,4250,-60,-1.39,4310,4345,4190,82921,351737214,30000000,127500000000
20251125,052300,KR7052300001,오션인더블유,KOSDAQ,2175,25,1.16,2135,2205,2135,41667,90498020,16865143,36681686025
20251125,052330,KR7052330008,코텍,KOSDAQ,8600,20,.23,8560,8620,8560,5383,46274790,17761589,152749665400
20251125,052400,KR7052400009,코나아이,KOSDAQ,46400,800,1.75,45750,46800,45600,79575,3684069550,14563291,675736702400
20251125,052420,KR7052420007,오성첨단소재,KOSDAQ,1438,-12,-.83,1462,1481,1435,434313,630074894,94425682,135784130716
20251125,052460,KR7052460003,아이크래프트,KOSDAQ,2375,-5,-.21,2390,2410,2350,10102,23914630,14607936,34693848000
20251125,052600,KR7052600004,한네트,KOSDAQ,3870,-35,-.9,3895,3960,3850,20409,79249820,11563700,44751519000
20251125,052670,KR7052670007,제일바이오,KOSDAQ,2080,0,0,0,0,0,0,0,29129064,60588453120
20251125,052690,KR7052690005,한전기술,KOSPI,89100,1800,2.06,89100,90200,87300,99899,8853598300,38220000,3405402000000
20251125,052710,KR7052710001,아모텍,KOSDAQ,9320,90,.98,9240,9600,9200,76116,714597095,14615109,136212815880
20251125,052770,KR7052770005,아이톡시,KOSDAQ,351,-55,-13.55,406,418,349,506662,188130922,58275099,20454559749
20251125,052790,KR7052790003,액토즈소프트,KOSDAQ,6120,60,.99,6050,6160,6050,12262,76171060,11330638,69343504560
20251125,052860,KR7052860004,아이앤씨,KOSDAQ,2185,-55,-2.46,2240,2240,2135,57523,125180837,17862854,39030335990
20251125,052900,KR7052900008,KX하이텍,KOSDAQ,900,0,0,904,908,896,69848,62924736,65374456,58837010400
20251125,052960,KR7052960002,태양3C,KONEX,3200,-100,-3.03,3395,3395,3200,2,6595,4887078,15638649600
20251125,053030,KR7053030003,바이넥스,KOSDAQ,13550,-10,-.07,13650,13800,13400,137104,1859657625,32684188,442870747400
20251125,053050,KR7053050001,지에스이,KOSDAQ,2490,10,.4,2485,2520,2465,72065,178837945,29987597,74669116530
20251125,053060,KR7053060000,세동,KOSDAQ,1255,2,.16,1244,1259,1241,66574,83131676,17657419,22160060845
20251125,053080,KR7053080008,케이엔솔,KOSDAQ,11110,200,1.83,11210,11390,11000,35594,397873270,12999807,144427855770
20251125,053160,KR7053160008,프리엠스,KOSDAQ,7130,30,.42,7030,7190,7030,9579,67924150,6000000,42780000000
20251125,053210,KR7053210001,스카이라이프,KOSPI,5280,-90,-1.68,5370,5370,5270,17930,95134750,47522955,250921202400
20251125,053260,KR7053260006,금강철강,KOSDAQ,3935,-55,-1.38,3980,4070,3915,26181,103853930,18720000,73663200000
20251125,053270,KR7053270005,구영테크,KOSDAQ,2025,5,.25,2030,2035,2005,39979,80636090,27410405,55506070125
20251125,053280,KR7053280004,예스24,KOSDAQ,3695,-5,-.14,3680,3740,3680,29673,109753365,25000000,92375000000
20251125,053290,KR7053290003,NE능률,KOSDAQ,1877,-7,-.37,1885,1900,1871,7101,13390010,16526307,31019878239
20251125,053300,KR7053300000,한국정보인증,KOSDAQ,5920,-70,-1.17,6060,6190,5880,145394,868819470,42441361,251252857120
20251125,053350,KR7053350005,이니텍,KOSDAQ,8850,280,3.27,8500,9120,8500,147748,1307044210,23021065,203736425250
20251125,053450,KR7053450003,세코닉스,KOSDAQ,4920,15,.31,4950,5040,4900,79379,393156585,14792803,72780590760
20251125,053580,KR7053580007,웹케시,KOSDAQ,10450,150,1.46,10410,10690,10330,13635,142203745,13636248,142498791600
20251125,053610,KR7053610002,프로텍,KOSDAQ,32800,200,.61,33450,33650,32150,37910,1247425700,11000000,360800000000
20251125,053620,KR7053620001,태양,KOSDAQ,6100,40,.66,6090,6180,6070,593,3619050,8600000,52460000000
20251125,053690,KR7053690004,한미글로벌,KOSPI,17770,-40,-.22,17930,18230,17580,60514,1077120205,10957550,194715663500
20251125,053700,KR7053700001,삼보모터스,KOSDAQ,3890,20,.52,3870,3900,3855,17421,67414783,22877190,88992269100
20251125,053800,KR7053800009,안랩,KOSDAQ,60200,-200,-.33,60400,60800,60200,14402,870916800,11126506,669815661200
20251125,053950,KR7053950002,경남제약,KOSDAQ,716,-13,-1.78,734,739,707,926760,666079112,78147358,55953508328
20251125,053980,KR7053980009,오상자이엘,KOSDAQ,3495,5,.14,3500,3575,3485,57776,202431320,18982783,66344826585
20251125,054040,KR7054040001,한국컴퓨터,KOSDAQ,5000,25,.5,4930,5000,4880,58480,288503825,16071290,80356450000
20251125,054050,KR7054050000,농우바이오,KOSDAQ,7800,-140,-1.76,8000,8020,7780,35395,277989280,16030561,125038375800
20251125,054090,KR7054090006,삼진엘앤디,KOSDAQ,770,-25,-3.14,788,795,769,64456,50029051,24959232,19218608640
20251125,054180,KR7054180005,메디콕스,KOSDAQ,2295,0,0,0,0,0,0,0,5527981,12686716395
20251125,054210,KR7054210000,이랜텍,KOSDAQ,8920,550,6.57,8420,9170,8420,283989,2536327260,25291210,225597593200
20251125,054220,KR7054220009,비츠로시스,KOSDAQ,372,0,0,376,393,361,317425,119459196,59953081,22302546132
20251125,054300,KR7054300009,팬스타엔터프라이즈,KOSDAQ,620,3,.49,615,635,615,357607,222528515,115741890,71759971800
20251125,054410,KR7054410006,케이피티유,KOSDAQ,3480,-50,-1.42,3535,3640,3480,3881,13779952,5726444,19928025120
20251125,054450,KR7054450002,텔레칩스,KOSDAQ,11120,120,1.09,11140,11300,11020,56611,631218370,15144233,168403870960
20251125,054540,KR7054540000,삼영엠텍,KOSDAQ,13400,-390,-2.83,13790,14010,13180,625933,8433171995,13000000,174200000000
20251125,054620,KR7054620000,APS,KOSDAQ,4235,370,9.57,3925,4265,3710,555476,2263861680,19894221,84252025935
20251125,054630,KR7054630009,에이디칩스,KOSDAQ,1580,0,0,0,0,0,0,0,7970946,12594094680
20251125,054670,KR7054670005,대한뉴팜,KOSDAQ,6650,80,1.22,6590,6660,6550,16148,106345000,14354920,95460218000
20251125,054780,KR7054780002,키이스트,KOSDAQ,3680,-5,-.14,3650,3900,3650,53976,201332110,19657793,72340678240
20251125,054800,KR7054800008,아이디스홀딩스,KOSDAQ,11360,10,.09,11350,11480,11220,3905,44448960,10347756,117550508160
20251125,054920,KR7054920004,한컴위드,KOSDAQ,3810,-30,-.78,3855,3930,3795,92748,356277309,28217081,107507078610
20251125,054930,KR7054930003,유신,KOSDAQ,21700,-650,-2.91,22600,22600,21500,18353,401797375,3000000,65100000000
20251125,054940,KR7054940002,엑사이엔씨,KOSDAQ,647,1,.15,645,653,640,73649,47588231,33173548,21463285556
20251125,054950,KR7054950001,제이브이엠,KOSDAQ,25000,-50,-.2,25350,25450,24850,29831,747220300,12089892,302247300000
20251125,055490,KR7055490007,테이팩스,KOSPI,15190,-10,-.07,15200,15280,14970,13445,203266270,4769650,72450983500
20251125,055550,KR7055550008,신한지주,KOSPI,77500,1200,1.57,77500,79000,77100,956374,74376815750,485494934,37625857385000
20251125,056080,KR7056080005,유진로봇,KOSDAQ,11130,-210,-1.85,11360,11600,11050,212741,2391268930,37512152,417510251760
20251125,056090,KR7056090004,시지메드텍,KOSDAQ,1013,5,.5,1010,1025,997,237163,238559361,103259036,104601403468
20251125,056190,KR7056190002,에스에프에이,KOSDAQ,21300,1050,5.19,20550,21400,20500,86233,1815001250,35908760,764856588000
20251125,056360,KR7056360001,코위버,KOSDAQ,5100,0,0,5170,5290,5090,21138,108754890,9796800,49963680000
20251125,056700,KR7056700008,신화인터텍,KOSDAQ,1700,-23,-1.33,1723,1748,1650,41140,69428707,29135091,49529654700
20251125,056730,KR7056730005,CNT85,KOSDAQ,672,12,1.82,665,690,647,52991,35226132,74111186,49802716992
20251125,057030,KR7057030009,YBM넷,KOSDAQ,3020,-5,-.17,3025,3040,2980,20860,62589620,16312697,49264344940
20251125,057050,KR7057050007,현대홈쇼핑,KOSPI,54600,-800,-1.44,56000,56000,54400,7000,383175950,12000000,655200000000
20251125,057540,KR7057540007,옴니시스템,KOSDAQ,732,2,.27,726,739,725,125745,91778510,59449355,43516927860
20251125,057680,KR7057680001,티사이언티픽,KOSDAQ,801,-40,-4.76,854,862,795,278140,226378723,71248501,57070049301
20251125,057880,KR7057880007,푸른소나무,KOSDAQ,8790,0,0,0,0,0,0,0,24580368,216061434720
20251125,058110,KR7058110008,멕아이씨에스,KOSDAQ,1934,-39,-1.98,1973,1976,1915,56838,110555186,16050530,31041725020
20251125,058400,KR7058400003,KNN,KOSDAQ,696,-2,-.29,698,703,692,138395,96316236,132429720,92171085120
20251125,058430,KR7058430000,포스코스틸리온,KOSPI,36950,150,.41,36850,37350,36700,4331,159537175,6000000,221700000000
20251125,058450,KR7058450008,한주에이알티,KOSDAQ,905,46,5.36,868,944,861,132212,120090767,14793621,13388227005
20251125,058470,KR7058470006,리노공업,KOSDAQ,63100,6700,11.88,60600,64500,58900,2804197,174212815400,76211850,4808967735000
20251125,058610,KR7058610007,에스피지,KOSDAQ,47250,1150,2.49,46450,49200,45750,1886309,89618684050,22177360,1047880260000
20251125,058630,KR7058630005,엠게임,KOSDAQ,6500,50,.78,6450,6510,6390,86630,557914455,19543877,127035200500
20251125,058650,KR7058650003,세아홀딩스,KOSPI,116000,-1500,-1.28,117500,117800,116000,393,45737200,4000000,464000000000
20251125,058730,KR7058730003,다스코,KOSPI,3265,-225,-6.45,3420,3500,3195,2309009,7630906951,18796941,61372012365
20251125,058820,KR7058820002,CMG제약,KOSDAQ,1801,27,1.52,1777,1822,1777,412822,745603030,147842183,266263771583
20251125,058850,KR7058850009,KTcs,KOSPI,2845,-25,-.87,2895,2915,2840,180943,518058127,42685000,121438825000
20251125,058860,KR7058860008,KTis,KOSPI,2730,-10,-.36,2740,2750,2715,37431,102137680,34802000,95009460000
20251125,058970,KR7058970005,엠로,KOSDAQ,36000,-250,-.69,36500,36750,35800,25081,906029550,12359538,444943368000
20251125,059090,KR7059090001,미코,KOSDAQ,13400,600,4.69,13110,13500,13080,360317,4786303845,33416778,447784825200
20251125,059100,KR7059100008,아이컴포넌트,KOSDAQ,4725,5,.11,4720,4800,4700,7338,34686680,7070860,33409813500
20251125,059120,KR7059120006,아진엑스텍,KOSDAQ,7210,-80,-1.1,7290,7400,7140,17332,124980960,9748596,70287377160
20251125,059210,KR7059210005,메타바이오메드,KOSDAQ,5060,105,2.12,5030,5080,4915,404065,2014811175,28094301,142157163060
20251125,059270,KR7059270009,해성에어로보틱스,KOSDAQ,7130,-280,-3.78,7540,7630,7070,254260,1839595615,11165299,79608581870
20251125,060150,KR7060150000,인선이엔티,KOSDAQ,4115,-25,-.6,4140,4180,4090,53279,219856802,46563612,191609263380
20251125,060230,KR7060230000,제이케이시냅스,KOSDAQ,2520,50,2.02,2470,2575,2370,96232,237327596,7641955,19257726600
20251125,060240,KR7060240009,스타코링크,KOSDAQ,1976,0,0,0,0,0,0,0,5821060,11502414560
20251125,060250,KR7060250008,NHN KCP,KOSDAQ,16350,-630,-3.71,17270,17300,16100,792577,13155898500,40160611,656625989850
20251125,060260,KR7060260007,뉴보텍,KOSDAQ,1240,3,.24,1249,1275,1235,17606,21881556,13512009,16754891160
20251125,060280,KR7060280005,큐렉소,KOSDAQ,10090,-30,-.3,10360,10440,9900,203696,2069501865,41089990,414597999100
20251125,060310,KR7060310000,3S,KOSDAQ,1689,-13,-.76,1702,1766,1678,252757,428799785,53059040,89616718560
20251125,060370,KR7060370004,LS마린솔루션,KOSDAQ,26300,150,.57,26150,26600,25800,177166,4650413900,52238854,1373881860200
20251125,060380,KR7060380003,동양에스텍,KOSDAQ,1526,21,1.4,1510,1571,1481,46087,69454089,19700000,30062200000
20251125,060480,KR7060480001,국일신동,KOSDAQ,1540,-24,-1.53,1564,1564,1540,9829,15224589,11090000,17078600000
20251125,060540,KR7060540002,에스에이티,KOSDAQ,1261,3,.24,1255,1268,1248,28632,35958935,26133306,32954098866
20251125,060560,KR7060560000,HC홈센타,KOSDAQ,698,-6,-.85,698,710,695,23339,16320768,127669525,89113328450
20251125,060570,KR7060570009,드림어스컴퍼니,KOSDAQ,1565,-36,-2.25,1649,1649,1565,35112,55761580,74101573,115968961745
20251125,060590,KR7060590007,씨티씨바이오,KOSDAQ,4875,25,.52,4805,5010,4805,43881,216497953,24181020,117882472500
20251125,060720,KR7060720000,KH바텍,KOSDAQ,10990,90,.83,10910,11270,10890,97974,1078217440,23677442,260215087580
20251125,060850,KR7060850005,영림원소프트랩,KOSDAQ,5870,0,0,5870,5980,5730,35511,206824075,8131000,47728970000
20251125,060900,KR7060900008,DGP,KOSDAQ,1246,-9,-.72,1218,1280,1218,56275,70285031,29910734,37268774564
20251125,060980,KR7060980000,HL홀딩스,KOSPI,43450,-200,-.46,43700,44500,43150,30166,1311953700,9213477,400325575650
20251125,061040,KR7061040002,알에프텍,KOSDAQ,2205,-45,-2,2270,2270,2190,74354,164749145,32089259,70756816095
20251125,061090,KR7061090007,세나테크놀로지,KOSDAQ,48000,-1550,-3.13,49500,52700,47600,249370,12444565150,5577274,267709152000
20251125,061250,KR7061250007,화일약품,KOSDAQ,1079,-2,-.19,1082,1091,1067,118104,126891706,86515847,93350598913
20251125,061970,KR7061970000,LB세미콘,KOSDAQ,4370,95,2.22,4400,4580,4360,230411,1019987090,58083006,253822736220
20251125,062040,KR7062040001,산일전기,KOSPI,133900,-300,-.22,137900,139400,133200,185159,25076671150,30445200,4076612280000
20251125,062970,KR7062970009,한국첨단소재,KOSDAQ,3160,20,.64,3370,3700,3155,2833042,9734213057,23059076,72866680160
20251125,063080,KR7063080006,컴투스홀딩스,KOSDAQ,17790,-310,-1.71,18030,18200,17760,7012,125228220,6595192,117328465680
20251125,063160,KR7063160006,종근당바이오,KOSPI,20700,-300,-1.43,21000,21250,20550,5943,123527825,5485962,113559413400
20251125,063170,KR7063170005,서울옥션,KOSDAQ,7250,-190,-2.55,7600,7690,7060,173661,1254435715,17774267,128863435750
20251125,063440,KR7063440002,SM Life Design,KOSDAQ,1814,-92,-4.83,1916,1930,1798,1180390,2184044487,46029154,83496885356
20251125,063570,KR7063570006,NICE인프라,KOSDAQ,4190,-20,-.48,4190,4230,4170,31839,133381038,34147728,143078980320
20251125,063760,KR7063760003,이엘피,KOSDAQ,2315,125,5.71,2190,2340,2190,130498,294025627,9325130,21587675950
20251125,064090,KR7064090004,인크레더블버즈,KOSDAQ,1125,-2,-.18,1125,1142,1107,108280,120800982,49742745,55960588125
20251125,064240,KR7064240005,홈캐스트,KOSDAQ,1880,-35,-1.83,1917,1944,1870,75628,143639514,35038012,65871462560
20251125,064260,KR7064260003,다날,KOSDAQ,6570,-60,-.9,6700,6840,6510,893982,5900844455,74688827,490705593390
20251125,064290,KR7064290000,인텍플러스,KOSDAQ,11500,50,.44,11630,11800,11400,57403,665326230,12863962,147935563000
20251125,064350,KR7064350002,현대로템,KOSPI,177200,2200,1.26,176700,179100,175000,616585,109033615200,109142293,19340014319600
20251125,064400,KR7064400005,LG씨엔에스,KOSPI,56700,500,.89,57000,57300,56300,356941,20209124400,96885948,5493433251600
20251125,064480,KR7064480007,브리지텍,KOSDAQ,4590,-20,-.43,4685,4685,4570,10004,46161275,11952500,54861975000
20251125,064520,KR7064520000,테크엘,KOSDAQ,1579,2,.13,1574,1600,1546,21205,33349121,22351062,35292326898
20251125,064550,KR7064550007,바이오니아,KOSDAQ,12490,-300,-2.35,12830,12950,12450,95488,1205050230,25810291,322370534590
20251125,064760,KR7064760002,티씨케이,KOSDAQ,144700,-400,-.28,150700,150700,140700,76058,10899672250,11675000,1689372500000
20251125,064800,KR7064800006,포니링크,KOSDAQ,777,-13,-1.65,790,802,770,129639,100423830,127807298,99306270546
20251125,064820,KR7064820004,케이프,KOSDAQ,10460,10,.1,10550,10710,10350,147446,1544230375,30901728,323232074880
20251125,064850,KR7064850001,에프앤가이드,KOSDAQ,8580,0,0,8580,8680,8480,19797,169749235,11410332,97900648560
20251125,064960,KR7064960008,SNT모티브,KOSPI,29800,0,0,29700,30500,29550,72042,2153382275,26540272,790900105600
20251125,065060,KR7065060006,지엔코,KOSDAQ,733,0,0,744,748,733,89092,65613204,23800804,17445989332
20251125,065130,KR7065130007,탑엔지니어링,KOSDAQ,3290,0,0,3280,3330,3240,15107,49359695,16330482,53727285780
20251125,065150,KR7065150005,대산F&B,KOSDAQ,145,0,0,0,0,0,0,0,159382405,23110448725
20251125,065170,KR7065170003,비엘팜텍,KOSDAQ,585,-13,-2.17,600,616,574,138762,81788470,26683025,15609569625
20251125,065350,KR7065350001,신성델타테크,KOSDAQ,54100,1900,3.64,52900,54700,52200,95394,5096105700,27483948,1486881586800
20251125,065370,KR7065370009,위세아이텍,KOSDAQ,5500,50,.92,5480,5590,5450,17245,95340560,7383954,40611747000
20251125,065420,KR7065420002,에스아이리소스,KOSDAQ,246,-2,-.81,246,248,241,251045,61327402,71577299,17608015554
20251125,065440,KR7065440000,이루온,KOSDAQ,1622,-19,-1.16,1650,1672,1604,443653,723430318,27275020,44240082440
20251125,065450,KR7065450009,빅텍,KOSDAQ,3525,-25,-.7,3550,3595,3515,198676,703141817,28652800,101001120000
20251125,065500,KR7065500001,오리엔트정공,KOSDAQ,2360,15,.64,2335,2400,2320,197903,465419898,31742912,74913272320
20251125,065510,KR7065510000,휴비츠,KOSDAQ,7970,-30,-.38,8070,8070,7920,17665,140620795,11485863,91542328110
20251125,065530,KR7065530008,와이어블,KOSDAQ,1390,15,1.09,1379,1394,1354,49885,68482099,47838759,66495875010
20251125,065570,KR7065570004,삼영이엔씨,KOSDAQ,764,0,0,0,0,0,0,0,16093838,12295692232
20251125,065650,KR7065650004,하이퍼코퍼레이션,KOSDAQ,1832,43,2.4,1756,1886,1665,122673,220171399,13335216,24430115712
20251125,065660,KR7065660003,안트로젠,KOSDAQ,21950,100,.46,22000,22750,21900,10756,241201250,10006100,219633895000
20251125,065680,KR7065680001,우주일렉트로,KOSDAQ,36350,200,.55,36150,36750,34100,37968,1348378025,9240471,335891120850
20251125,065690,KR7065690000,파커스,KOSDAQ,936,7,.75,929,957,929,47867,44541446,14049331,13150173816
20251125,065710,KR7065710006,서호전기,KOSDAQ,43800,2050,4.91,42400,43850,42150,20421,884823275,5150000,225570000000
20251125,065770,KR7065770000,CS,KOSDAQ,795,4,.51,791,823,782,91622,72986264,19411130,15431848350
20251125,065950,KR7065950008,웰크론,KOSDAQ,1718,-33,-1.88,1736,1807,1685,45299,78458321,28231302,48501376836
20251125,066130,KR7066130006,하츠,KOSDAQ,4310,-25,-.58,4335,4350,4270,12375,53221855,12800000,55168000000
20251125,066310,KR7066310004,큐에스아이,KOSDAQ,7100,-40,-.56,7270,7490,6880,47168,336851580,9271621,65828509100
20251125,066360,KR7066360009,체리부로,KOSDAQ,722,-1,-.14,723,728,715,51231,36906577,47952015,34621354830
20251125,066410,KR7066410002,버킷스튜디오,KOSDAQ,1153,0,0,0,0,0,0,0,138453818,159637252154
20251125,066430,KR7066430000,아이로보틱스,KOSDAQ,1135,22,1.98,1125,1149,1065,90084,100176392,39153476,44439195260
20251125,066570,KR7066570003,LG전자,KOSPI,85200,1200,1.43,85800,87700,85100,485683,41743681650,162886387,13877920172400
20251125,066575,KR7066571001,LG전자우,KOSPI,46700,400,.86,46700,47800,46250,86148,4029225000,17185992,802585826400
20251125,066590,KR7066590001,우수AMS,KOSDAQ,2505,-5,-.2,2525,2565,2492,69598,174567861,38677937,96888232185
20251125,066620,KR7066620006,국보디자인,KOSDAQ,21200,200,.95,21100,21500,21050,1773,37663650,7500000,159000000000
20251125,066670,KR7066670001,디티씨,KOSDAQ,3025,165,5.77,2875,3125,2865,302684,911437776,18691918,56543051950
20251125,066700,KR7066700006,테라젠이텍스,KOSDAQ,2695,-10,-.37,2680,2725,2680,38479,103909185,37152376,100125653320
20251125,066790,KR7066790007,씨씨에스,KOSDAQ,1493,0,0,0,0,0,0,0,65152039,97271994227
20251125,066830,KR7066830001,제노텍,KONEX,1099,11,1.01,1099,1099,1099,1,1099,5667180,6228230820
20251125,066900,KR7066900002,디에이피,KOSDAQ,2045,95,4.87,1958,2050,1948,19389,38265024,22744503,46512508635
20251125,066910,KR7066910001,손오공,KOSDAQ,677,2,.3,675,705,647,359044,243580204,66933164,45313752028
20251125,066970,KR7066970005,엘앤에프,KOSPI,113600,2100,1.88,115200,116600,112000,306675,35189228350,39501064,4487320870400
20251125,066980,KR7066980004,한성크린텍,KOSDAQ,1400,18,1.3,1395,1480,1374,777368,1094286870,51935125,72709175000
20251125,067000,KR7067000000,조이시티,KOSDAQ,1876,-77,-3.94,1953,1999,1845,2505338,4761709472,69903446,131138864696
20251125,067010,KR7067010009,이씨에스,KOSDAQ,2385,25,1.06,2385,2415,2360,2645,6312120,12294000,29321190000
20251125,067080,KR7067080002,대화제약,KOSDAQ,16670,330,2.02,16350,17230,16350,246456,4167349120,18616650,310339555500
20251125,067160,KR7067160002,SOOP,KOSDAQ,67600,-700,-1.02,68400,69000,67500,24061,1639517600,11494767,777046249200
20251125,067170,KR7067170001,오텍,KOSDAQ,1735,-7,-.4,1742,1750,1719,15296,26423051,23891605,41451934675
20251125,067280,KR7067280008,멀티캠퍼스,KOSDAQ,32250,-200,-.62,32450,32700,32050,4405,141976300,5926779,191138622750
20251125,067290,KR7067290007,JW신약,KOSDAQ,1394,6,.43,1395,1401,1380,120260,166572724,53376126,74406319644
20251125,067310,KR7067310003,하나마이크론,KOSDAQ,24900,1500,6.41,24600,25400,24200,2213567,54877956325,66373651,1652703909900
20251125,067370,KR7067370007,선바이오,KOSDAQ,6180,0,0,6130,6180,5820,15810,94605220,12313555,76097769900
20251125,067390,KR7067390005,아스트,KOSDAQ,570,-11,-1.89,580,590,567,1112886,639922126,403157579,229799820030
20251125,067570,KR7067570002,엔브이에이치코리아,KOSDAQ,2280,30,1.33,2255,2290,2245,93464,211806912,42170000,96147600000
20251125,067630,KR7067630004,HLB생명과학,KOSDAQ,3905,175,4.69,3810,3950,3735,604904,2344045097,121917058,476086111490
20251125,067730,KR7067730002,로지시스,KOSDAQ,2640,5,.19,2635,2695,2605,6474,17033120,9673922,25539154080
20251125,067770,KR7067770008,세진티에스,KOSDAQ,2210,-25,-1.12,2210,2235,2090,4806,10519450,8396593,18556470530
20251125,067830,KR7067830000,세이브존I&C,KOSPI,2310,-10,-.43,2320,2345,2300,43619,100888205,41040895,94804467450
20251125,067900,KR7067900001,와이엔텍,KOSDAQ,6040,-60,-.98,6130,6140,6000,11242,67890010,18199659,109925940360
20251125,067920,KR7067920009,이글루,KOSDAQ,5390,80,1.51,5320,5390,5310,7249,38700940,10996119,59269081410
20251125,067990,KR7067990002,도이치모터스,KOSDAQ,4635,35,.76,4645,4660,4600,60604,280473136,29181550,135256484250
20251125,068050,KR7068050004,팬엔터테인먼트,KOSDAQ,1850,14,.76,1827,1868,1827,77563,143144116,27694076,51234040600
20251125,068100,KR7068100007,케이웨더,KOSDAQ,2750,-35,-1.26,2765,2850,2750,16722,46527650,9939614,27333938500
20251125,068240,KR7068240001,다원시스,KOSDAQ,3135,-40,-1.26,3180,3240,3090,286795,900056964,38163437,119642374995
20251125,068270,KR7068270008,셀트리온,KOSPI,182500,400,.22,183600,187600,182300,466759,86056801100,230960969,42150376842500
20251125,068290,KR7068290006,삼성출판사,KOSPI,11740,-230,-1.92,11870,12130,11730,35784,424802555,10000000,117400000000
20251125,068330,KR7068330000,일신바이오,KOSDAQ,1763,43,2.5,1730,1972,1718,21146893,39280508434,44216140,77953054820
20251125,068760,KR7068760008,셀트리온제약,KOSDAQ,58900,-200,-.34,59700,60200,58300,79127,4678672150,43681920,2572865088000
20251125,068790,KR7068790005,DMS,KOSDAQ,6330,0,0,0,0,0,0,0,23687123,149939488590
20251125,068930,KR7068930007,디지털대성,KOSDAQ,7640,-10,-.13,7590,7670,7570,46354,353136670,27675342,211439612880
20251125,068940,KR7068940006,셀피글로벌,KOSDAQ,778,0,0,0,0,0,0,0,45912716,35720093048
20251125,069080,KR7069080000,웹젠,KOSDAQ,13900,140,1.02,13880,14050,13720,68493,951765855,34600884,480952287600
20251125,069140,KR7069140002,누리플랜,KOSDAQ,2140,-30,-1.38,2170,2235,2105,96784,207528730,13102743,28039870020
20251125,069260,KR7069260008,TKG휴켐스,KOSPI,18200,280,1.56,17990,18220,17960,47665,862104570,40878588,743990301600
20251125,069330,KR7069330009,유아이디,KOSDAQ,1153,17,1.5,1136,1176,1121,45764,51961018,14191091,16362327923
20251125,069410,KR7069410009,엔텔스,KOSDAQ,4730,-95,-1.97,4825,4825,4700,19276,91152720,10244824,48458017520
20251125,069460,KR7069460004,대호에이엘,KOSPI,1815,3,.17,1812,1833,1807,415395,756332041,87071952,158035592880
20251125,069510,KR7069510006,에스텍,KOSDAQ,14550,330,2.32,14220,14650,14220,24994,361186840,10910000,158740500000
20251125,069540,KR7069540003,빛과전자,KOSDAQ,692,-7,-1,697,712,690,315190,220234106,59412866,41113703272
20251125,069620,KR7069620003,대웅제약,KOSPI,165400,-1900,-1.14,168100,170200,164500,30892,5149386250,11586575,1916419505000
20251125,069640,KR7069640001,한세엠케이,KOSPI,664,-13,-1.92,669,686,663,47550,31676730,44806502,29751517328
20251125,069730,KR7069730000,DSR제강,KOSPI,3450,45,1.32,3405,3505,3405,39254,135020595,14400000,49680000000
20251125,069920,KR7069920007,엑시온그룹,KOSDAQ,1029,-33,-3.11,1057,1057,1003,195366,201451251,40803162,41986453698
20251125,069960,KR7069960003,현대백화점,KOSPI,89300,-3100,-3.35,92000,92200,88400,59492,5356051350,22628813,2020753000900
20251125,070300,KR7070300009,엑스큐어,KOSDAQ,1229,-16,-1.29,1245,1260,1215,95130,116947359,23307078,28644398862
20251125,070590,KR7070590005,한솔인티큐브,KOSDAQ,2130,10,.47,2095,2135,2035,31008,64596789,13879521,29563379730
20251125,070960,KR7070960000,모나용평,KOSPI,3275,-30,-.91,3310,3375,3250,130719,431416689,48133333,157636665575
20251125,071050,KR7071050009,한국금융지주,KOSPI,154600,-1600,-1.02,160100,160300,153000,170964,26764951700,55725992,8615238363200
20251125,071055,KR7071051007,한국금융지주우,KOSPI,121400,300,.25,122500,125500,120000,27059,3311650200,5858251,711191671400
20251125,071090,KR7071090005,하이스틸,KOSPI,3560,-20,-.56,3640,3735,3530,114672,411716701,20191471,71881636760
20251125,071200,KR7071200000,인피니트헬스케어,KOSDAQ,5860,0,0,0,0,0,0,0,24396458,142963243880
20251125,071280,KR7071280002,로체시스템즈,KOSDAQ,9100,-90,-.98,9210,9440,9050,46050,423599645,15296603,139199087300
20251125,071320,KR7071320006,지역난방공사,KOSPI,105900,3500,3.42,103400,107000,103000,35784,3772729900,11578744,1226188989600
20251125,071670,KR7071670004,에이테크솔루션,KOSDAQ,5380,-20,-.37,5420,5490,5200,21127,112623910,10000000,53800000000
20251125,071840,KR7071840003,롯데하이마트,KOSPI,7500,-30,-.4,7590,7590,7440,12626,94624150,23607712,177057840000
20251125,071850,KR7071850002,캐스텍코리아,KOSDAQ,1620,-1,-.06,1630,1630,1587,2282,3676095,24260938,39302719560
20251125,071950,KR7071950000,코아스,KOSPI,3580,380,11.88,3120,3800,3120,514215,1821404711,11399543,40810363940
20251125,071970,KR7071970008,HD현대마린엔진,KOSPI,79600,-1100,-1.36,82500,82700,79000,122602,9851075600,33921495,2700151002000
20251125,072020,KR7072020001,중앙백신,KOSDAQ,9900,220,2.27,9750,10100,9750,74809,743581540,9658687,95621001300
20251125,072130,KR7072130008,유엔젤,KOSPI,5330,330,6.6,5240,5400,5100,241230,1265624740,12895454,68732769820
20251125,072470,KR7072470008,우리산업홀딩스,KOSDAQ,3275,-80,-2.38,3345,3395,3265,53446,176221335,18887341,61856041775
20251125,072710,KR7072710007,농심홀딩스,KOSPI,93500,-200,-.21,93900,95000,92400,18942,1775048400,4637790,433633365000
20251125,072770,KR7072770001,율호,KOSDAQ,1138,37,3.36,1132,1178,1103,596197,678103764,74112533,84340062554
20251125,072870,KR7072870009,메가스터디,KOSDAQ,11410,-20,-.17,11490,11490,11370,12578,143424570,11920959,136018142190
20251125,072950,KR7072950009,빛샘전자,KOSDAQ,5850,90,1.56,5800,5960,5710,81955,475959900,8052610,47107768500
20251125,072990,KR7072990005,에이치시티,KOSDAQ,12280,-460,-3.61,12980,13000,12120,97292,1228356115,7365316,90446080480
20251125,073010,KR7073010001,케이에스피,KOSDAQ,4660,-25,-.53,4705,4735,4577,158351,733928511,40191250,187291225000
20251125,073110,KR7073110009,엘엠에스,KOSDAQ,5020,-110,-2.14,5190,5190,4935,10442,52503790,8895755,44656690100
20251125,073190,KR7073190001,듀오백,KOSDAQ,1562,-17,-1.08,1578,1600,1550,13971,21917804,11968040,18694078480
20251125,073240,KR7073240004,금호타이어,KOSPI,5350,50,.94,5350,5480,5330,464162,2512593245,287260287,1536842535450
20251125,073490,KR7073490005,이노와이어리스,KOSDAQ,21450,250,1.18,21600,21800,21150,21911,471090650,7603846,163102496700
20251125,073540,KR7073540007,에프알텍,KOSDAQ,1992,7,.35,1962,2020,1962,317,627443,11400000,22708800000
20251125,073560,KR7073560005,우리손에프앤지,KOSDAQ,1488,-2,-.13,1491,1505,1480,98281,146712619,69237643,103025612784
20251125,073570,KR7073570004,리튬포어스,KOSDAQ,940,-21,-2.19,963,976,929,315438,297692332,60186641,56575442540
20251125,073640,KR7073640005,테라사이언스,KOSDAQ,654,0,0,0,0,0,0,0,106378770,69571715580
20251125,074430,KR7074430000,아미노로직스,KOSDAQ,946,19,2.05,923,954,916,179219,167578854,87826844,83084194424
20251125,074600,KR7074600008,원익QnC,KOSDAQ,19180,290,1.54,19450,19540,18990,178357,3424631105,26288000,504203840000
20251125,074610,KR7074610007,이엔플러스,KOSPI,511,0,0,0,0,0,0,0,73374729,37494486519
20251125,075130,KR7075130005,플랜티넷,KOSDAQ,2365,10,.42,2330,2370,2325,49727,116759935,16622320,39311786800
20251125,075180,KR7075180000,새론오토모티브,KOSPI,3100,15,.49,3130,3130,3070,16794,51694415,19200000,59520000000
20251125,075580,KR7075580001,세진중공업,KOSPI,18070,300,1.69,17870,18470,17560,453635,8081935360,56849456,1027269669920
20251125,075970,KR7075970004,동국알앤에스,KOSDAQ,2260,0,0,2265,2280,2200,60912,136074811,18400000,41584000000
20251125,076080,KR7076080001,웰크론한텍,KOSDAQ,1170,-30,-2.5,1201,1225,1170,28421,34178758,22594156,26435162520
20251125,076340,KR7076340009,지에이이노더스,KONEX,5200,0,0,0,0,0,0,0,4871460,25331592000
20251125,076610,KR7076610005,해성옵틱스,KOSDAQ,506,9,1.81,500,506,494,48067,24041467,44919473,22729253338
20251125,077360,KR7077360006,덕산하이메탈,KOSDAQ,5670,290,5.39,5510,5700,5510,562169,3153215070,45437002,257627801340
20251125,077500,KR7077500007,유니퀘스트,KOSPI,5930,0,0,6020,6090,5880,59916,356799890,21600102,128088604860
20251125,077970,KR7077970002,STX엔진,KOSPI,30500,-250,-.81,31050,31450,30200,183807,5647308050,40148063,1224515921500
20251125,078000,KR7078000007,텔코웨어,KOSPI,15510,-140,-.89,15680,15990,15340,21669,336581440,9240077,143313594270
20251125,078020,KR7078020005,LS증권,KOSDAQ,4690,-30,-.64,4755,4800,4660,77200,363804014,55481190,260206781100
20251125,078070,KR7078070000,유비쿼스홀딩스,KOSDAQ,10630,180,1.72,10500,10660,10390,48152,507142270,17604772,187138726360
20251125,078130,KR7078130002,국일제지,KOSDAQ,353,0,0,353,362,350,603036,214505275,1127405871,397974272463
20251125,078140,KR7078140001,대봉엘에스,KOSDAQ,11780,-90,-.76,11800,12030,11700,18518,219135950,11086579,130599900620
20251125,078150,KR7078150000,HB테크놀러지,KOSDAQ,1854,13,.71,1864,1904,1836,655184,1216732260,92715916,171895308264
20251125,078160,KR7078160009,메디포스트,KOSDAQ,15940,-40,-.25,16190,16270,15560,46886,745190820,39204603,624921371820
20251125,078340,KR7078340007,컴투스,KOSDAQ,30400,-50,-.16,30850,30900,30200,25454,776564325,12737755,387227752000
20251125,078350,KR7078350006,한양디지텍,KOSDAQ,22100,750,3.51,22200,22750,21450,340531,7469101475,15244382,336900842200
20251125,078520,KR7078520004,에이블씨엔씨,KOSPI,9290,-470,-4.82,9760,9830,9210,294747,2794882905,26014161,241671555690
20251125,078590,KR7078590007,휴림에이텍,KOSDAQ,760,-1,-.13,768,804,731,1311437,999636752,66210338,50319856880
20251125,078600,KR7078600004,대주전자재료,KOSDAQ,68400,0,0,69600,70200,68000,36504,2510955450,15480593,1058872561200
20251125,078860,KR7078860004,엔에스이엔엠,KOSDAQ,1315,-40,-2.95,1355,1360,1298,119031,156112474,59362257,78061367955
20251125,078890,KR7078890001,가온그룹,KOSDAQ,5100,70,1.39,5230,5420,5040,567884,2952934810,18046872,92039047200
20251125,078930,KR7078930005,GS,KOSPI,57500,-2100,-3.52,59600,59700,56900,320394,18478422050,92915378,5342634235000
20251125,078935,KR7078931003,GS우,KOSPI,47650,-850,-1.75,48950,48950,47600,9835,471412150,1784826,85046958900
20251125,079000,KR7079000006,와토스코리아,KOSDAQ,5470,-20,-.36,5490,5510,5430,4305,23585960,7200000,39384000000
20251125,079160,KR7079160008,CJ CGV,KOSPI,5540,-10,-.18,5570,5670,5500,437610,2449583315,165581465,917321316100
20251125,079170,KR7079170007,한창산업,KOSDAQ,6770,-10,-.15,6780,6880,6700,3982,26789060,5200000,35204000000
20251125,079190,KR7079190005,케스피온,KOSDAQ,497,15,3.11,480,500,480,78350,38249431,38355514,19062690458
20251125,079370,KR7079370003,제우스,KOSDAQ,12800,80,.63,12910,13110,12600,80661,1034634905,31016990,397017472000
20251125,079430,KR7079430005,현대리바트,KOSPI,6130,-90,-1.45,6300,6300,6080,149500,917510710,20535282,125881278660
20251125,079550,KR7079550000,LIG넥스원,KOSPI,384500,-9500,-2.41,397500,399000,383000,127289,49397871500,22000000,8459000000000
20251125,079650,KR7079650008,서산,KOSDAQ,1489,-38,-2.49,1510,1809,1439,1267871,2111746678,20000000,29780000000
20251125,079810,KR7079810008,디이엔티,KOSDAQ,5140,-30,-.58,5170,5330,5100,53292,275136865,22028094,113224403160
20251125,079900,KR7079900007,전진건설로봇,KOSPI,47400,-1650,-3.36,49100,49150,46100,168192,7942799975,14592545,691686633000
20251125,079940,KR7079940003,가비아,KOSDAQ,32650,5150,18.73,32550,33600,31900,582040,18928276500,13535684,441940082600
20251125,079950,KR7079950002,인베니아,KOSDAQ,490,0,0,0,0,0,0,0,23200000,11368000000
20251125,079960,KR7079960001,동양이엔피,KOSDAQ,24000,150,.63,24050,24450,23650,36013,866906275,7860000,188640000000
20251125,079970,KR7079970000,투비소프트,KOSDAQ,596,0,0,0,0,0,0,0,12242150,7296321400
20251125,079980,KR7079980009,휴비스,KOSPI,2680,-25,-.92,2750,2750,2665,30803,83245370,34500000,92460000000
20251125,080010,KR7080010002,이상네트웍스,KOSDAQ,7250,130,1.83,7120,7250,6990,5202,37099600,9835071,71304264750
20251125,080160,KR7080160005,모두투어,KOSDAQ,10540,10,.09,10640,11700,10440,670292,7398771530,18900000,199206000000
20251125,080220,KR7080220007,제주반도체,KOSDAQ,18300,470,2.64,18780,19130,18180,559973,10427145255,34442833,630303843900
20251125,080420,KR7080420003,모다이노칩,KOSDAQ,1660,-7,-.42,1670,1674,1660,4129,6882268,79721622,132337892520
20251125,080470,KR7080470008,성창오토텍,KOSDAQ,3865,5,.13,3860,3975,3750,12694,48575790,7300000,28214500000
20251125,080520,KR7080520000,오디텍,KOSDAQ,2980,-10,-.33,3125,3125,2980,5124,15454765,11746609,35004894820
20251125,080530,KR7080530009,코디,KOSDAQ,1144,-7,-.61,1152,1173,1111,60537,69266937,55510875,63504441000
20251125,080580,KR7080580004,오킨스전자,KOSDAQ,8270,520,6.71,7840,8480,7840,334975,2761051140,19802101,163763375270
20251125,080720,KR7080720006,한국유니온제약,KOSDAQ,2725,0,0,0,0,0,0,0,7912828,21562456300
20251125,081000,KR7081000002,일진다이아,KOSPI,12040,0,0,12030,12380,11930,20726,249047200,14202975,171003819000
20251125,081150,KR7081150005,티플랙스,KOSDAQ,2880,-15,-.52,2880,2960,2855,66592,192514045,24268402,69892997760
20251125,081180,KR7081180002,쎄크,KOSDAQ,12640,1330,11.76,11080,13320,10720,10315018,126269327955,8825535,111554762400
20251125,081580,KR7081580003,성우전자,KOSDAQ,2260,-15,-.66,2285,2320,2245,67550,153186795,15508143,35048403180
20251125,081660,KR7081660003,미스토홀딩스,KOSPI,41650,100,.24,41900,42300,41250,80051,3332591575,60095839,2502991694350
20251125,082210,KR7082210006,옵트론텍,KOSDAQ,1603,-23,-1.41,1628,1644,1600,47446,76679038,33192374,53207375522
20251125,082270,KR7082270000,젬백스,KOSDAQ,34500,-2400,-6.5,37350,37650,33150,460221,16012205950,42390393,1462468558500
20251125,082640,KR7082640004,동양생명,KOSPI,6330,-220,-3.36,6560,6600,6320,129985,834795520,161358585,1021399843050
20251125,082660,KR7082660002,코스나인,KOSDAQ,480,0,0,0,0,0,0,0,99640869,47827617120
20251125,082740,KR7082740002,한화엔진,KOSPI,42150,-700,-1.63,43300,43750,41850,627180,26711107125,83447142,3517297035300
20251125,082800,KR7082800004,비보존 제약,KOSDAQ,4250,-205,-4.6,4275,4450,4170,416817,1778012923,50104666,212944830500
20251125,082850,KR7082850009,우리바이오,KOSDAQ,1973,-12,-.6,1997,2025,1951,196895,390104730,48456578,95604828394
20251125,082920,KR7082920000,비츠로셀,KOSDAQ,26150,0,0,26200,26550,25950,25148,657734475,22872213,598108369950
20251125,083310,KR7083310003,엘오티베큠,KOSDAQ,12030,-20,-.17,12210,12480,11940,46255,561600030,17810033,214254696990
20251125,083420,KR7083420000,그린케미칼,KOSPI,6480,-10,-.15,6420,6680,6400,29570,191431980,24000000,155520000000
20251125,083450,KR7083450007,GST,KOSDAQ,25150,250,1,25750,26000,24800,191858,4844919525,18430000,463514500000
20251125,083470,KR7083470005,이엠앤아이,KOSDAQ,822,-24,-2.84,848,865,822,94536,78890275,21340329,17541750438
20251125,083500,KR7083500009,에프엔에스테크,KOSDAQ,14020,640,4.78,13740,14320,13690,186674,2612251130,8575722,120231622440
20251125,083550,KR7083550004,케이엠,KOSDAQ,3330,-250,-6.98,3595,3650,3230,375303,1242128010,12950887,43126453710
20251125,083640,KR7083640003,인콘,KOSDAQ,262,-4,-1.5,266,269,261,156610,41361423,77720351,20362731962
20251125,083650,KR7083650002,비에이치아이,KOSDAQ,42450,-150,-.35,43500,44400,41750,527183,22550469400,30944375,1313588718750
20251125,083660,KR7083660001,CSA 코스믹,KOSDAQ,548,-12,-2.14,562,574,543,363726,201552588,61247181,33563455188
20251125,083790,KR7083790006,CG인바이츠,KOSDAQ,1453,33,2.32,1431,1460,1417,86494,124189476,76894182,111727246446
20251125,083930,KR7083930008,아바코,KOSDAQ,13540,-20,-.15,13560,13900,13500,24624,335112925,14677249,198729951460
20251125,084010,KR7084010008,대한제강,KOSPI,15880,0,0,15990,16190,15850,15082,240863760,23414397,371820624360
20251125,084110,KR7084110006,휴온스글로벌,KOSDAQ,47200,-1550,-3.18,49100,49800,47100,48771,2333790100,12659812,597543126400
20251125,084180,KR7084180009,수성웹툰,KOSDAQ,3210,50,1.58,3160,3290,3080,42414,136041420,18074283,58018448430
20251125,084370,KR7084370006,유진테크,KOSDAQ,77200,100,.13,80900,82300,76500,258776,20224631850,22916042,1769118442400
20251125,084440,KR7084440007,유비온,KOSDAQ,917,-40,-4.18,946,957,910,31499,29222591,19712800,18076637600
20251125,084650,KR7084650001,랩지노믹스,KOSDAQ,2145,-5,-.23,2150,2190,2140,480417,1037125420,74239990,159244778550
20251125,084670,KR7084670009,동양고속,KOSPI,15600,-40,-.26,16310,18640,15500,2313249,38732322075,2895569,45170876400
20251125,084680,KR7084680008,이월드,KOSPI,1281,-18,-1.39,1299,1312,1280,135801,174784725,141806193,181653733233
20251125,084690,KR7084690007,대상홀딩스,KOSPI,9330,-170,-1.79,9470,9550,9300,117196,1099917875,36212538,337862979540
20251125,084695,KR7084691005,대상홀딩스우,KOSPI,13500,-340,-2.46,13660,13820,13400,12140,165224130,913482,12332007000
20251125,084730,KR7084730001,팅크웨어,KOSDAQ,7570,-90,-1.17,7600,7730,7520,8299,62904875,11109424,84098339680
20251125,084850,KR7084850007,아이티엠반도체,KOSDAQ,10570,130,1.25,10680,10680,10310,23920,249797680,22682934,239758612380
20251125,084870,KR7084870005,TBH글로벌,KOSPI,1311,-15,-1.13,1326,1326,1270,42550,55124708,20856819,27343289709
20251125,084990,KR7084990001,헬릭스미스,KOSDAQ,5490,220,4.17,5390,5490,5190,163690,874043575,46092797,253049455530
20251125,085310,KR7085310001,엔케이,KOSPI,1234,-8,-.64,1250,1287,1225,2022855,2516939401,78880322,97338317348
20251125,085620,KR7085620003,미래에셋생명,KOSPI,8960,120,1.36,8790,9110,8790,101021,904972980,177016189,1586065053440
20251125,085660,KR7085660009,차바이오텍,KOSDAQ,12140,-150,-1.22,12430,12490,12080,227370,2788909525,76426183,927813861620
20251125,085670,KR7085670008,뉴프렉스,KOSDAQ,4590,105,2.34,4580,4660,4515,75112,346361610,24450761,112228992990
20251125,085810,KR7085810000,알티캐스트,KOSDAQ,508,10,2.01,498,509,488,162725,80648990,60805292,30889088336
20251125,085910,KR7085910008,네오티스,KOSDAQ,5050,-140,-2.7,5220,5250,4985,238203,1212359090,13934818,70370830900
20251125,086040,KR7086040003,바이오톡스텍,KOSDAQ,2635,-15,-.57,2650,2695,2615,11478,30312285,15958247,42049980845
20251125,086060,KR7086060001,진바이오텍,KOSDAQ,3945,30,.77,3880,4205,3875,290368,1168720008,8610587,33968765715
20251125,086220,KR7086220001,광동헬스바이오,KONEX,1270,-10,-.78,1236,1277,1235,699,863972,10573865,13428808550
20251125,086280,KR7086280005,현대글로비스,KOSPI,160000,1600,1.01,159900,161750,158500,82121,13140854050,75000000,12000000000000
20251125,086390,KR7086390002,유니테스트,KOSDAQ,14500,950,7.01,13550,15280,13460,632601,9208775405,21134126,306444827000
20251125,086450,KR7086450004,동국제약,KOSDAQ,17850,-50,-.28,18050,18150,17600,180281,3215004835,45230420,807362997000
20251125,086520,KR7086520004,에코프로,KOSDAQ,75200,-100,-.13,78000,78700,74700,1687724,129103813300,135776152,10210366630400
20251125,086670,KR7086670007,비엠티,KOSDAQ,13460,80,.6,13380,13690,13270,21264,286918880,9925885,133602412100
20251125,086710,KR7086710001,선진뷰티사이언스,KOSDAQ,8980,-80,-.88,9060,9160,8880,28481,255601910,12203280,109585454400
20251125,086790,KR7086790003,하나금융지주,KOSPI,90800,1300,1.45,91000,93100,90200,655231,59780790100,278325814,25271983911200
20251125,086820,KR7086820008,바이오솔루션,KOSDAQ,7950,-100,-1.24,8050,8290,7910,52432,419826480,24286310,193076164500
20251125,086890,KR7086890001,이수앱지스,KOSDAQ,5820,220,3.93,5600,5940,5540,625562,3643817240,39669031,230873760420
20251125,086900,KR7086900008,메디톡스,KOSDAQ,120400,-3000,-2.43,124200,124800,120400,26300,3199433150,7298497,878739038800
20251125,086960,KR7086960002,MDS테크,KOSDAQ,1321,10,.76,1333,1352,1306,613818,812333462,92821788,122617581948
20251125,086980,KR7086980000,쇼박스,KOSDAQ,2395,-65,-2.64,2460,2480,2370,185767,445892818,62638000,150018010000
20251125,087010,KR7087010005,펩트론,KOSDAQ,318500,5500,1.76,313500,328500,311000,254757,81468089500,23317350,7426575975000
20251125,087260,KR7087260006,모바일어플라이언스,KOSDAQ,1576,-19,-1.19,1596,1623,1576,181436,288401024,32552861,51303308936
20251125,087600,KR7087600003,픽셀플러스,KOSDAQ,5670,-10,-.18,5570,5830,5570,6614,37225600,8166558,46304383860
20251125,088130,KR7088130000,동아엘텍,KOSDAQ,3855,-5,-.13,3885,4055,3750,354737,1394317729,17485314,67405885470
20251125,088260,KR7088260005,이리츠코크렙,KOSPI,4855,75,1.57,4780,4855,4760,92988,448178795,63341590,307523419450
20251125,088280,KR7088280003,쏘닉스,KOSDAQ,1995,0,0,2035,2095,1971,16900,34044841,17306490,34526447550
20251125,088290,KR7088290002,이원컴포텍,KOSDAQ,922,-11,-1.18,961,961,917,48611,45480830,39880364,36769695608
20251125,088340,KR7088340005,유라클,KOSDAQ,15580,130,.84,15670,16250,15400,101803,1602780780,4358068,67898699440
20251125,088350,KR7088350004,한화생명,KOSPI,2940,-10,-.34,2975,3010,2930,1354754,4007364439,868530000,2553478200000
20251125,088390,KR7088390000,이녹스,KOSDAQ,9230,250,2.78,9020,9250,8880,13860,124917500,9385844,86631340120
20251125,088790,KR7088790001,진도,KOSPI,2015,10,.5,1993,2015,1977,18836,37558126,12447744,25082204160
20251125,088800,KR7088800008,에이스테크,KOSDAQ,3265,15,.46,3325,3450,3125,156311,514579830,75506434,246528507010
20251125,088910,KR7088910005,동우팜투테이블,KOSDAQ,2020,-20,-.98,2035,2035,2005,8848,17830965,25831764,52180163280
20251125,088980,KR7088980008,맥쿼리인프라,KOSPI,11440,-100,-.87,11530,11560,11430,1177525,13525594895,478921993,5478867599920
20251125,089010,KR7089010003,켐트로닉스,KOSDAQ,28650,-50,-.17,29450,29900,28400,341364,9887997200,16339323,468121603950
20251125,089030,KR7089030001,테크윙,KOSDAQ,45100,0,0,46600,46900,44250,406110,18382741975,37053645,1671119389500
20251125,089140,KR7089140008,넥스턴앤롤코리아,KOSDAQ,2185,-55,-2.46,2240,2275,2150,47418,104337837,14916234,32591971290
20251125,089150,KR7089150007,케이씨티,KOSDAQ,3180,40,1.27,3115,3220,3090,76111,238918225,17150000,54537000000
20251125,089230,KR7089230007,THE E&M,KOSDAQ,951,0,0,939,984,930,28367,26840446,26612953,25308918303
20251125,089470,KR7089470009,HDC현대EP,KOSPI,3975,-70,-1.73,4045,4085,3950,44596,178418615,31900000,126802500000
20251125,089590,KR7089590004,제주항공,KOSPI,5310,-110,-2.03,5430,5480,5250,73230,391534215,80640985,428203630350
20251125,089600,KR7089600001,KT나스미디어,KOSDAQ,12900,-90,-.69,13000,13040,12850,9989,129050160,11568163,149229302700
20251125,089790,KR7089790000,제이티,KOSDAQ,4220,135,3.3,4110,4300,4105,59209,249076599,10315513,43531464860
20251125,089850,KR7089850002,유비벨록스,KOSDAQ,5590,-20,-.36,5580,5670,5500,28347,157495520,14730199,82341812410
20251125,089860,KR7089860001,롯데렌탈,KOSPI,32250,-750,-2.27,32700,32850,32000,46985,1521534700,36309388,1170977763000
20251125,089890,KR7089890008,코세스,KOSDAQ,25100,-1250,-4.74,26650,27800,24300,199209,5029218875,16584962,416282546200
20251125,089970,KR7089970008,브이엠,KOSDAQ,24300,550,2.32,24600,26250,23950,629436,15633583450,24095595,585522958500
20251125,089980,KR7089980007,상아프론테크,KOSDAQ,16070,-10,-.06,16080,16210,15820,39443,629196950,15989037,256943824590
20251125,090080,KR7090080003,평화산업,KOSPI,918,-11,-1.18,916,938,915,126061,116072407,54902259,50400273762
20251125,090150,KR7090150004,아이윈,KOSDAQ,715,-13,-1.79,720,758,710,81654,58556604,41875293,29940834495
20251125,090350,KR7090350000,노루페인트,KOSPI,8100,40,.5,8060,8170,8030,20438,165123310,20000000,162000000000
20251125,090355,KR7090351008,노루페인트우,KOSPI,13150,80,.61,13800,13800,12900,1218,16086300,463126,6090106900
20251125,090360,KR7090360009,로보스타,KOSDAQ,62600,-1500,-2.34,65400,65400,61550,258402,16316620250,9750000,610350000000
20251125,090370,KR7090370008,메타랩스,KOSPI,1510,-14,-.92,1554,1554,1450,247349,373728859,24904689,37606080390
20251125,090410,KR7090410002,덕신이피씨,KOSDAQ,1296,-16,-1.22,1300,1327,1280,611438,792261078,46084095,59724987120
20251125,090430,KR7090430000,아모레퍼시픽,KOSPI,126400,-4500,-3.44,132100,132100,125800,249048,31953921900,58492759,7393484737600
20251125,090435,KR7090431008,아모레퍼시픽우,KOSPI,46650,-1350,-2.81,48200,48300,46550,16827,792954275,10557830,492522769500
20251125,090460,KR7090460007,비에이치,KOSPI,16230,330,2.08,16000,16460,16000,152038,2471403170,33711538,547138261740
20251125,090470,KR7090470006,제이스텍,KOSDAQ,4620,200,4.52,4440,4775,4405,111385,511941601,17476594,80741864280
20251125,090710,KR7090710005,휴림로봇,KOSDAQ,4770,-140,-2.85,5000,5040,4727,5954091,28729689047,119457197,569810829690
20251125,090850,KR7090850009,현대이지웰,KOSDAQ,4910,30,.61,4885,4950,4865,43632,213284035,23746361,116594632510
20251125,091120,KR7091120006,이엠텍,KOSDAQ,8090,-320,-3.8,8400,8560,8090,61336,512562660,17132936,138605452240
20251125,091340,KR7091340000,S&K폴리텍,KOSDAQ,2320,-20,-.85,2345,2365,2255,55911,128046568,11703721,27152632720
20251125,091440,KR7091440008,한울소재과학,KOSDAQ,2495,-50,-1.96,2545,2615,2415,119457,296841818,29215844,72893530780
20251125,091580,KR7091580001,상신이디피,KOSDAQ,13110,540,4.3,12680,13230,12670,198687,2582671325,13328219,174732951090
20251125,091590,KR7091590000,남화토건,KOSDAQ,3725,-45,-1.19,3765,3795,3695,1849,6938820,11740000,43731500000
20251125,091700,KR7091700005,파트론,KOSDAQ,6770,50,.74,6770,6850,6730,147986,1004083780,57000000,385890000000
20251125,091810,KR7091810002,티웨이항공,KOSPI,1589,-5,-.31,1590,1600,1580,266268,422841417,272167825,432474673925
20251125,091970,KR7091970004,나노캠텍,KOSDAQ,657,16,2.5,641,664,625,128377,83140975,37673903,24751754271
20251125,092040,KR7092040005,아미코젠,KOSDAQ,2765,-55,-1.95,2860,2880,2725,249467,693246106,55730013,154093485945
20251125,092070,KR7092070002,디엔에프,KOSDAQ,13190,90,.69,13500,13670,13190,21903,293563490,11571858,152632807020
20251125,092130,KR7092130004,이크레더블,KOSDAQ,17410,70,.4,17500,17500,17350,8679,151337500,12043600,209679076000
20251125,092190,KR7092190008,서울바이오시스,KOSDAQ,2485,-50,-1.97,2545,2550,2440,34872,87076660,45868383,113982931755
20251125,092200,KR7092200005,디아이씨,KOSPI,6760,-180,-2.59,6990,7600,6710,3961798,28295702440,38888569,262886726440
20251125,092220,KR7092220003,KEC,KOSPI,691,23,3.44,671,693,671,531529,362565318,200763141,138727330431
20251125,092230,KR7092230002,KPX홀딩스,KOSPI,71300,-200,-.28,71100,71600,70200,1540,109008150,4224646,301217259800
20251125,092300,KR7092300003,현우산업,KOSDAQ,3320,-40,-1.19,3460,3460,3275,207910,694881570,18672816,61993749120
20251125,092440,KR7092440007,기신정기,KOSPI,2300,-10,-.43,2340,2340,2300,10966,25308995,29200000,67160000000
20251125,092460,KR7092460005,한라IMS,KOSDAQ,15220,160,1.06,15150,15550,15070,101709,1554791780,17109680,260409329600
20251125,092590,KR7092590009,럭스피아,KONEX,439,17,4.03,485,485,435,22,10574,7291098,3200792022
20251125,092600,KR7092600006,앤씨앤,KOSDAQ,515,-4,-.77,521,538,501,98929,51078714,25083517,12918011255
20251125,092730,KR7092730001,네오팜,KOSDAQ,18180,-560,-2.99,18750,18850,18130,60819,1114546140,16027989,291388840020
20251125,092780,KR7092780006,DYP,KOSPI,3365,105,3.22,3240,3390,3235,37926,126861725,13168460,44311867900
20251125,092790,KR7092790005,넥스틸,KOSPI,10120,80,.8,10050,10430,9990,75387,762360550,26002000,263140240000
20251125,092870,KR7092870005,엑시콘,KOSDAQ,14700,720,5.15,14420,14900,14300,179372,2615689735,13050797,191846715900
20251125,093050,KR7093050003,LF,KOSPI,17250,-30,-.17,17280,17310,17070,63568,1090724960,29240000,504390000000
20251125,093190,KR7093190007,빅솔론,KOSDAQ,6000,30,.5,5960,6040,5960,7339,44021110,19238905,115433430000
20251125,093240,KR7093240000,형지엘리트,KOSPI,1272,-14,-1.09,1280,1317,1255,689437,879236235,38390259,48832409448
20251125,093320,KR7093320000,케이아이엔엑스,KOSDAQ,94500,6500,7.39,89400,96000,88100,56132,5276851150,4880000,461160000000
20251125,093370,KR7093370005,후성,KOSPI,7400,-400,-5.13,7980,8000,7310,2592852,19454683670,107255330,793689442000
20251125,093380,KR7093380004,풍강,KOSDAQ,2610,15,.58,2595,2640,2560,5713,14805835,9879313,25785006930
20251125,093510,KR7093510006,엔지브이아이,KONEX,923,117,14.52,686,923,686,102,70209,6020000,5556460000
20251125,093520,KR7093520005,매커스,KOSDAQ,21650,0,0,21800,22500,21250,47708,1039659175,14163092,306630941800
20251125,093640,KR7093640001,케이알엠,KOSDAQ,3405,30,.89,3385,3490,3385,16529,56721972,32623851,111084212655
20251125,093920,KR7093920007,서원인텍,KOSDAQ,5540,-40,-.72,5580,5580,5530,11484,63749600,18600000,103044000000
20251125,094170,KR7094170008,동운아나텍,KOSDAQ,23850,2050,9.4,22150,23900,22150,469912,10925055900,20909936,498701973600
20251125,094280,KR7094280005,효성ITX,KOSPI,12790,-50,-.39,12800,12910,12740,13916,178164740,11558200,147829378000
20251125,094360,KR7094360005,칩스앤미디어,KOSDAQ,14120,250,1.8,14200,14360,13930,46590,657643895,21279274,300463348880
20251125,094480,KR7094480001,갤럭시아머니트리,KOSDAQ,9030,-780,-7.95,9920,10200,9030,1195779,11174843125,39229838,354245437140
20251125,094800,KR7094800000,맵스리얼티,KOSPI,5340,70,1.33,5210,5340,5200,239083,1264398720,92834331,495735327540
20251125,094820,KR7094820008,일진파워,KOSDAQ,10370,130,1.27,10320,10480,10200,46918,484054165,15078709,156366212330
20251125,094840,KR7094840006,슈프리마에이치큐,KOSDAQ,6120,40,.66,6090,6180,6090,8287,50793300,10471840,64087660800
20251125,094850,KR7094850005,참좋은여행,KOSDAQ,6000,-240,-3.85,6220,6260,6000,533560,3256935340,14000000,84000000000
20251125,094860,KR7094860004,네오리진,KOSDAQ,1098,-24,-2.14,1111,1111,1071,62418,68336589,24049569,26406426762
20251125,094940,KR7094940004,푸른기술,KOSDAQ,7140,-40,-.56,7220,7350,7050,47212,337558875,8361386,59700296040
20251125,094970,KR7094970001,제이엠티,KOSDAQ,2780,-5,-.18,2785,2815,2715,177937,489790050,16748240,46560107200
20251125,095190,KR7095190005,이엠코리아,KOSDAQ,1969,-7,-.35,1976,2000,1967,86589,171193291,65260462,128497849678
20251125,095270,KR7095270005,웨이브일렉트로,KOSDAQ,4600,15,.33,4570,4670,4405,39373,178504350,14372406,66113067600
20251125,095340,KR7095340006,ISC,KOSDAQ,102600,14400,16.33,94800,113500,93600,1462890,151153090950,21197058,2174818150800
20251125,095500,KR7095500005,미래나노텍,KOSDAQ,11410,30,.26,11900,12030,11370,371856,4336808445,31009999,353824088590
20251125,095570,KR7095570008,AJ네트웍스,KOSPI,4640,-65,-1.38,4680,4745,4605,152470,711118020,45252759,209972801760
20251125,095610,KR7095610002,테스,KOSDAQ,38300,-900,-2.3,40350,40950,38000,150830,5836639575,19768226,757123055800
20251125,095660,KR7095660007,네오위즈,KOSDAQ,24800,350,1.43,24650,24850,24350,37151,914836600,21856816,542049036800
20251125,095700,KR7095700001,제넥신,KOSDAQ,4890,-140,-2.78,5060,5170,4850,100372,495891832,45540494,222693015660
20251125,095720,KR7095720009,웅진씽크빅,KOSPI,1363,-8,-.58,1365,1410,1360,131315,179247196,115505985,157434657555
20251125,095910,KR7095910006,에스에너지,KOSDAQ,1513,-87,-5.44,1612,1612,1513,108036,167858341,22902821,34651968173
20251125,096240,KR7096240007,크레버스,KOSDAQ,12460,-20,-.16,12500,12500,12390,21445,266552370,11138180,138781722800
20251125,096250,KR7096250006,와이즈넛,KOSDAQ,11280,110,.98,11190,11520,11180,29809,337906935,13096536,147728926080
20251125,096350,KR7096350004,대창솔루션,KOSDAQ,2035,20,.99,2015,2075,2005,107284,218739005,36854762,74999440670
20251125,096530,KR7096530001,씨젠,KOSDAQ,24800,350,1.43,24650,25150,24600,132795,3301048225,52225994,1295204651200
20251125,096610,KR7096610001,알에프세미,KOSDAQ,2965,0,0,0,0,0,0,0,17386411,51550708615
20251125,096630,KR7096630009,에스코넥,KOSDAQ,594,-10,-1.66,611,615,593,235696,141484978,79381616,47152679904
20251125,096690,KR7096690003,에이루트,KOSDAQ,1830,2,.11,1875,1875,1790,60581,109985494,24137053,44170806990
20251125,096760,KR7096760004,JW홀딩스,KOSPI,3550,5,.14,3550,3600,3530,97442,346578856,73924942,262433544100
20251125,096770,KR7096770003,SK이노베이션,KOSPI,111000,-300,-.27,113500,114000,109900,170364,18960067100,169052788,18764859468000
20251125,096775,KR7096771001,SK이노베이션우,KOSPI,72900,-2200,-2.93,75000,75800,72800,16059,1184387800,1248426,91010255400
20251125,096870,KR7096870001,엘디티,KOSDAQ,2475,-15,-.6,2490,2550,2455,29866,74505285,6678400,16529040000
20251125,097230,KR7097230007,HJ중공업,KOSPI,20250,-300,-1.46,20800,21000,20150,957574,19539881000,90295344,1828480716000
20251125,097520,KR7097520001,엠씨넥스,KOSPI,25350,-300,-1.17,25800,26050,25350,22573,578444350,17980482,455805218700
20251125,097780,KR7097780001,에코볼트,KOSDAQ,946,-4,-.42,950,960,943,38274,36214423,67730338,64072899748
20251125,097800,KR7097800007,윈팩,KOSDAQ,506,9,1.81,506,521,499,605730,307803873,136450229,69043815874
20251125,097870,KR7097870000,효성오앤비,KOSDAQ,6010,-60,-.99,6070,6130,5950,22465,134825390,8490000,51024900000
20251125,097950,KR7097950000,CJ제일제당,KOSPI,209500,-5000,-2.33,215500,216500,209000,87838,18568844250,15054186,3153851967000
20251125,097955,KR7097951008,CJ제일제당 우,KOSPI,136800,-100,-.07,137500,137600,136300,3675,502589050,1327433,181592834400
20251125,098070,KR7098070006,한텍,KOSDAQ,32600,-500,-1.51,33100,33550,32350,53002,1739174175,11121141,362549196600
20251125,098120,KR7098120009,마이크로컨텍솔,KOSDAQ,18900,1150,6.48,18440,19300,18210,182208,3449827370,8312766,157111277400
20251125,098460,KR7098460009,고영,KOSDAQ,19100,210,1.11,19410,19460,18780,4652846,88941648950,68654755,1311305820500
20251125,098660,KR7098660004,에스티오,KOSDAQ,1861,6,.32,1859,1868,1849,6238,11592449,12500976,23264316336
20251125,099190,KR7099190001,아이센스,KOSDAQ,16530,-240,-1.43,16900,17190,16530,50495,847341525,27586926,456011886780
20251125,099220,KR7099220006,SDN,KOSDAQ,1115,11,1,1093,1138,1093,122816,136185865,64944350,72412950250
20251125,099320,KR7099320004,쎄트렉아이,KOSDAQ,55800,1800,3.33,54500,56800,54100,62503,3465403350,10951278,611081312400
20251125,099390,KR7099390007,브레인즈컴퍼니,KOSDAQ,4995,-45,-.89,5040,5070,4945,3925,19574295,8208283,41000373585
20251125,099410,KR7099410003,동방선기,KOSDAQ,4735,-80,-1.66,4815,4900,4655,113488,537993951,14000000,66290000000
20251125,099430,KR7099430001,바이오플러스,KOSDAQ,5420,-60,-1.09,5550,5595,5410,306959,1683010385,61640722,334092713240
20251125,099440,KR7099440000,스맥,KOSDAQ,4870,295,6.45,4790,5160,4625,32154933,156959032768,68243394,332345328780
20251125,099520,KR7099520009,DGI,KOSDAQ,1284,0,0,0,0,0,0,0,45281824,58141862016
20251125,099750,KR7099750002,이지케어텍,KOSDAQ,16450,10,.06,16700,16850,16290,16799,279579740,6834776,112432065200
20251125,100030,KR7100030006,인지소프트,KOSDAQ,21650,0,0,21700,21850,21200,7889,169871750,3283714,71092408100
20251125,100090,KR7100090000,SK오션플랜트,KOSPI,18760,50,.27,18710,19190,18420,723032,13479105425,62478129,1172089700040
20251125,100120,KR7100120005,뷰웍스,KOSDAQ,19000,-140,-.73,19140,19140,18800,25316,478885945,9750000,185250000000
20251125,100130,KR7100130004,동국S&C,KOSDAQ,2015,20,1,2000,2025,1988,80464,160922857,57143000,115143145000
20251125,100220,KR7100220003,비상교육,KOSPI,5050,-180,-3.44,5320,5320,5030,42846,219910880,12996741,65633542050
20251125,100250,KR7100250000,진양홀딩스,KOSPI,3275,10,.31,3240,3275,3240,33808,110236666,55895292,183057081300
20251125,100590,KR7100590009,머큐리,KOSDAQ,3120,-25,-.79,3155,3200,3095,38819,121445995,15830023,49389671760
20251125,100660,KR7100660000,서암기계공업,KOSDAQ,3545,-135,-3.67,3670,3670,3400,126392,449441391,12600000,44667000000
20251125,100700,KR7100700004,세운메디칼,KOSDAQ,2400,-10,-.41,2385,2415,2380,21396,51193740,43800000,105120000000
20251125,100790,KR7100790005,미래에셋벤처투자,KOSDAQ,7750,90,1.17,7760,7980,7660,66995,522396000,53124634,411715913500
20251125,100840,KR7100840008,SNT에너지,KOSPI,37300,150,.4,38000,38300,36600,100783,3741297725,20680783,771393205900
20251125,101000,KR7101000008,KS인더스트리,KOSDAQ,758,-30,-3.81,788,817,742,782924,598420388,33446802,25352675916
20251125,101140,KR7101140002,인바이오젠,KOSPI,11810,-140,-1.17,12200,12200,11400,10515,124001360,10044216,118622190960
20251125,101160,KR7101160000,월덱스,KOSDAQ,21350,100,.47,21950,22000,21150,36527,782707800,16510993,352509700550
20251125,101170,KR7101170009,우림피티에스,KOSDAQ,5950,-370,-5.85,6400,6410,5920,435973,2658036855,13500000,80325000000
20251125,101240,KR7101240000,씨큐브,KOSDAQ,4065,-65,-1.57,4130,4140,4065,15273,62325896,10861390,44151550350
20251125,101330,KR7101330009,모베이스,KOSDAQ,3025,100,3.42,2965,3030,2905,29007,86187057,23147029,70019762725
20251125,101360,KR7101360006,에코앤드림,KOSDAQ,19800,-200,-1,20550,20600,19750,55353,1108044325,17786114,352165057200
20251125,101390,KR7101390003,아이엠,KOSDAQ,396,0,0,0,0,0,0,0,12981844,5140810224
20251125,101400,KR7101400000,엔시트론,KOSDAQ,286,12,4.38,275,312,275,2151048,624947517,68450730,19576908780
20251125,101490,KR7101490001,에스앤에스텍,KOSDAQ,44600,750,1.71,45500,46800,44200,269799,12130460425,21451447,956734536200
20251125,101530,KR7101530004,해태제과식품,KOSPI,6380,130,2.08,6260,6420,6260,38269,243746140,29116822,185765324360
20251125,101670,KR7101670008,하이드로리튬,KOSDAQ,2035,25,1.24,2070,2120,2000,662501,1351065995,54169970,110235888950
20251125,101680,KR7101680007,한국정밀기계,KOSDAQ,2065,-20,-.96,2065,2125,2040,26715,55294302,8404000,17354260000
20251125,101730,KR7101730000,위메이드맥스,KOSDAQ,5990,-80,-1.32,6070,6110,5980,26893,162110385,83803286,501981683140
20251125,101930,KR7101930006,인화정공,KOSDAQ,47700,-350,-.73,48050,49150,47050,6298,301851975,9232882,440408471400
20251125,101970,KR7101970002,우양에이치씨,KOSDAQ,10970,-310,-2.75,11320,11400,10960,6964,77181445,14790009,162246398730
20251125,102120,KR7102120003,어보브반도체,KOSDAQ,10610,180,1.73,10640,11090,10500,107037,1145902730,17780753,188653789330
20251125,102260,KR7102260007,동성케미컬,KOSPI,4485,165,3.82,4320,4560,4320,830286,3715591429,50176791,225042907635
20251125,102280,KR7102280005,쌍방울,KOSPI,620,138,28.63,499,630,499,8061327,4657845436,26259210,16280710200
20251125,102370,KR7102370004,케이옥션,KOSDAQ,3785,-375,-9.01,4175,4220,3760,521496,2032828270,27229210,103062559850
20251125,102460,KR7102460003,이연제약,KOSPI,10300,-190,-1.81,10300,10430,10130,32595,333471600,18586811,191444153300
20251125,102710,KR7102710001,이엔에프테크놀로지,KOSDAQ,43100,350,.82,44050,44800,42700,79314,3434174425,14287836,615805731600
20251125,102940,KR7102940004,코오롱생명과학,KOSDAQ,46550,1900,4.26,44800,49000,44750,265589,12530518050,12423387,578308664850
20251125,102950,KR7102950003,아하,KONEX,1810,-88,-4.64,1800,2000,1800,2719,4956596,13121903,23750644430
20251125,103140,KR7103140000,풍산,KOSPI,94300,400,.43,94800,96200,93200,80337,7591168250,28024278,2642689415400
20251125,103230,KR7103230009,에스앤더블류,KOSDAQ,4170,-10,-.24,4190,4205,4090,12773,52651070,7200000,30024000000
20251125,103590,KR7103590006,일진전기,KOSPI,53300,-200,-.37,54700,55300,52700,338099,18206591250,47685390,2541631287000
20251125,103660,KR7103660007,씨앗,KONEX,1100,-100,-8.33,1100,1100,1020,111,114100,6017471,6619218100
20251125,103840,KR7103840005,우양,KOSDAQ,3310,-65,-1.93,3345,3485,3310,75732,253374300,16366428,54172876680
20251125,104040,KR7104040001,대성파인텍,KOSDAQ,688,11,1.62,675,691,675,97349,66723714,134067826,92238664288
20251125,104200,KR7104200001,NHN벅스,KOSDAQ,2580,-20,-.77,2585,2620,2550,16782,43249385,14827550,38255079000
20251125,104460,KR7104460001,디와이피엔에프,KOSDAQ,13600,170,1.27,13430,13650,13380,14937,201789300,10518101,143046173600
20251125,104480,KR7104480009,티케이케미칼,KOSDAQ,1610,-10,-.62,1630,1660,1600,195556,316341718,90895434,146341648740
20251125,104540,KR7104540000,코렌텍,KOSDAQ,5080,30,.59,5090,5090,4980,35177,176280425,12785740,64951559200
20251125,104620,KR7104620000,노랑풍선,KOSDAQ,5790,-350,-5.7,6010,6240,5680,2073619,12320080405,16810552,97333096080
20251125,104700,KR7104700000,한국철강,KOSPI,9760,140,1.46,9620,9820,9620,17375,167791580,36450000,355752000000
20251125,104830,KR7104830005,원익머트리얼즈,KOSDAQ,30250,250,.83,30950,31300,30050,60220,1839764025,12608000,381392000000
20251125,105330,KR7105330005,케이엔더블유,KOSDAQ,5580,80,1.45,5580,5620,5400,21234,116579670,16060028,89614956240
20251125,105550,KR7105550008,엣지파운드리,KOSDAQ,1505,54,3.72,1469,1549,1455,653679,982368402,78307051,117852111755
20251125,105560,KR7105560007,KB금융,KOSPI,121700,1400,1.16,122500,124300,120400,878115,107372422450,381462103,46423937935100
20251125,105630,KR7105630008,한세실업,KOSPI,13080,-230,-1.73,13310,13340,12590,315355,4046423820,40000000,523200000000
20251125,105740,KR7105740005,디케이락,KOSDAQ,9580,0,0,9640,9840,9330,124922,1190465415,10168513,97414354540
20251125,105760,KR7105760003,포스뱅크,KOSDAQ,5170,-30,-.58,5200,5280,5160,13093,68113650,10164047,52548122990
20251125,105840,KR7105840003,우진,KOSPI,14600,470,3.33,14370,14840,14130,495406,7188094490,20197670,294885982000
20251125,106080,KR7106080005,케이이엠텍,KOSDAQ,978,-55,-5.32,1050,1058,965,1077017,1066422526,27829657,27217404546
20251125,106190,KR7106190002,하이텍팜,KOSDAQ,11690,-200,-1.68,11760,12010,11590,28551,333776670,10633173,124301792370
20251125,106240,KR7106240005,파인테크닉스,KOSDAQ,1393,16,1.16,1405,1409,1354,119787,165849715,16999340,23680080620
20251125,106520,KR7106520000,노블엠앤비,KOSDAQ,411,0,0,0,0,0,0,0,38695952,15904036272
20251125,107590,KR7107590002,미원홀딩스,KOSPI,67000,-300,-.45,67400,67400,67000,680,45608900,2320000,155440000000
20251125,107600,KR7107600009,새빗켐,KOSDAQ,28450,350,1.25,28250,29000,28100,21291,605797425,5630054,160175036300
20251125,107640,KR7107640005,한중엔시에스,KOSDAQ,41300,100,.24,42400,42650,40000,107910,4436015750,9064946,374382269800
20251125,108230,KR7108230004,톱텍,KOSDAQ,4120,-100,-2.37,4215,4265,4100,108595,451766755,38023245,156655769400
20251125,108320,KR7108320003,LX세미콘,KOSPI,51100,-900,-1.73,52100,52500,50800,38871,2001623200,16264300,831105730000
20251125,108380,KR7108380007,대양전기공업,KOSDAQ,28350,-50,-.18,28600,29350,28100,33867,966320850,9567333,271233890550
20251125,108490,KR7108490004,로보티즈,KOSDAQ,195000,-11500,-5.57,210000,210500,195000,464935,93262069550,13220560,2578009200000
20251125,108670,KR7108670001,LX하우시스,KOSPI,29850,-200,-.67,30150,30400,29850,19170,575991100,8967670,267684949500
20251125,108675,KR7108671009,LX하우시스우,KOSPI,17000,-60,-.35,17200,17200,17000,393,6691785,1032330,17549610000
20251125,108860,KR7108860008,셀바스AI,KOSDAQ,11780,260,2.26,11710,11900,11670,91159,1074508260,26914790,317056226200
20251125,109070,KR7109070003,주성코퍼레이션,KOSPI,845,-1,-.12,846,865,833,116150,97944519,52810230,44624644350
20251125,109080,KR7109080002,옵티시스,KOSDAQ,7980,-20,-.25,8000,8110,7920,14761,118043980,5636000,44975280000
20251125,109610,KR7109610006,에스와이,KOSDAQ,3095,70,2.31,3035,3095,2825,569343,1728387991,48907400,151368403000
20251125,109670,KR7109670000,씨싸이트,KOSDAQ,5600,-120,-2.1,5610,5790,5540,25994,146782040,5836602,32684971200
20251125,109740,KR7109740001,디에스케이,KOSDAQ,7430,110,1.5,7700,7700,7250,50872,374744205,25710390,191028197700
20251125,109820,KR7109820001,진매트릭스,KOSDAQ,2460,-25,-1.01,2500,2630,2455,71400,177460789,20393640,50168354400
20251125,109860,KR7109860007,동일금속,KOSDAQ,7760,40,.52,7740,7800,7730,429,3321860,9100000,70616000000
20251125,109960,KR7109960005,앱토크롬,KOSDAQ,262,1,.38,261,275,259,190064,49829034,220789269,57846788478
20251125,110020,KR7110020005,전진바이오팜,KOSDAQ,2665,35,1.33,2635,2690,2540,41738,108765170,9058762,24141600730
20251125,110790,KR7110790003,크리스에프앤씨,KOSDAQ,4200,120,2.94,4080,4265,4015,31007,129250510,23430960,98410032000
20251125,110990,KR7110990009,디아이티,KOSDAQ,13690,140,1.03,13640,14110,13470,58811,807704740,18900000,258741000000
20251125,111110,KR7111110003,호전실업,KOSPI,7900,50,.64,7870,7930,7760,9322,73298880,9376000,74070400000
20251125,111380,KR7111380002,동인기연,KOSPI,13090,-70,-.53,13190,13370,13090,3734,49075850,6128000,80215520000
20251125,111710,KR7111710000,남화산업,KOSDAQ,4310,25,.58,4370,4370,4290,1191,5117955,20588000,88734280000
20251125,111770,KR7111770004,영원무역,KOSPI,89000,400,.45,90000,91300,87500,96279,8575881500,44311468,3943720652000
20251125,111870,KR7111870002,KH 미래물산,KOSDAQ,8910,0,0,0,0,0,0,0,7042251,62746456410
20251125,112040,KR7112040001,위메이드,KOSDAQ,24800,-250,-1,25100,25400,24550,59862,1487212150,33948483,841922378400
20251125,112190,KR7112190004,KC산업,KONEX,1332,-161,-10.78,1314,1499,1314,61,87296,9051179,12056170428
20251125,112290,KR7112290002,와이씨켐,KOSDAQ,19450,470,2.48,19610,19980,19200,30800,598915900,10110545,196650100250
20251125,112610,KR7112610001,씨에스윈드,KOSPI,40050,1000,2.56,39500,40700,39500,140355,5625580100,42171403,1688964690150
20251125,113810,KR7113810006,디젠스,KOSDAQ,780,-27,-3.35,814,822,779,346137,274399656,32628051,25449879780
20251125,114090,KR7114090004,GKL,KOSPI,14100,-650,-4.41,14760,14880,14050,360441,5157778590,61855670,872164947000
20251125,114190,KR7114190002,강원에너지,KOSDAQ,14150,-180,-1.26,14660,14990,14020,358810,5150394160,26123038,369640987700
20251125,114450,KR7114450000,그린생명과학,KOSDAQ,3775,-270,-6.67,4045,4175,3775,4142102,16609531371,20000000,75500000000
20251125,114630,KR7114630007,폴라리스우노,KOSDAQ,498,-1,-.2,499,502,492,51093,25292735,87947548,43797878904
20251125,114810,KR7114810005,한솔아이원스,KOSDAQ,12850,350,2.8,12870,13330,12710,240203,3120324460,28593174,367422285900
20251125,114840,KR7114840002,아이패밀리에스씨,KOSDAQ,13940,-630,-4.32,14610,14670,13900,75228,1065623650,17319900,241439406000
20251125,114920,KR7114920002,대주이엔티,KONEX,2695,-30,-1.1,0,0,0,0,0,3469500,9350302500
20251125,115160,KR7115160004,휴맥스,KOSDAQ,898,1,.11,898,907,895,18744,16819408,43970124,39485171352
20251125,115180,KR7115180002,큐리언트,KOSDAQ,23750,150,.64,24350,25150,22500,410478,9651614775,35838893,851173708750
20251125,115310,KR7115310005,인포바인,KOSDAQ,72300,4200,6.17,67900,74300,67900,16179,1170998000,3192883,230845440900
20251125,115440,KR7115440000,우리넷,KOSDAQ,6740,-100,-1.46,6840,7020,6720,63878,435786030,10794292,72753528080
20251125,115450,KR7115450009,HLB테라퓨틱스,KOSDAQ,3105,20,.65,3105,3150,3075,126444,393300131,84382263,262006926615
20251125,115480,KR7115480006,씨유메디칼,KOSDAQ,574,3,.53,571,578,565,37502,21387822,60624558,34798496292
20251125,115500,KR7115500001,케이씨에스,KOSDAQ,9870,300,3.13,10320,10500,9870,117328,1189832160,12000000,118440000000
20251125,115530,KR7115530008,씨엔플러스,KOSDAQ,351,-7,-1.96,358,360,347,59780,21099956,67963000,23855013000
20251125,115570,KR7115570004,스타플렉스,KOSDAQ,3295,70,2.17,3225,3295,3185,15762,51393119,7984508,26308953860
20251125,115610,KR7115610008,이미지스,KOSDAQ,1051,-53,-4.8,1105,1147,1036,275066,295131301,23637538,24843052438
20251125,116100,KR7116100009,태양기계,KONEX,580,45,8.41,584,584,580,3,1748,7439986,4315191880
20251125,117580,KR7117580001,대성에너지,KOSPI,7980,-40,-.5,8040,8060,7940,48467,387423790,27500000,219450000000
20251125,117670,KR7117670000,알파칩스,KOSDAQ,9390,290,3.19,9200,9490,9100,10802,99803550,6139468,57649604520
20251125,117730,KR7117730002,티로보틱스,KOSDAQ,14980,260,1.77,15400,16130,14870,924182,14172853875,21605307,323647498860
20251125,118000,KR7118000009,메타케어,KOSPI,302,-4,-1.31,306,306,299,376519,113400204,171777364,51876763928
20251125,118990,KR7118990001,모트렉스,KOSDAQ,7340,-90,-1.21,7560,7560,7250,51503,380070865,24861990,182487006600
20251125,119500,KR7119500007,포메탈,KOSDAQ,2910,10,.34,2905,2930,2890,33179,96573340,11847232,34475445120
20251125,119610,KR7119610004,인터로조,KOSDAQ,15620,270,1.76,15500,15650,15360,33969,528156450,11413747,178282728140
20251125,119650,KR7119650000,KC코트렐,KOSPI,918,0,0,0,0,0,0,0,109785309,100782913662
20251125,119830,KR7119830008,아이텍,KOSDAQ,5280,20,.38,5370,5540,5180,205872,1095917385,22117542,116780621760
20251125,119850,KR7119850006,지엔씨에너지,KOSDAQ,28300,-350,-1.22,29200,29500,27600,435032,12340797800,16448909,465504124700
20251125,120030,KR7120030002,조선선재,KOSPI,95800,-400,-.42,96700,97000,95000,2501,239660400,1257651,120482965800
20251125,120110,KR7120110002,코오롱인더,KOSPI,39450,-250,-.63,40600,40600,38950,237600,9425840225,27519091,1085628139950
20251125,120115,KR7120111000,코오롱인더우,KOSPI,23800,-100,-.42,24050,24050,23700,4100,97895050,2767860,65875068000
20251125,120240,KR7120240007,대정화금,KOSDAQ,12830,-120,-.93,12850,12990,12820,12123,156066010,7190391,92252716530
20251125,121060,KR7121060008,유니포인트,KONEX,619,1,.16,531,619,530,201,106720,5981670,3702653730
20251125,121440,KR7121440002,골프존홀딩스,KOSDAQ,5100,-10,-.2,5140,5170,5060,44521,227572950,42836818,218467771800
20251125,121600,KR7121600001,나노신소재,KOSDAQ,49650,-750,-1.49,51700,51900,49200,83458,4174386475,12211191,606285633150
20251125,121800,KR7121800007,비덴트,KOSDAQ,3320,0,0,0,0,0,0,0,77201611,256309348520
20251125,121850,KR7121850002,코이즈,KOSDAQ,565,0,0,0,0,0,0,0,30614175,17297008875
20251125,121890,KR7121890008,에스디시스템,KOSDAQ,1636,-33,-1.98,1651,1699,1621,38883,63835592,13291446,21744805656
20251125,122310,KR7122310006,제노레이,KOSDAQ,4345,-50,-1.14,4440,4445,4340,35973,157246165,14553844,63236452180
20251125,122350,KR7122350002,삼기,KOSDAQ,1211,5,.41,1207,1234,1200,152406,184331968,38339428,46429047308
20251125,122450,KR7122450000,KX,KOSDAQ,3800,-45,-1.17,3845,3885,3765,86895,329854265,44819834,170315369200
20251125,122640,KR7122640006,예스티,KOSDAQ,17320,-470,-2.64,18200,18350,16950,90307,1573231880,21349821,369778899720
20251125,122690,KR7122690001,서진오토모티브,KOSDAQ,1969,75,3.96,1894,1969,1874,131926,253798076,22361957,44030693333
20251125,122830,KR7122830003,원포유,KONEX,1329,-7,-.52,1398,1400,1305,3436,4500511,32751985,43527388065
20251125,122870,KR7122870009,와이지엔터테인먼트,KOSDAQ,58700,-1800,-2.98,60600,60900,58400,149413,8822917850,18691049,1097164576300
20251125,122900,KR7122900004,아이마켓코리아,KOSPI,7970,30,.38,7980,8000,7920,29900,237756945,33428840,266427854800
20251125,122990,KR7122990005,와이솔,KOSDAQ,5780,10,.17,5810,5900,5720,76812,446262870,27671533,159941460740
20251125,123010,KR7123010001,아이윈플러스,KOSDAQ,963,-32,-3.22,1060,1060,960,332667,329951037,32658542,31450175946
20251125,123040,KR7123040008,엠에스오토텍,KOSDAQ,2025,0,0,2045,2070,2000,102718,208192980,62628299,126822305475
20251125,123330,KR7123330003,제닉,KOSDAQ,17610,-10,-.06,17630,18010,17350,17101,301007745,7968680,140328454800
20251125,123410,KR7123410003,코리아에프티,KOSDAQ,6460,60,.94,6560,6700,6420,715813,4682970920,27841064,179853273440
20251125,123420,KR7123420002,위메이드플레이,KOSDAQ,8000,30,.38,7980,8180,7820,14964,119953410,10552334,84418672000
20251125,123570,KR7123570004,이엠넷,KOSDAQ,1940,-4,-.21,1931,1944,1930,3732,7228171,22276078,43215591320
20251125,123690,KR7123690000,한국화장품,KOSPI,9910,-590,-5.62,10440,10500,9910,420323,4235396180,16068000,159233880000
20251125,123700,KR7123700007,SJM,KOSPI,3630,-10,-.27,3670,3670,3590,14122,51129077,15604898,56645779740
20251125,123750,KR7123750002,알톤,KOSDAQ,1306,-5,-.38,1311,1332,1300,32163,42136161,12746297,16646663882
20251125,123840,KR7123840001,뉴온,KOSDAQ,920,-17,-1.81,935,973,920,10922,10221989,37154307,34181962440
20251125,123860,KR7123860009,아나패스,KOSDAQ,17160,-210,-1.21,17400,17530,16860,38304,650963755,12123415,208037801400
20251125,123890,KR7123890006,한국자산신탁,KOSPI,2390,-15,-.62,2420,2425,2375,117157,279895274,122373926,292473683140
20251125,124500,KR7124500000,아이티센글로벌,KOSDAQ,20900,350,1.7,21000,21300,20300,233743,4855024750,23204527,484974614300
20251125,124560,KR7124560004,태웅로직스,KOSDAQ,2670,-50,-1.84,2720,2745,2670,94504,254054568,38720811,103384565370
20251125,125020,KR7125020008,티씨머티리얼즈,KOSDAQ,3050,-25,-.81,3090,3135,2990,234741,712345230,35038550,106867577500
20251125,125210,KR7125210005,아모그린텍,KOSDAQ,5810,30,.52,5810,6630,5700,1316374,8138209970,16496790,95846349900
20251125,125490,KR7125490003,한라캐스트,KOSDAQ,11520,320,2.86,11200,11850,11070,7045993,80875498325,36502352,420507095040
20251125,126340,KR7126340009,비나텍,KOSDAQ,63500,4600,7.81,59900,63500,56400,344726,20789865150,6413668,407267918000
20251125,126560,KR7126560002,현대퓨처넷,KOSPI,3080,-75,-2.38,3165,3165,3070,121792,376305410,110202945,339425070600
20251125,126600,KR7126600006,BGF에코머티리얼즈,KOSDAQ,2990,-20,-.66,3010,3080,2985,36018,108853620,62766899,187673028010
20251125,126640,KR7126640002,화신정공,KOSDAQ,1302,-3,-.23,1300,1320,1293,66009,85997325,36373887,47358800874
20251125,126700,KR7126700004,하이비젼시스템,KOSDAQ,14690,-240,-1.61,15100,15100,14540,71018,1044649245,14942112,219499625280
20251125,126720,KR7126720002,수산인더스트리,KOSPI,20500,-100,-.49,20750,20850,20250,16915,346872250,14286000,292863000000
20251125,126730,KR7126730001,코칩,KOSDAQ,12050,180,1.52,11990,12410,11950,37564,455773710,8503460,102466693000
20251125,126880,KR7126880004,제이엔케이글로벌,KOSDAQ,3945,10,.25,3920,4020,3920,85211,337376490,23204903,91543342335
20251125,127120,KR7127120004,제이에스링크,KOSDAQ,19870,150,.76,20050,20100,19450,161372,3195536930,31775577,631380714990
20251125,127710,KR7127710002,아시아경제,KOSDAQ,961,-12,-1.23,965,1018,960,32683,31716244,34904082,33542822802
20251125,127980,KR7127980001,화인써키트,KOSDAQ,5950,20,.34,5930,6230,5860,7572,44887700,11840684,70452069800
20251125,128540,KR7128540002,에코캡,KOSDAQ,1621,-5,-.31,1636,1682,1605,51473,83529047,26690460,43265235660
20251125,128660,KR7128660008,피제이메탈,KOSDAQ,2680,15,.56,2665,2680,2650,9738,25923250,24803369,66473028920
20251125,128820,KR7128820008,대성산업,KOSPI,4705,585,14.2,4135,4945,4055,7933830,37285467251,45235478,212832923990
20251125,128940,KR7128940004,한미약품,KOSPI,444500,-1500,-.34,450000,460500,441500,72199,32446965000,12810991,5694485499500
20251125,129260,KR7129260006,인터지스,KOSPI,2540,-5,-.2,2525,2560,2500,85800,215894790,29747874,75559599960
20251125,129890,KR7129890000,앱코,KOSDAQ,965,7,.73,955,972,955,47798,45928055,45545602,43951505930
20251125,129920,KR7129920005,대성하이텍,KOSDAQ,3505,-10,-.28,3580,3580,3485,9832,34473845,13715053,48071260765
20251125,130500,KR7130500002,GH신소재,KOSDAQ,2385,35,1.49,2350,2395,2350,16183,38428935,14545052,34689949020
20251125,130580,KR7130580004,나이스디앤비,KOSDAQ,5840,40,.69,5800,5840,5740,9036,52456530,15400000,89936000000
20251125,130660,KR7130660004,한전산업,KOSPI,10980,60,.55,10950,11140,10770,162107,1777333190,32600000,357948000000
20251125,130740,KR7130740004,티피씨글로벌,KOSDAQ,1669,-8,-.48,1683,1700,1660,20309,33958118,11276679,18820777251
20251125,131030,KR7131030009,옵투스제약,KOSDAQ,6600,0,0,6650,6810,6430,72375,478004785,17646590,116467494000
20251125,131090,KR7131090003,시큐브,KOSDAQ,3885,30,.78,3850,3970,3815,7431,28747095,8000000,31080000000
20251125,131100,KR7131100000,티엔엔터테인먼트,KOSDAQ,1360,8,.59,1339,1370,1339,17957,24327036,32246724,43855544640
20251125,131180,KR7131180002,딜리,KOSDAQ,930,-1,-.11,915,944,915,16015,14786833,29350000,27295500000
20251125,131220,KR7131220006,대한과학,KOSDAQ,4800,-25,-.52,4805,4825,4720,18337,87494695,7454490,35781552000
20251125,131290,KR7131290009,티에스이,KOSDAQ,50900,3050,6.37,49400,52000,48850,85869,4376942400,11061429,563026736100
20251125,131370,KR7131370009,알서포트,KOSDAQ,2535,-40,-1.55,2570,2580,2525,59369,150853235,53267083,135032055405
20251125,131400,KR7131400004,이브이첨단소재,KOSDAQ,1495,-27,-1.77,1523,1567,1475,511714,769688608,59591882,89089863590
20251125,131760,KR7131760001,파인텍,KOSDAQ,801,0,0,803,819,795,96039,76818577,43431583,34788697983
20251125,131970,KR7131970006,두산테스나,KOSDAQ,42700,1250,3.02,42800,43100,41950,119776,5107754800,19327238,825273062600
20251125,133750,KR7133750000,메가엠디,KOSDAQ,1794,-17,-.94,1810,1819,1787,16297,29343606,23407077,41992296138
20251125,133820,KR7133820001,화인베스틸,KOSPI,1806,34,1.92,1805,1839,1772,103576,186728803,37114502,67028790612
20251125,134060,KR7134060003,이퓨쳐,KOSDAQ,4100,10,.24,4115,4215,4030,6947,28197390,4769250,19553925000
20251125,134380,KR7134380005,미원화학,KOSPI,87100,1100,1.28,87000,87500,87000,235,20534300,2199268,191556242800
20251125,134580,KR7134580000,탑코미디어,KOSDAQ,1939,-28,-1.42,1969,2060,1890,92861,179515348,49294149,95581354911
20251125,134790,KR7134790005,시디즈,KOSPI,21950,0,0,22000,22050,21800,1079,23588600,2000000,43900000000
20251125,136150,KR7136150000,원일티엔아이,KOSDAQ,18240,30,.16,18250,18630,18220,39128,718128600,8381030,152869987200
20251125,136410,KR7136410008,아셈스,KOSDAQ,9950,450,4.74,9510,10010,9510,25425,250864210,11019106,109640104700
20251125,136480,KR7136480001,하림,KOSDAQ,2905,0,0,2925,2935,2885,281714,819025175,106209702,308539184310
20251125,136490,KR7136490000,선진,KOSPI,9150,-250,-2.66,9340,9540,9060,145886,1338493135,23779604,217583376600
20251125,136540,KR7136540002,윈스테크넷,KOSDAQ,11680,50,.43,11890,11890,11610,7284,85226390,12279746,143427433280
20251125,136660,KR7136660008,큐엠씨,KONEX,1499,-1,-.07,1300,1499,1300,11,14499,2360950,3539064050
20251125,137080,KR7137080008,나래나노텍,KOSDAQ,2990,-30,-.99,3010,3040,2860,7599,22667781,11059422,33067671780
20251125,137310,KR7137310009,에스디바이오센서,KOSPI,9120,-40,-.44,9240,9290,9070,118387,1083679440,121749102,1110351810240
20251125,137400,KR7137400008,피엔티,KOSDAQ,37900,50,.13,38700,38950,37900,83692,3214771575,23743086,899862959400
20251125,137940,KR7137940003,넥스트아이,KOSDAQ,322,16,5.23,305,323,300,994437,323183197,85368992,27488815424
20251125,137950,KR7137950002,제이씨케미칼,KOSDAQ,3195,-15,-.47,3180,3260,3150,59171,187903390,22267814,71145665730
20251125,138040,KR7138040001,메리츠금융지주,KOSPI,107500,-200,-.19,108200,109700,107500,190512,20619133300,175221773,18836340597500
20251125,138070,KR7138070008,신진에스엠,KOSDAQ,2075,-25,-1.19,2070,2135,2070,32839,68982390,17503204,36319148300
20251125,138080,KR7138080007,오이솔루션,KOSDAQ,11570,410,3.67,11650,11650,11160,39341,450157745,11408800,131999816000
20251125,138360,KR7138360003,협진,KOSDAQ,1079,128,13.46,953,1088,948,1936060,2008554395,54329108,58621107532
20251125,138490,KR7138490008,코오롱ENP,KOSPI,8060,60,.75,8080,8190,7790,1292921,10355985880,38000000,306280000000
20251125,138610,KR7138610001,나이벡,KOSDAQ,35350,-400,-1.12,36100,37250,34850,110452,3941316800,11361970,401645639500
20251125,138930,KR7138930003,BNK금융지주,KOSPI,14830,20,.14,14920,15050,14700,636743,9456791740,314425154,4662925033820
20251125,139050,KR7139050009,BF랩스,KOSDAQ,2805,0,0,0,0,0,0,0,8644551,24247965555
20251125,139130,KR7139130009,iM금융지주,KOSPI,14220,150,1.07,14210,14360,14050,292430,4152996925,162054666,2304417350520
20251125,139480,KR7139480008,이마트,KOSPI,79000,1400,1.8,77700,79700,77400,131762,10397126150,27595819,2180069701000
20251125,139670,KR7139670004,키네마스터,KOSDAQ,1919,-63,-3.18,1972,1998,1912,39127,75452406,14118810,27093996390
20251125,139990,KR7139990006,아주스틸,KOSPI,3240,-90,-2.7,3340,3340,3230,24725,80618935,38755414,125567541360
20251125,140070,KR7140070004,서플러스글로벌,KOSDAQ,2090,-10,-.48,2100,2130,2070,37325,77764117,36988000,77304920000
20251125,140410,KR7140410002,메지온,KOSDAQ,64900,-4600,-6.62,69200,70400,64700,145430,9768488400,30363914,1970618018600
20251125,140430,KR7140430000,카티스,KOSDAQ,3465,-140,-3.88,3635,3680,3465,487267,1715102868,19102219,66189188835
20251125,140520,KR7140520008,대창스틸,KOSDAQ,2140,-5,-.23,2145,2155,2125,10283,21964670,21109243,45173780020
20251125,140610,KR7140610007,엔솔바이오사이언스,KONEX,14240,50,.35,14380,14380,14200,3972,56807360,13337529,189926412960
20251125,140660,KR7140660002,위월드,KONEX,1399,0,0,0,0,0,0,0,2487252,3479665548
20251125,140670,KR7140670001,알에스오토메이션,KOSDAQ,12190,-220,-1.77,12520,12720,12180,71652,881005635,9303140,113405276600
20251125,140860,KR7140860008,파크시스템스,KOSDAQ,228000,-7500,-3.18,236000,238500,228000,22000,5080813250,6995377,1594945956000
20251125,140910,KR7140910001,에이리츠,KOSPI,3130,0,0,0,0,0,0,0,4463032,13969290160
20251125,141000,KR7141000000,비아트론,KOSDAQ,7340,40,.55,7300,7470,7280,10849,79651440,12114710,88921971400
20251125,141080,KR7141080002,리가켐바이오,KOSDAQ,172900,1300,.76,171600,178000,170200,346229,60422216400,36610338,6329927440200
20251125,142210,KR7142210004,유니트론텍,KOSDAQ,5140,-30,-.58,5200,5250,5100,64655,332135245,21010071,107991764940
20251125,142280,KR7142280007,녹십자엠에스,KOSDAQ,3960,-35,-.88,3995,4070,3955,64681,258279870,21741926,86098026960
20251125,142760,KR7142760008,모아라이프플러스,KOSDAQ,1706,-2,-.12,1747,1770,1661,484336,833209837,39053522,66625308532
20251125,143160,KR7143160000,아이디스,KOSDAQ,17990,-60,-.33,18050,18190,17810,19833,358112300,10716390,192787856100
20251125,143210,KR7143210003,핸즈코퍼레이션,KOSPI,1420,-11,-.77,1435,1460,1420,26711,38316613,21875747,31063560740
20251125,143240,KR7143240000,사람인,KOSDAQ,13430,30,.22,13350,13500,13290,6531,87509580,11709263,157255402090
20251125,143540,KR7143540003,영우디에스피,KOSDAQ,736,-4,-.54,735,750,725,27164,19908251,44599895,32825522720
20251125,144510,KR7144510005,지씨셀,KOSDAQ,23900,-950,-3.82,25300,25400,23800,79296,1934014700,15800344,377628221600
20251125,144960,KR7144960002,뉴파워프라즈마,KOSDAQ,4900,140,2.94,4845,4960,4830,157834,771529910,43692624,214093857600
20251125,145020,KR7145020004,휴젤,KOSDAQ,215500,-5500,-2.49,223000,223000,214500,44829,9709586250,12304033,2651519111500
20251125,145170,KR7145170007,노브랜드,KOSDAQ,4090,-10,-.24,4095,4145,4070,15263,62578490,16908405,69155376450
20251125,145210,KR7145210001,다이나믹디자인,KOSPI,801,-3,-.37,804,835,781,185162,148822111,37793712,30272763312
20251125,145270,KR7145270005,케이탑리츠,KOSPI,959,-1,-.1,960,960,949,83073,79454062,48060774,46090282266
20251125,145720,KR7145720009,덴티움,KOSPI,48750,0,0,49050,51000,48650,39108,1935095600,11068830,539605462500
20251125,145990,KR7145990008,삼양사,KOSPI,50400,-500,-.98,50900,51400,50200,8098,409699450,10313449,519797829600
20251125,145995,KR7145991006,삼양사우,KOSPI,36500,-400,-1.08,37050,37050,36500,605,22098200,370070,13507555000
20251125,146060,KR7146060009,율촌,KOSDAQ,1182,-6,-.51,1186,1209,1137,30249,35872849,24015595,28386433290
20251125,146320,KR7146320007,비씨엔씨,KOSDAQ,12200,720,6.27,11600,12260,11590,39817,477571285,12797923,156134660600
20251125,147760,KR7147760003,피엠티,KOSDAQ,3130,-75,-2.34,3300,3300,3125,92341,295850679,10819866,33866180580
20251125,147830,KR7147830004,제룡산업,KOSDAQ,5840,-40,-.68,5910,5990,5780,84895,497440230,20000000,116800000000
20251125,148150,KR7148150006,세경하이테크,KOSDAQ,4865,75,1.57,4800,4930,4800,99727,484945096,35860429,174460987085
20251125,148250,KR7148250004,알엔투테크놀로지,KOSDAQ,5630,-170,-2.93,5900,5900,5190,270987,1473810675,9446672,53184763360
20251125,148780,KR7148780000,비큐AI,KOSDAQ,1391,-4,-.29,1395,1427,1355,67567,93914879,31445725,43741003475
20251125,148930,KR7148930001,에이치와이티씨,KOSDAQ,3085,-65,-2.06,3110,3165,3050,20094,62036465,10175213,31390532105
20251125,149010,KR7149010001,아이케이세미콘,KONEX,5400,0,0,5390,5600,5200,1305,6924120,3120000,16848000000
20251125,149300,KR7149300006,아퓨어스,KONEX,66,1,1.54,72,72,61,760,47185,45486252,3002092632
20251125,149950,KR7149950008,아바텍,KOSDAQ,9350,260,2.86,9020,9430,9020,36960,340383050,13667703,127793023050
20251125,149980,KR7149980005,하이로닉,KOSDAQ,5090,0,0,0,0,0,0,0,18594363,94645307670
20251125,150840,KR7150840007,인트로메딕,KOSDAQ,5850,0,0,0,0,0,0,0,42997901,251537720850
20251125,150900,KR7150900009,파수,KOSDAQ,4350,-85,-1.92,4460,4475,4315,33141,145041110,11699422,50892485700
20251125,151860,KR7151860004,KG에코솔루션,KOSDAQ,5420,-120,-2.17,5530,5620,5400,46006,251665255,47603002,258008270840
20251125,151910,KR7151910007,퓨처코어,KOSDAQ,15,-12,-44.44,25,32,15,20632119,400932051,190071722,2851075830
20251125,152550,KR7152550000,한국ANKOR유전,KOSPI,222,1,.45,222,223,220,162957,36122548,70020000,15544440000
20251125,153460,KR7153460001,네이블,KOSDAQ,7250,160,2.26,7100,7300,7100,1097,7898745,6530014,47342601500
20251125,153490,KR7153490008,우리이앤엘,KOSDAQ,680,1,.15,679,688,675,36590,24888908,51480000,35006400000
20251125,153710,KR7153710009,옵티팜,KOSDAQ,5370,470,9.59,4925,6250,4925,501026,2811604435,14669958,78777674460
20251125,154030,KR7154030001,아시아종묘,KOSDAQ,2190,-195,-8.18,2460,3000,2160,3065668,7900424993,12061867,26415488730
20251125,154040,KR7154040000,다산솔루에타,KOSDAQ,1098,-1,-.09,1089,1099,1039,108551,116325251,17950094,19709203212
20251125,155650,KR7155650005,와이엠씨,KOSDAQ,3230,-40,-1.22,3230,3295,3190,26319,84788915,19474358,62902176340
20251125,155660,KR7155660004,DSR,KOSPI,3875,10,.26,3905,3905,3850,7831,30227245,16000000,62000000000
20251125,156100,KR7156100000,엘앤케이바이오,KOSDAQ,10850,620,6.06,10460,11420,10350,966118,10606981730,21032076,228198024600
20251125,158430,KR7158430009,아톤,KOSDAQ,6040,-100,-1.63,6200,6320,5980,160774,983985225,24850529,150097195160
20251125,159010,KR7159010008,아스플로,KOSDAQ,3840,45,1.19,3795,3905,3785,16514,63361530,13334739,51205397760
20251125,159580,KR7159580000,제로투세븐,KOSDAQ,4000,35,.88,3970,4045,3960,35501,141474830,20032636,80130544000
20251125,159910,KR7159910009,에코글로우,KOSDAQ,706,-28,-3.81,738,748,704,447400,322899475,41331359,29179939454
20251125,160190,KR7160190005,하이젠알앤엠,KOSDAQ,46600,-1800,-3.72,49550,49950,46500,145830,6982756400,30888000,1439380800000
20251125,160550,KR7160550000,NEW,KOSDAQ,2080,10,.48,2100,2140,2050,51095,106640160,27906106,58044700480
20251125,160980,KR7160980009,싸이맥스,KOSDAQ,15280,90,.59,15350,15750,15180,58332,899166930,10924243,166922433040
20251125,161000,KR7161000005,애경케미칼,KOSPI,9750,0,0,9880,9980,9690,133242,1305386860,48648709,474324912750
20251125,161390,KR7161390000,한국타이어앤테크놀로지,KOSPI,58400,600,1.04,58500,58900,57100,258668,15033991100,123875069,7234304029600
20251125,161580,KR7161580006,필옵틱스,KOSDAQ,39700,1550,4.06,39900,40650,39250,289077,11515811650,23402747,929089055900
20251125,161890,KR7161890009,한국콜마,KOSPI,65300,-1400,-2.1,67200,67400,64900,151464,9989041300,23605077,1541411528100
20251125,162120,KR7162120000,루켄테크놀러지스,KONEX,3000,-45,-1.48,3095,3095,2910,6895,20497460,11156602,33469806000
20251125,162300,KR7162300008,신스틸,KOSDAQ,1755,-23,-1.29,1778,1786,1752,12111,21372199,41471382,72782275410
20251125,163280,KR7163280001,에어레인,KOSDAQ,15050,10,.07,15070,15310,14700,41511,620118190,8174789,123030574450
20251125,163560,KR7163560006,동일고무벨트,KOSPI,6860,-90,-1.29,6870,6990,6850,57632,397874165,13900000,95354000000
20251125,163730,KR7163730005,핑거,KOSDAQ,11220,-1440,-11.37,12770,12920,11210,642044,7524219890,9406568,105541692960
20251125,166090,KR7166090001,하나머티리얼즈,KOSDAQ,43100,2500,6.16,41950,43500,41650,352076,15099229650,19777674,852417749400
20251125,166480,KR7166480004,코아스템켐온,KOSDAQ,1088,-5,-.46,1090,1134,1071,1000872,1097041392,52870376,57522969088
20251125,168330,KR7168330009,내츄럴엔도텍,KOSDAQ,2075,-50,-2.35,2155,2155,2070,17628,36772100,31754900,65891417500
20251125,168360,KR7168360006,펨트론,KOSDAQ,18080,450,2.55,18000,18700,17690,77296,1406203045,21288284,384892174720
20251125,169330,KR7169330008,엠브레인,KOSDAQ,2045,45,2.25,2000,2065,1979,2521,5010195,18286918,37396747310
20251125,169670,KR7169670007,코스텍시스템,KONEX,5170,-10,-.19,5190,5190,5010,342,1750700,2868401,14829633170
20251125,170030,KR7170030001,현대공업,KOSDAQ,5910,-20,-.34,5990,6050,5900,47465,282621700,15340000,90659400000
20251125,170790,KR7170790000,파이오링크,KOSDAQ,9220,30,.33,9190,9350,9050,12324,112890860,6718889,61948156580
20251125,170900,KR7170900005,동아에스티,KOSPI,51600,-1200,-2.27,52500,53000,51000,26692,1379517150,9352645,482596482000
20251125,170920,KR7170920003,엘티씨,KOSDAQ,16300,-130,-.79,16420,17110,16180,44021,727207925,10210070,166424141000
20251125,171010,KR7171010002,램테크놀러지,KOSDAQ,3630,75,2.11,3585,3730,3585,52632,191952770,14298752,51904469760
20251125,171090,KR7171090004,선익시스템,KOSDAQ,44500,-800,-1.77,45350,46250,44400,37201,1675584700,9558504,425353428000
20251125,171120,KR7171120009,라이온켐텍,KOSDAQ,2120,-30,-1.4,2150,2165,2100,16622,35335235,35901760,76111731200
20251125,172670,KR7172670002,에이엘티,KOSDAQ,10230,70,.69,10240,10560,10130,32025,328475270,8960259,91663449570
20251125,173130,KR7173130006,오파스넷,KOSDAQ,6450,-220,-3.3,6690,6690,6150,219011,1405407245,13046473,84149750850
20251125,173940,KR7173940008,에프엔씨엔터,KOSDAQ,3250,-10,-.31,3260,3270,3195,3604,11605750,15392808,50026626000
20251125,174880,KR7174880005,장원테크,KOSDAQ,2650,0,0,0,0,0,0,0,4381265,11610352250
20251125,174900,KR7174900001,앱클론,KOSDAQ,35250,3850,12.26,32000,36200,31850,709450,24870089625,19092949,673026452250
20251125,175140,KR7175140003,휴먼테크놀로지,KOSDAQ,4685,5,.11,4750,4765,4640,22033,103005694,24798012,116178686220
20251125,175250,KR7175250000,아이큐어,KOSDAQ,2170,0,0,0,0,0,0,0,37558368,81501658560
20251125,175330,KR7175330000,JB금융지주,KOSPI,23750,650,2.81,23300,24000,23300,434949,10281318150,189884601,4509759273750
20251125,176590,KR7176590008,코나솔,KONEX,4170,-5,-.12,4000,4180,3900,528,2151105,5823333,24283298610
20251125,176750,KR7176750008,듀켐바이오,KOSDAQ,9280,-160,-1.69,9440,9460,9200,15424,143342800,28455220,264064441600
20251125,177350,KR7177350006,베셀,KOSDAQ,1105,-4,-.36,1099,1236,1095,168318,192847737,19653767,21717412535
20251125,177830,KR7177830007,파버나인,KOSDAQ,2835,-65,-2.24,2900,2900,2835,20805,59783680,13493951,38255351085
20251125,177900,KR7177900008,쓰리에이로직스,KOSDAQ,6050,350,6.14,5820,6550,5610,2986304,18452069085,9584800,57988040000
20251125,178320,KR7178320008,서진시스템,KOSDAQ,24250,-550,-2.22,25050,25150,24000,316505,7715014675,56282149,1364842113250
20251125,178600,KR7178600003,대동고려삼,KONEX,2390,-105,-4.21,0,0,0,0,0,4449600,10634544000
20251125,178780,KR7178780003,일월지엠엘,KOSDAQ,2760,55,2.03,2700,2765,2675,16477,45167710,17769195,49042978200
20251125,178920,KR7178920005,PI첨단소재,KOSPI,15920,20,.13,16000,16300,15870,40622,649066890,29366322,467511846240
20251125,179290,KR7179290002,엠아이텍,KOSDAQ,6090,-90,-1.46,6050,6250,6050,105010,640166380,32365678,197106979020
20251125,179530,KR7179530001,애드바이오텍,KOSDAQ,3300,-15,-.45,3310,3390,3020,237146,764470868,12656308,41765816400
20251125,179720,KR7179720008,머니무브,KONEX,8400,0,0,8400,8400,8400,3,25200,2387579,20055663600
20251125,179900,KR7179900006,유티아이,KOSDAQ,26000,-600,-2.26,26700,26950,25700,79998,2092953000,19579416,509064816000
20251125,180060,KR7180060006,탑선,KONEX,7300,-70,-.95,7400,7400,7000,3927,27783650,9347666,68237961800
20251125,180400,KR7180400004,DXVX,KOSDAQ,1770,-113,-6,1883,1900,1746,204160,367489232,49219432,87118394640
20251125,180640,KR7180640005,한진칼,KOSPI,100100,-8800,-8.08,108000,108000,100100,89904,9133413150,66762279,6682904127900
20251125,18064K,KR718064K016,한진칼우,KOSPI,33400,-1350,-3.88,35500,35500,33200,5002,169246250,536766,17927984400
20251125,181710,KR7181710005,NHN,KOSPI,32850,-200,-.61,33200,33200,32100,84153,2754000300,33766123,1109217140550
20251125,182360,KR7182360008,큐브엔터,KOSDAQ,11970,-380,-3.08,12350,12420,11840,63232,762409110,15549849,186131692530
20251125,182400,KR7182400002,엔케이맥스,KOSDAQ,3685,0,0,0,0,0,0,0,71378535,263029901475
20251125,183190,KR7183190008,아세아시멘트,KOSPI,11430,-160,-1.38,11660,11900,11360,61699,707824210,37346770,426873581100
20251125,183300,KR7183300003,코미코,KOSDAQ,80900,-200,-.25,85000,85300,79900,101096,8239306750,10460684,846269335600
20251125,183490,KR7183490002,엔지켐생명과학,KOSDAQ,1095,-32,-2.84,1131,1154,1093,610753,678614088,85065562,93146790390
20251125,184230,KR7184230001,SGA솔루션즈,KOSDAQ,739,9,1.23,748,755,701,273580,201562474,85870018,63457943302
20251125,185190,KR7185190006,수프로,KONEX,998,-1,-.1,850,998,850,127,108798,9238625,9220147750
20251125,185490,KR7185490000,아이진,KOSDAQ,1760,25,1.44,1759,1774,1705,111257,194599715,27029784,47572419840
20251125,185750,KR7185750007,종근당,KOSPI,83200,-1700,-2,84600,85200,82700,61909,5190844250,13802780,1148391296000
20251125,186230,KR7186230009,그린플러스,KOSDAQ,5710,-130,-2.23,5820,5820,5650,21954,125333730,10920188,62354273480
20251125,187220,KR7187220009,디티앤씨,KOSDAQ,2520,-35,-1.37,2555,2580,2520,17857,45357330,11698021,29479012920
20251125,187270,KR7187270004,신화콘텍,KOSDAQ,3145,-55,-1.72,3175,3275,3145,18117,57361950,10143845,31902392525
20251125,187420,KR7187420005,HLB제넥스,KOSDAQ,2760,0,0,2750,2825,2750,24916,69000094,29135882,80415034320
20251125,187660,KR7187660006,현대ADM,KOSDAQ,2415,-25,-1.02,2480,2500,2355,703234,1698290669,54075422,130592144130
20251125,187790,KR7187790001,나노,KOSDAQ,2835,-25,-.87,2990,3100,2805,1093386,3205705006,30840830,87433753050
20251125,187870,KR7187870001,디바이스,KOSDAQ,14550,-30,-.21,14630,15240,14000,62658,935198105,7036609,102382660950
20251125,188040,KR7188040000,바이오포트,KOSDAQ,7880,130,1.68,7740,8030,7520,16031,124428920,4679308,36872947040
20251125,188260,KR7188260004,세니젠,KOSDAQ,1997,0,0,1997,2170,1938,16228,32548333,7228470,14435254590
20251125,189300,KR7189300007,인텔리안테크,KOSDAQ,40300,550,1.38,39850,41000,39850,29333,1184300750,10733334,432553360200
20251125,189330,KR7189330004,씨이랩,KOSDAQ,4530,30,.67,4610,4970,4530,311293,1475353557,9382284,42501746520
20251125,189350,KR7189350002,코셋,KONEX,1479,-261,-15,1994,1994,1479,91,135104,4800000,7099200000
20251125,189690,KR7189690001,포시에스,KOSDAQ,2095,20,.96,2070,2115,2050,57787,120058185,27321969,57239525055
20251125,189860,KR7189860000,서전기전,KOSDAQ,3090,-20,-.64,3120,3185,3090,17114,53420595,9698780,29969230200
20251125,189980,KR7189980006,흥국에프엔비,KOSDAQ,1601,-6,-.37,1601,1612,1590,17957,28764454,40137827,64260661027
20251125,190510,KR7190510008,나무가,KOSDAQ,15340,70,.46,15510,15640,15180,29034,445330115,14334875,219896982500
20251125,190650,KR7190650002,코리아에셋투자증권,KOSDAQ,6720,-270,-3.86,6980,6980,6720,8105,55178710,6388000,42927360000
20251125,191410,KR7191410000,육일씨엔에쓰,KOSDAQ,1755,-310,-15.01,1998,2150,1740,5400666,10494119410,11204255,19663467525
20251125,191420,KR7191420009,테고사이언스,KOSDAQ,16200,-510,-3.05,16710,16710,15840,40419,650443440,8108834,131363110800
20251125,191600,KR7191600006,블루탑,KONEX,6900,0,0,0,0,0,0,0,2858928,19726603200
20251125,192080,KR7192080000,더블유게임즈,KOSPI,51700,-100,-.19,51900,52200,51100,30843,1590939700,21495906,1111338340200
20251125,192250,KR7192250009,케이사인,KOSDAQ,10360,-40,-.38,10230,10580,10230,22111,229453010,7067125,73215415000
20251125,192390,KR7192390003,윈하이텍,KOSDAQ,2075,-20,-.95,2090,2125,2035,30409,62719292,11032229,22891875175
20251125,192400,KR7192400000,쿠쿠홀딩스,KOSPI,28600,50,.18,28700,29300,28400,15883,456037050,35562185,1017078491000
20251125,192410,KR7192410009,오늘이엔엠,KOSDAQ,693,-14,-1.98,730,730,688,232094,162469455,46661573,32336470089
20251125,192440,KR7192440006,슈피겐코리아,KOSDAQ,22650,0,0,22650,22900,22500,1755,39900450,6216363,140800621950
20251125,192650,KR7192650000,드림텍,KOSPI,6830,130,1.94,6900,6900,6660,116783,791600615,68890041,470518980030
20251125,192820,KR7192820009,코스맥스,KOSPI,161200,-4400,-2.66,167500,167600,160000,57156,9321877200,11349509,1829540850800
20251125,193250,KR7193250008,링크드,KOSDAQ,405,-3,-.74,410,440,401,88835,36068603,63323377,25645967685
20251125,194370,KR7194370003,제이에스코퍼레이션,KOSPI,10580,-290,-2.67,10830,10950,10460,148890,1581018465,29016758,306997299640
20251125,194480,KR7194480000,데브시스터즈,KOSDAQ,29950,-600,-1.96,30650,31000,29750,51320,1541214675,12203150,365484342500
20251125,194700,KR7194700001,노바렉스,KOSDAQ,14680,-160,-1.08,15000,15120,14560,67750,995610330,18754848,275321168640
20251125,195500,KR7195500004,마니커에프앤지,KOSDAQ,2770,5,.18,2760,2800,2720,44250,121677810,15978000,44259060000
20251125,195870,KR7195870001,해성디에스,KOSPI,50900,1550,3.14,51400,52000,50000,202010,10241050900,17000000,865300000000
20251125,195940,KR7195940002,HK이노엔,KOSDAQ,48850,150,.31,49200,50200,48500,185567,9120113200,28329891,1383915175350
20251125,195990,KR7195990007,에이비프로바이오,KOSDAQ,308,3,.98,320,364,306,33518623,11164293708,284689721,87684434068
20251125,196170,KR7196170005,알테오젠,KOSDAQ,518000,-9000,-1.71,528000,537000,510000,302677,157899163500,53505788,27715998184000
20251125,196300,KR7196300008,HLB펩,KOSDAQ,6410,10,.16,6400,6420,6320,8011,50950000,9293398,59570681180
20251125,196450,KR7196450001,코아시아씨엠,KOSDAQ,776,2,.26,776,791,759,46264,35526820,45319582,35167995632
20251125,196490,KR7196490007,디에이테크놀로지,KOSDAQ,203,0,0,0,0,0,0,0,178549360,36245520080
20251125,196700,KR7196700009,웹스,KOSDAQ,1486,-57,-3.69,1543,1610,1485,84753,128328741,14364144,21345117984
20251125,197140,KR7197140007,디지캡,KOSDAQ,1907,-19,-.99,1955,1956,1863,16856,31798805,13013154,24816084678
20251125,198080,KR7198080004,캐프,KOSDAQ,2190,-40,-1.79,2230,2290,2165,86917,191046775,21535185,47162055150
20251125,198440,KR7198440000,강동씨앤엘,KOSDAQ,1038,11,1.07,1016,1056,1015,13654,13950458,60931896,63247308048
20251125,198940,KR7198940009,한주라이트메탈,KOSDAQ,668,0,0,668,670,655,78797,51936042,38922978,26000549304
20251125,199150,KR7199150004,데이터스트림즈,KONEX,2300,-200,-8,2300,2490,2255,2558,5827925,4268613,9817809900
20251125,199290,KR7199290008,바이오프로테크,KONEX,500,36,7.76,401,500,401,2,901,16325192,8162596000
20251125,199430,KR7199430000,케이엔알시스템,KOSDAQ,20250,-1050,-4.93,21650,21800,19920,482873,9840466905,10897213,220668563250
20251125,199480,KR7199480005,뱅크웨어글로벌,KOSDAQ,6080,-50,-.82,6370,6420,6060,96079,592573280,10101638,61417959040
20251125,199550,KR7199550005,레이저옵텍,KOSDAQ,5700,-190,-3.23,5890,6000,5700,32957,191351350,12265791,69915008700
20251125,199730,KR7199730003,바이오인프라,KOSDAQ,4605,35,.77,4600,4605,4575,2428,11153827,4864367,22400410035
20251125,199800,KR7199800004,툴젠,KOSDAQ,56900,-4100,-6.72,61500,63500,56400,54014,3149252600,8968285,510295416500
20251125,199820,KR7199820002,제일일렉트릭,KOSDAQ,9110,30,.33,9160,9310,8960,106087,963667535,22220000,202424200000
20251125,200130,KR7200130003,콜마비앤에이치,KOSDAQ,12720,-280,-2.15,12930,13160,12720,41916,540007170,29415558,374165897760
20251125,200230,KR7200230001,텔콘RF제약,KOSDAQ,952,6,.63,964,965,946,374161,357542471,68523533,65234403416
20251125,200350,KR7200350007,아티스트스튜디오,KOSDAQ,6080,0,0,6090,6150,5860,38454,231416470,9996025,60775832000
20251125,200470,KR7200470003,에이팩트,KOSDAQ,4715,635,15.56,4355,4770,4250,2982706,13724052584,42362093,199737268495
20251125,200580,KR7200580009,메디쎄이,KONEX,10490,-200,-1.87,9930,10500,9930,942,9458900,3726079,39086568710
20251125,200670,KR7200670008,휴메딕스,KOSDAQ,43250,-450,-1.03,43700,44400,42800,56884,2469644725,11229930,485694472500
20251125,200710,KR7200710002,에이디테크놀로지,KOSDAQ,23900,1750,7.9,23400,24700,23400,372406,8931551725,13440822,321235645800
20251125,200780,KR7200780005,비씨월드제약,KOSDAQ,4310,-110,-2.49,4695,4695,4310,9865,43683788,9736240,41963194400
20251125,200880,KR7200880003,서연이화,KOSPI,11620,-20,-.17,11750,11870,11610,58787,687237050,27028437,314070437940
20251125,201490,KR7201490000,미투온,KOSDAQ,3995,-115,-2.8,4155,4260,3945,348619,1409611186,30390092,121408417540
20251125,202960,KR7202960001,판도라티비,KONEX,668,16,2.45,697,697,620,2217,1438645,11915582,7959608776
20251125,203400,KR7203400007,에이비온,KOSDAQ,5150,665,14.83,4575,5210,4460,1824030,8907010121,29456280,151699842000
20251125,203450,KR7203450002,유니온바이오메트릭스,KOSDAQ,3055,-15,-.49,3070,3070,2960,11425,34612360,14079007,43011366385
20251125,203650,KR7203650007,드림시큐리티,KOSDAQ,1550,-2,-.13,1552,1650,1531,348470,547232344,47816422,74115454100
20251125,203690,KR7203690003,아크솔루션스,KOSDAQ,4425,0,0,0,0,0,0,0,17383395,76921522875
20251125,204020,KR7204020002,그리티,KOSDAQ,2130,40,1.91,2090,2155,2075,50052,105845147,19450832,41430272160
20251125,204210,KR7204210009,스타에스엠리츠,KOSPI,2035,0,0,0,0,0,0,0,7826815,15927568525
20251125,204270,KR7204270003,제이앤티씨,KOSDAQ,20050,2060,11.45,18730,20600,18730,547418,10892981275,57848466,1159861743300
20251125,204320,KR7204320006,HL만도,KOSPI,41400,0,0,42150,42700,41350,426152,17870268325,46957120,1944024768000
20251125,204610,KR7204610000,티쓰리,KOSDAQ,1929,-2,-.1,1948,1948,1892,142419,273121199,58691720,113216327880
20251125,204620,KR7204620009,글로벌텍스프리,KOSDAQ,6540,-240,-3.54,6830,6960,6410,2756413,18309008805,70283330,459652978200
20251125,204630,KR7204630008,스튜디오산타클로스,KOSDAQ,4650,0,0,0,0,0,0,0,5089941,23668225650
20251125,204840,KR7204840003,지엘팜텍,KOSDAQ,1154,1,.09,1153,1174,1140,137579,158296164,77549006,89491552924
20251125,205100,KR7205100001,엑셈,KOSDAQ,2000,1,.05,2025,2055,1999,309269,622621016,71462308,142924616000
20251125,205470,KR7205470008,휴마시스,KOSDAQ,1193,-12,-1,1201,1223,1193,379618,455908301,129375009,154344385737
20251125,205500,KR7205500002,넥써쓰,KOSDAQ,2265,175,8.37,2135,2270,2085,430870,946131280,59724193,135275297145
20251125,206400,KR7206400004,베노티앤알,KOSDAQ,1760,-70,-3.83,1820,1847,1742,98539,175370383,37510158,66017878080
20251125,206560,KR7206560005,덱스터,KOSDAQ,4235,-40,-.94,4275,4340,4150,54469,229634250,25411736,107618701960
20251125,206640,KR7206640005,바디텍메드,KOSDAQ,13640,540,4.12,13200,13700,13150,77214,1042731830,23486560,320356678400
20251125,206650,KR7206650004,유바이오로직스,KOSDAQ,12130,-130,-1.06,12330,12460,12070,138463,1688023470,36647307,444531833910
20251125,206950,KR7206950008,볼빅,KONEX,1560,-28,-1.76,1560,1560,1560,1,1560,14077265,21960533400
20251125,207490,KR7207490004,에이펙스인텍,KONEX,6590,0,0,0,0,0,0,0,3600000,23724000000
20251125,207760,KR7207760000,미스터블루,KOSDAQ,1442,0,0,1425,1509,1425,507901,748581654,83079783,119801047086
20251125,207940,KR7207940008,삼성바이오로직스,KOSPI,1627000,-162000,-9.06,1812000,1812000,1586000,224828,370227006000,46290951,75315377277000
20251125,208140,KR7208140004,정다운,KOSDAQ,2710,-5,-.18,2710,2720,2700,46100,124936729,32684246,88574306660
20251125,208340,KR7208340000,파멥신,KOSDAQ,2915,0,0,0,0,0,0,0,80201108,233786229820
20251125,208350,KR7208350009,지란지교시큐리티,KOSDAQ,3070,5,.16,3065,3120,3025,14066,43375090,8501570,26099819900
20251125,208370,KR7208370007,셀바스헬스케어,KOSDAQ,4355,165,3.94,4535,4635,4280,1174671,5210549799,25740564,112100156220
20251125,208640,KR7208640003,썸에이지,KOSDAQ,296,0,0,297,303,293,598299,177559186,139240254,41215115184
20251125,208710,KR7208710004,포톤,KOSDAQ,2270,-10,-.44,2280,2390,2270,47146,108528958,13180132,29918899640
20251125,208850,KR7208850008,이비테크,KONEX,5080,0,0,0,0,0,0,0,2820250,14326870000
20251125,208860,KR7208860007,다산디엠씨,KOSDAQ,1419,37,2.68,1425,1425,1419,33533,47661054,33949973,48175011687
20251125,208890,KR7208890004,미래엔에듀파트너,KONEX,1099,0,0,0,0,0,0,0,4005520,4402066480
20251125,209640,KR7209640002,와이제이링크,KOSDAQ,2690,280,11.62,2400,3080,2390,9957678,28333029167,28443146,76512062740
20251125,210120,KR7210120002,캔버스엔,KOSDAQ,1360,7,.52,1340,1451,1315,786789,1079923480,24237478,32962970080
20251125,210540,KR7210540001,디와이파워,KOSPI,12920,10,.08,12910,12950,12730,49521,636839075,11041708,142658867360
20251125,210980,KR7210980009,SK디앤디,KOSPI,12630,-10,-.08,12630,12650,12620,26017,328647200,18617382,235137534660
20251125,211050,KR7211050000,인카금융서비스,KOSDAQ,14170,820,6.14,13300,14390,13300,181684,2568940335,51379800,728051766000
20251125,211270,KR7211270004,AP위성,KOSDAQ,11720,370,3.26,11450,11760,11400,29658,344716900,15082304,176764602880
20251125,212310,KR7212310007,오건에코텍,KONEX,635,0,0,0,0,0,0,0,11555874,7337979990
20251125,212560,KR7212560007,네오오토,KOSDAQ,5220,40,.77,5190,5270,5150,27616,143111055,11812241,61659898020
20251125,212710,KR7212710008,아이에스티이,KOSDAQ,7770,-170,-2.14,8000,8150,7770,43617,345155620,9410478,73119414060
20251125,213420,KR7213420003,덕산네오룩스,KOSDAQ,36300,450,1.26,36650,36900,35300,185054,6678354550,24831179,901371797700
20251125,213500,KR7213500002,한솔제지,KOSPI,8310,-120,-1.42,8440,8450,8270,29234,244019610,23800576,197782786560
20251125,214150,KR7214150005,클래시스,KOSDAQ,51800,-2200,-4.07,54900,54900,51800,218453,11548410150,65505659,3393193136200
20251125,214180,KR7214180002,헥토이노베이션,KOSDAQ,15310,-250,-1.61,15750,15790,15090,29592,452226370,13124613,200937825030
20251125,214260,KR7214260002,라파스,KOSDAQ,12100,-290,-2.34,12640,12640,11960,13542,164454990,8922463,107961802300
20251125,214270,KR7214270001,FSN,KOSDAQ,1797,-59,-3.18,1850,1875,1781,200749,363615633,43690959,78512653323
20251125,214320,KR7214320004,이노션,KOSPI,18200,370,2.08,17910,18250,17810,229445,4164034335,40000000,728000000000
20251125,214330,KR7214330003,금호에이치티,KOSPI,532,-2,-.37,537,545,532,198437,106214342,218046510,116000743320
20251125,214370,KR7214370009,케어젠,KOSDAQ,83200,4200,5.32,78400,84500,78200,401071,33149570900,53715000,4469088000000
20251125,214390,KR7214390007,경보제약,KOSPI,5840,60,1.04,5780,5890,5780,8529,49603580,23906860,139616062400
20251125,214420,KR7214420002,토니모리,KOSPI,8420,-230,-2.66,8660,8720,8420,133383,1136269210,24054799,202541407580
20251125,214430,KR7214430001,아이쓰리시스템,KOSDAQ,67800,0,0,68500,69500,66700,33178,2248008300,7106760,481838328000
20251125,214450,KR7214450009,파마리서치,KOSDAQ,407500,-10500,-2.51,422500,424000,402000,164743,67398370250,10389648,4233781560000
20251125,214610,KR7214610008,롤링스톤,KOSDAQ,3550,145,4.26,3405,3890,3370,78717,282538070,8383322,29760793100
20251125,214680,KR7214680001,디알텍,KOSDAQ,1880,39,2.12,1841,1943,1841,479502,910051201,76460050,143744894000
20251125,215000,KR7215000001,골프존,KOSDAQ,59200,-100,-.17,59800,59900,59100,4176,248308900,6275415,371504568000
20251125,215090,KR7215090002,솔디펜스,KOSDAQ,2555,-30,-1.16,2585,2645,2515,94842,242561290,23155661,59162713855
20251125,215100,KR7215100009,로보로보,KOSDAQ,7270,-10,-.14,7410,7530,7250,306435,2255942110,20348454,147933260580
20251125,215200,KR7215200007,메가스터디교육,KOSDAQ,40850,-1150,-2.74,41800,42500,40700,26328,1082508675,10365216,423419073600
20251125,215360,KR7215360009,우리산업,KOSDAQ,7830,50,.64,7730,7930,7730,7321,57204340,9132163,71504836290
20251125,215380,KR7215380007,우정바이오,KOSDAQ,2195,25,1.15,2170,2240,2135,178769,390066999,16829576,36940919320
20251125,215480,KR7215480005,토박스코리아,KOSDAQ,2045,5,.25,2025,2050,2025,6071,12381690,9180000,18773100000
20251125,215570,KR7215570003,크로넥스,KONEX,899,0,0,899,899,793,1140,919745,5078057,4565173243
20251125,215600,KR7215600008,신라젠,KOSDAQ,2700,10,.37,2695,2750,2685,410751,1114173579,138129836,372950557200
20251125,215790,KR7215790007,이노인스트루먼트,KOSDAQ,549,-33,-5.67,580,592,549,630755,355476234,40283149,22115448801
20251125,216050,KR7216050005,인크로스,KOSDAQ,6630,-60,-.9,6630,6800,6570,27386,182375350,12843222,85150561860
20251125,216080,KR7216080002,제테마,KOSDAQ,5910,130,2.25,5780,6110,5750,163313,972325815,36007518,212804431380
20251125,216400,KR7216400002,인바이츠바이오코아,KONEX,2450,-50,-2,2500,2500,2300,542,1277895,7711315,18892721750
20251125,217190,KR7217190008,제너셈,KOSDAQ,5270,170,3.33,5240,5360,5100,83630,437305175,8769174,46213546980
20251125,217270,KR7217270008,넵튠,KOSDAQ,5130,40,.79,5080,5180,4995,42469,215788030,46735643,239753848590
20251125,217320,KR7217320001,썬테크,KONEX,600,0,0,0,0,0,0,0,1050000,630000000
20251125,217330,KR7217330000,싸이토젠,KOSDAQ,3410,50,1.49,3360,3562,3300,224815,775201233,23129547,78871755270
20251125,217480,KR7217480003,에스디생명공학,KOSDAQ,499,0,0,0,0,0,0,0,109733141,54756837359
20251125,217500,KR7217500008,러셀,KOSDAQ,1858,21,1.14,1826,1880,1826,46467,86199625,31812000,59106696000
20251125,217620,KR7217620004,선샤인푸드,KOSDAQ,3810,0,0,0,0,0,0,0,7035087,26803681470
20251125,217730,KR7217730001,강스템바이오텍,KOSDAQ,1410,2,.14,1429,1469,1405,192029,274225407,94054149,132616350090
20251125,217820,KR7217820000,원익피앤이,KOSDAQ,3340,-85,-2.48,3460,3540,3280,221059,745441237,47454559,158498227060
20251125,217880,KR7217880004,틸론,KONEX,2085,5,.24,2140,2140,1951,2268,4636378,10727290,22366399650
20251125,217910,KR7217910009,에스제이켐,KONEX,372,-1,-.27,0,0,0,0,0,13990522,5204474184
20251125,217950,KR7217950005,파마리서치바이오,KONEX,27450,-250,-.9,27700,29950,26750,3450,95805650,4183240,114829938000
20251125,218150,KR7218150001,미래생명자원,KOSDAQ,3040,-10,-.33,3030,3105,3025,42042,128661650,20415802,62064038080
20251125,218410,KR7218410009,RFHIC,KOSDAQ,25950,-350,-1.33,26950,27100,25600,318726,8280696150,26503442,687764319900
20251125,219130,KR7219130002,타이거일렉,KOSDAQ,17310,1160,7.18,16160,17860,16090,123043,2120097115,6314290,109300359900
20251125,219420,KR7219420007,링크제니시스,KOSDAQ,4675,10,.21,4665,4800,4650,23998,112404855,11469507,53619945225
20251125,219550,KR7219550001,디와이디,KOSDAQ,200,0,0,0,0,0,0,0,125110615,25022123000
20251125,219750,KR7219750007,한국비티비,KOSDAQ,900,-15,-1.64,914,920,888,27422,24693787,65426885,58884196500
20251125,220100,KR7220100002,퓨쳐켐,KOSDAQ,29050,-1000,-3.33,30200,32550,28550,1233221,37553081775,22102155,642067602750
20251125,220180,KR7220180004,핸디소프트,KOSDAQ,2005,12,.6,2015,2030,1983,44961,89870189,23930842,47981338210
20251125,220260,KR7220260004,켐트로스,KOSDAQ,3700,-30,-.8,3735,3820,3695,41839,156762304,26558307,98265735900
20251125,221800,KR7221800006,유투바이오,KOSDAQ,5920,70,1.2,5820,6900,5810,6529752,41676825750,13544196,80181640320
20251125,221840,KR7221840002,하이즈항공,KOSDAQ,2170,0,0,2185,2185,2140,15835,34229165,18700561,40580217370
20251125,221980,KR7221980006,케이디켐,KOSDAQ,10480,130,1.26,10320,10480,10310,1066,11014200,4034800,42284704000
20251125,222040,KR7222040008,코스맥스엔비티,KOSDAQ,3215,-80,-2.43,3300,3370,3165,32312,104004935,20628000,66319020000
20251125,222080,KR7222080004,씨아이에스,KOSDAQ,6580,-120,-1.79,6720,6880,6550,219989,1459561565,77371839,509106700620
20251125,222110,KR7222110009,팬젠,KOSDAQ,5580,-40,-.71,5620,5700,5150,44733,238039470,13494197,75297619260
20251125,222160,KR7222160004,NPX,KOSDAQ,8040,0,0,0,0,0,0,0,9894439,79551289560
20251125,222420,KR7222420002,쎄노텍,KOSDAQ,880,7,.8,873,889,861,138207,120551943,45460231,40005003280
20251125,222670,KR7222670002,플럼라인생명과학,KONEX,5050,-90,-1.75,5140,5170,5000,3588,18073870,4030075,20351878750
20251125,222800,KR7222800005,심텍,KOSDAQ,52400,2300,4.59,52200,53500,51500,819223,42912189500,36914269,1934307695600
20251125,222810,KR7222810004,세토피아,KOSDAQ,5400,0,0,0,0,0,0,0,15131870,81712098000
20251125,222980,KR7222980005,한국맥널티,KOSDAQ,3140,-40,-1.26,3195,3195,3135,5784,18232615,11031483,34638856620
20251125,223220,KR7223220005,로지스몬,KONEX,166,0,0,0,0,0,0,0,50820722,8436239852
20251125,223250,KR7223250002,드림씨아이에스,KOSDAQ,4320,25,.58,4310,4525,4300,153704,675976256,23799324,102813079680
20251125,223310,KR7223310004,사토시홀딩스,KOSDAQ,2120,-60,-2.75,2180,2240,2110,109578,235844390,26023214,55169213680
20251125,224060,KR7224060004,더코디,KOSDAQ,2685,15,.56,2725,2800,2645,30061,82175207,5160722,13856538570
20251125,224110,KR7224110007,에이텍모빌리티,KOSDAQ,9700,80,.83,9630,9810,9630,8873,86659180,5340000,51798000000
20251125,224760,KR7224760009,엔에스컴퍼니,KONEX,3200,0,0,0,0,0,0,0,3939700,12607040000
20251125,224810,KR7224810002,엄지하우스,KONEX,2295,0,0,0,0,0,0,0,4200000,9639000000
20251125,225190,KR7225190008,LK삼양,KOSDAQ,1346,8,.6,1339,1380,1320,215497,289180318,50748440,68307400240
20251125,225220,KR7225220003,제놀루션,KOSDAQ,2015,-15,-.74,2100,2130,1993,79052,158781566,19190021,38667892315
20251125,225430,KR7225430008,케이엠제약,KOSDAQ,574,-15,-2.55,586,586,562,90597,52112577,27887050,16007166700
20251125,225530,KR7225530005,HC보광산업,KOSDAQ,2805,0,0,2810,2830,2795,11486,32212565,36338727,101930129235
20251125,225570,KR7225570001,넥슨게임즈,KOSDAQ,12350,-230,-1.83,12620,12770,12350,134634,1677052335,65860174,813373148900
20251125,225590,KR7225590009,패션플랫폼,KOSDAQ,887,4,.45,873,898,873,8653,7649858,26636713,23626764431
20251125,226320,KR7226320000,잇츠한불,KOSPI,11190,-70,-.62,11250,11470,11160,20608,232361065,21929315,245389034850
20251125,226330,KR7226330009,신테카바이오,KOSDAQ,4640,200,4.5,5200,5210,4330,917175,4442010014,15258475,70799324000
20251125,226340,KR7226340008,본느,KOSDAQ,730,8,1.11,716,738,703,290392,208325337,41952420,30625266600
20251125,226360,KR7226360006,KH 건설,KOSDAQ,2555,0,0,0,0,0,0,0,26464732,67617390260
20251125,226400,KR7226400000,오스테오닉,KOSDAQ,6010,40,.67,6050,6120,5900,55656,333748240,20661601,124176222010
20251125,226590,KR7226590008,엠디바이스,KOSDAQ,12560,410,3.37,12340,12980,12340,176166,2237126930,10630784,133522647040
20251125,226950,KR7226950004,올릭스,KOSDAQ,126100,-4100,-3.15,130300,132500,125500,395425,50988033150,20114783,2536474136300
20251125,227100,KR7227100005,퀀텀온,KOSDAQ,612,0,0,0,0,0,0,0,24134182,14770119384
20251125,227420,KR7227420007,도부,KONEX,1000,20,2.04,1030,1030,999,211,210890,38044510,38044510000
20251125,227610,KR7227610003,아우딘퓨쳐스,KOSDAQ,899,30,3.45,855,977,855,899076,823143204,36120292,32472142508
20251125,227840,KR7227840006,현대코퍼레이션홀딩스,KOSPI,12240,140,1.16,12100,12240,12080,6448,78446890,9100836,111394232640
20251125,227950,KR7227950003,엔투텍,KOSDAQ,351,1,.29,350,363,349,302404,106822529,172541047,60561907497
20251125,228340,KR7228340006,동양파일,KOSDAQ,1568,3,.19,1559,1569,1553,11466,17916069,20000000,31360000000
20251125,228670,KR7228670006,레이,KOSDAQ,4160,-115,-2.69,4335,4340,4040,162022,668515604,15602050,64904528000
20251125,228760,KR7228760005,지노믹트리,KOSDAQ,24000,-550,-2.24,25200,25500,23650,113270,2771961150,24382071,585169704000
20251125,228850,KR7228850004,레이언스,KOSDAQ,5360,-100,-1.83,5440,5440,5350,3294,17734560,16591014,88927835040
20251125,229000,KR7229000005,젠큐릭스,KOSDAQ,1576,-33,-2.05,1603,1690,1562,159172,254617209,16117826,25401693776
20251125,229500,KR7229500004,노브메타파마,KONEX,14200,50,.35,14230,14230,13850,3685,51775340,12125443,172181290600
20251125,229640,KR7229640008,LS에코에너지,KOSPI,34250,-250,-.72,35400,35450,34200,72644,2520420825,30624879,1048902105750
20251125,230240,KR7230240004,에치에프알,KOSDAQ,13820,-400,-2.81,14240,14420,13450,232143,3178663370,13309000,183930380000
20251125,230360,KR7230360000,에코마케팅,KOSDAQ,10820,-30,-.28,10990,11030,10780,55559,606100515,30998758,335406561560
20251125,230980,KR7230980005,비유테크놀러지,KOSDAQ,229,0,0,0,0,0,0,0,93320557,21370407553
20251125,232140,KR7232140004,와이씨,KOSDAQ,12250,-40,-.33,12530,12740,12180,257476,3201737300,82045350,1005055537500
20251125,232530,KR7232530006,이엠티,KONEX,3795,100,2.71,3800,3800,3795,31,117655,25614304,97206283680
20251125,232680,KR7232680009,라온테크,KOSDAQ,7300,10,.14,7400,7450,7200,25652,186479500,12534234,91499908200
20251125,232830,KR7232830000,아이티센피엔에스,KOSDAQ,2150,-40,-1.83,2195,2265,2135,27100,58957195,11707472,25171064800
20251125,233250,KR7233250000,메디안디노스틱,KONEX,11470,-20,-.17,0,0,0,0,0,1746534,20032744980
20251125,233990,KR7233990001,질경이,KONEX,1999,-1,-.05,1999,2000,1701,2121,4191216,14764898,29515031102
20251125,234030,KR7234030005,싸이닉솔루션,KOSDAQ,9480,590,6.64,9130,9700,8890,3332397,31141060045,23605000,223775400000
20251125,234070,KR7234070001,에이원알폼,KONEX,888,-46,-4.93,0,0,0,0,0,6960703,6181104264
20251125,234080,KR7234080000,JW생명과학,KOSPI,14550,-320,-2.15,14820,15000,14350,115956,1699626345,15834554,230392760700
20251125,234100,KR7234100006,폴라리스세원,KOSDAQ,1043,5,.48,1038,1054,1033,131674,136948297,70170552,73187885736
20251125,234300,KR7234300002,에스트래픽,KOSDAQ,3515,30,.86,3540,3540,3480,30313,106393325,27207780,95635346700
20251125,234340,KR7234340008,헥토파이낸셜,KOSDAQ,14790,-380,-2.5,15450,15640,14670,135897,2031121610,13970656,206626002240
20251125,234690,KR7234690006,녹십자웰빙,KOSDAQ,8750,-130,-1.46,8980,8980,8670,43074,378991650,17752276,155332415000
20251125,234920,KR7234920007,자이글,KOSDAQ,5310,0,0,0,0,0,0,0,13530910,71849132100
20251125,235980,KR7235980000,메드팩토,KOSDAQ,6740,0,0,6850,7240,6720,756703,5289029960,34275121,231014315540
20251125,236030,KR7236030003,씨알푸드,KONEX,1699,99,6.19,1599,1699,1599,192,314278,2033332,3454631068
20251125,236200,KR7236200002,슈프리마,KOSDAQ,31350,450,1.46,30950,31700,30950,16740,523819300,7257273,227515508550
20251125,236340,KR7236340006,메디젠휴먼케어,KONEX,1500,0,0,1500,1600,1500,536,804100,3014647,4521970500
20251125,236810,KR7236810008,엔비티,KOSDAQ,2390,5,.21,2385,2470,2300,162234,382504202,16975426,40571268140
20251125,237690,KR7237690003,에스티팜,KOSDAQ,97800,-400,-.41,98800,100100,97400,67082,6600904600,20701684,2024624695200
20251125,237750,KR7237750005,피앤씨테크,KOSDAQ,4350,-110,-2.47,4455,4495,4310,7234,31630011,6496600,28260210000
20251125,237820,KR7237820006,플레이디,KOSDAQ,4500,-45,-.99,4530,4590,4450,25457,114785480,12827140,57722130000
20251125,237880,KR7237880000,클리오,KOSDAQ,13030,-360,-2.69,13470,13500,13030,39096,516881840,18071353,235469729590
20251125,238090,KR7238090005,앤디포스,KOSDAQ,2010,10,.5,2000,2025,1926,125712,249733954,23541303,47318019030
20251125,238120,KR7238120000,얼라인드,KOSDAQ,3550,30,.85,3555,3570,3460,26006,91534185,14378896,51045080800
20251125,238170,KR7238170005,엔에스엠,KONEX,738,29,4.09,740,740,603,466,283159,20774684,15331716792
20251125,238200,KR7238200000,비피도,KOSDAQ,3155,0,0,3180,3180,3120,11420,35996725,8180000,25807900000
20251125,238490,KR7238490007,힘스,KOSDAQ,3300,45,1.38,3260,3330,3260,10744,35257820,11312236,37330378800
20251125,238500,KR7238500003,로보쓰리에이아이,KONEX,190,0,0,0,0,0,0,0,42018262,7983469780
20251125,239340,KR7239340003,이스트에이드,KOSDAQ,1537,-25,-1.6,1562,1649,1531,33372,52121415,26979634,41467697458
20251125,239610,KR7239610009,에이치엘사이언스,KOSDAQ,8480,200,2.42,8520,8910,8320,7791,67147630,5392115,45725135200
20251125,239890,KR7239890007,피엔에이치테크,KOSDAQ,4890,150,3.16,4760,5000,4755,29407,144128467,9935755,48585841950
20251125,240550,KR7240550004,동방메디컬,KOSDAQ,8230,60,.73,8170,8370,8120,45485,374207565,20810260,171268439800
20251125,240600,KR7240600007,유진테크놀로지,KOSDAQ,3950,-40,-1,4135,4135,3925,20094,79699895,6928151,27366196450
20251125,240810,KR7240810002,원익IPS,KOSDAQ,60000,700,1.18,60700,61100,57500,526642,31413220650,49083901,2945034060000
20251125,241520,KR7241520006,DSC인베스트먼트,KOSDAQ,6480,170,2.69,6350,6610,6350,190351,1239040775,27000000,174960000000
20251125,241560,KR7241560002,두산밥캣,KOSPI,55000,-2300,-4.01,58200,58200,54700,207572,11554103650,95856065,5272083575000
20251125,241590,KR7241590009,화승엔터프라이즈,KOSPI,4755,-40,-.83,4840,4840,4690,86239,410619752,60589276,288102007380
20251125,241690,KR7241690007,유니테크노,KOSDAQ,3400,-50,-1.45,3475,3545,3345,278971,960329860,24470706,83200400400
20251125,241710,KR7241710003,코스메카코리아,KOSDAQ,70700,-400,-.56,71900,72500,70200,41003,2911339000,10680000,755076000000
20251125,241770,KR7241770007,메카로,KOSDAQ,21500,400,1.9,21750,22000,21050,15920,341663700,10192640,219141760000
20251125,241790,KR7241790005,티이엠씨씨엔에스,KOSDAQ,6410,30,.47,6390,6510,6280,25456,162742080,10002634,64116883940
20251125,241820,KR7241820000,피씨엘,KOSDAQ,6040,0,0,0,0,0,0,0,2782098,16803871920
20251125,241840,KR7241840008,에이스토리,KOSDAQ,6960,10,.14,7000,7060,6800,24766,172281210,9539994,66398358240
20251125,242040,KR7242040004,나무기술,KOSDAQ,1375,11,.81,1364,1383,1357,84605,115748601,34606264,47583613000
20251125,243070,KR7243070000,휴온스,KOSDAQ,27050,-700,-2.52,27850,28200,26850,30669,842040575,11979665,324049938250
20251125,243840,KR7243840006,신흥에스이씨,KOSDAQ,5140,70,1.38,5130,5220,5030,143083,731112440,38558235,198189327900
20251125,243870,KR7243870003,아이티센코어,KONEX,10000,0,0,10000,10000,9800,31,308050,2892631,28926310000
20251125,244460,KR7244460002,올리패스,KOSDAQ,1651,0,0,0,0,0,0,0,5439505,8980622755
20251125,244880,KR7244880001,나눔테크,KONEX,2390,-10,-.42,2390,2390,2200,38,84980,5020000,11997800000
20251125,244920,KR7244920005,에이플러스에셋,KOSPI,8450,490,6.16,7960,8880,7960,2142382,17936358720,22607693,191035005850
20251125,245450,KR7245450002,씨앤에스링크,KONEX,1590,-9,-.56,1590,1590,1590,1,1590,1579960,2512136400
20251125,245620,KR7245620000,EDGC,KOSDAQ,415,0,0,0,0,0,0,0,138493951,57474989665
20251125,246250,KR7246250005,에스엘에스바이오,KOSDAQ,1969,0,0,0,0,0,0,0,15348206,30220617614
20251125,246690,KR7246690002,TS인베스트먼트,KOSDAQ,1312,-14,-1.06,1323,1360,1287,412299,537710446,41477862,54418954944
20251125,246710,KR7246710008,티앤알바이오팹,KOSDAQ,1389,40,2.97,1400,1440,1330,576764,794450909,44941692,62424010188
20251125,246720,KR7246720007,아스타,KOSDAQ,8180,30,.37,8240,8330,8110,13362,110091370,14914900,122003882000
20251125,246960,KR7246960009,SCL사이언스,KOSDAQ,2340,-10,-.43,2410,2415,2340,11147,26337315,33972311,79495207740
20251125,247540,KR7247540008,에코프로비엠,KOSDAQ,137400,-1100,-.79,141600,143500,136500,218794,30349193450,97801344,13437904665600
20251125,247660,KR7247660004,나노씨엠에스,KOSDAQ,5130,-120,-2.29,5250,5320,5070,35734,186056210,4343920,22284309600
20251125,248070,KR7248070005,솔루엠,KOSPI,17470,10,.06,17560,18130,17390,164722,2907883925,47816236,835349642920
20251125,248170,KR7248170003,샘표식품,KOSPI,28750,-450,-1.54,29200,29400,28650,13675,396130425,4568286,131338222500
20251125,249420,KR7249420001,일동제약,KOSPI,28750,-1150,-3.85,30100,31100,28550,1551211,45909001775,31638252,909599745000
20251125,250000,KR7250000007,보라티알,KOSDAQ,8360,0,0,8390,8390,8280,2320,19296450,6750733,56436127880
20251125,250030,KR7250030004,진코스텍,KONEX,11450,-60,-.52,11500,11500,11030,2022,22887370,2589337,29647908650
20251125,250060,KR7250060001,모비스,KOSDAQ,2955,60,2.07,2895,3180,2880,2468656,7473537023,32171314,95066232870
20251125,250930,KR7250930005,예선테크,KOSDAQ,518,14,2.78,510,532,504,176657,91070249,33000440,17094227920
20251125,251120,KR7251120002,바이오에프디엔씨,KOSDAQ,15990,190,1.2,16170,16170,15700,8829,140024190,8695700,139044243000
20251125,251270,KR7251270005,넷마블,KOSPI,51700,100,.19,52000,52900,51300,129919,6755297550,85953502,4443796053400
20251125,251280,KR7251280004,안지오랩,KONEX,3485,-15,-.43,3490,3490,3485,9,31380,3491870,12169166950
20251125,251370,KR7251370003,와이엠티,KOSDAQ,11050,-120,-1.07,11210,11450,10970,58945,656221110,17624010,194745310500
20251125,251630,KR7251630000,브이원텍,KOSDAQ,4645,-30,-.64,4690,4865,4585,29854,139624170,15942886,74054705470
20251125,251970,KR7251970000,펌텍코리아,KOSDAQ,53600,-700,-1.29,55700,55700,53600,35536,1923938550,12400000,664640000000
20251125,252500,KR7252500004,세화피앤씨,KOSDAQ,802,-15,-1.84,809,819,797,84410,67746033,41486390,33272084780
20251125,252990,KR7252990007,샘씨엔에스,KOSDAQ,7240,400,5.85,7040,7430,7030,1227138,8856495005,58388063,422729576120
20251125,253450,KR7253450001,스튜디오드래곤,KOSDAQ,37950,-300,-.78,38200,38500,37750,38364,1457348425,30058498,1140719999100
20251125,253590,KR7253590004,네오셈,KOSDAQ,9650,110,1.15,9860,10000,9540,169151,1646171375,43869164,423337432600
20251125,253610,KR7253610000,루트락,KONEX,1147,-53,-4.42,1378,1378,1020,962,988185,10185410,11682665270
20251125,253840,KR7253840003,수젠텍,KOSDAQ,6840,0,0,6850,7000,6750,374017,2562660075,16743200,114523488000
20251125,254120,KR7254120009,자비스,KOSDAQ,1393,-25,-1.76,1418,1447,1381,81261,113770808,30754270,42840698110
20251125,254160,KR7254160005,제이엠멀티,KONEX,3000,0,0,2900,3100,2900,521,1577100,5160000,15480000000
20251125,254490,KR7254490006,미래반도체,KOSDAQ,14790,290,2,14640,15200,14640,32678,487228700,14438000,213538020000
20251125,255220,KR7255220006,SG,KOSDAQ,2575,30,1.18,2505,2600,2440,3474904,8708148656,98690161,254127164575
20251125,255440,KR7255440000,야스,KOSDAQ,8050,50,.63,8290,8290,7925,9843,78855125,13058000,105116900000
20251125,256150,KR7256150004,한독크린텍,KOSDAQ,5350,20,.38,5300,5360,5290,9886,52578165,8395000,44913250000
20251125,256630,KR7256630005,포인트엔지니어링,KOSDAQ,1086,25,2.36,1054,1159,1054,13636,15154113,57997072,62984820192
20251125,256840,KR7256840000,한국비엔씨,KOSDAQ,5270,-120,-2.23,5410,5650,5250,2777860,15109751365,68394886,360441049220
20251125,256940,KR7256940008,킵스파마,KOSDAQ,9380,210,2.29,9250,9650,9050,78979,743461390,20078147,188333018860
20251125,257370,KR7257370007,피엔티엠에스,KOSDAQ,2030,70,3.57,1960,2300,1916,192711,399353964,12504861,25384867830
20251125,257720,KR7257720003,실리콘투,KOSDAQ,44750,-1900,-4.07,46750,47050,44700,638860,29246599700,61171908,2737442883000
20251125,257990,KR7257990002,나우코스,KONEX,5900,-170,-2.8,6140,6160,5900,712,4331620,5891392,34759212800
20251125,258050,KR7258050004,테크트랜스,KONEX,886,-1,-.11,0,0,0,0,0,11145949,9875310814
20251125,258610,KR7258610005,케일럼,KOSDAQ,1408,-35,-2.43,1443,1462,1387,50711,71031003,26787133,37716283264
20251125,258790,KR7258790005,소프트캠프,KOSDAQ,1214,5,.41,1210,1269,1210,70521,86372841,24991284,30339418776
20251125,258830,KR7258830009,세종메디칼,KOSDAQ,412,0,0,0,0,0,0,0,65786351,27103976612
20251125,259630,KR7259630002,엠플러스,KOSDAQ,13520,70,.52,13700,14000,13410,61817,844035970,12157656,164371509120
20251125,259960,KR7259960003,크래프톤,KOSPI,255000,0,0,255500,257000,253000,65335,16657772000,47393856,12085433280000
20251125,260660,KR7260660006,알리코제약,KOSDAQ,3580,-15,-.42,3615,3690,3575,22012,79403140,15327021,54870735180
20251125,260870,KR7260870001,SK시그넷,KONEX,8490,-20,-.24,8740,8750,8200,1833,15258370,18569800,157657602000
20251125,260930,KR7260930003,씨티케이,KOSDAQ,4655,-100,-2.1,4760,4920,4625,44048,209055930,19341591,90035106105
20251125,260970,KR7260970009,에스앤디,KOSDAQ,69200,300,.44,69200,71100,68700,14555,1014040000,2892754,200178576800
20251125,261200,KR7261200000,덴티스,KOSDAQ,4280,-100,-2.28,4290,4370,4245,46293,198396015,15809700,67665516000
20251125,261780,KR7261780001,차백신연구소,KOSDAQ,2665,70,2.7,2575,2670,2570,32654,85859030,26865246,71595880590
20251125,262260,KR7262260003,에이프로,KOSDAQ,5200,60,1.17,5110,5260,5100,15309,78805425,14468152,75234390400
20251125,262840,KR7262840002,아이퀘스트,KOSDAQ,1829,-17,-.92,1840,1847,1805,92730,168927819,21133905,38653912245
20251125,263020,KR7263020000,디케이앤디,KOSDAQ,3145,-5,-.16,3150,3190,3130,29723,93665280,14499831,45601968495
20251125,263050,KR7263050007,유틸렉스,KOSDAQ,1239,19,1.56,1220,1239,1209,108064,132053124,36834856,45638386584
20251125,263600,KR7263600009,덕우전자,KOSDAQ,3850,-45,-1.16,3900,3980,3850,13338,51708385,15930310,61331693500
20251125,263690,KR7263690000,디알젬,KOSDAQ,5440,-60,-1.09,5440,5510,5400,14257,77624270,11325610,61611318400
20251125,263700,KR7263700007,케어랩스,KOSDAQ,3255,-5,-.15,3260,3310,3160,67852,218082928,19414200,63193221000
20251125,263720,KR7263720005,디앤씨미디어,KOSDAQ,12720,-30,-.24,12770,12960,12390,31470,397391810,12524473,159311296560
20251125,263750,KR7263750002,펄어비스,KOSDAQ,36150,-1000,-2.69,37100,37450,36050,149971,5460666825,64247855,2322559958250
20251125,263770,KR7263770000,유에스티,KOSDAQ,1900,3,.16,1878,1914,1878,17076,32381757,23700172,45030326800
20251125,263800,KR7263800005,데이타솔루션,KOSDAQ,4820,10,.21,4830,4905,4750,126422,610049480,16222380,78191871600
20251125,263810,KR7263810004,상신전자,KOSDAQ,3095,25,.81,3050,3130,3050,42421,131175175,15924825,49287333375
20251125,263860,KR7263860009,지니언스,KOSDAQ,17470,-160,-.91,17810,17990,17130,8744,153221990,9079600,158620612000
20251125,263920,KR7263920001,휴엠앤씨,KOSDAQ,3645,-50,-1.35,3705,3705,3645,2345,8594760,9809026,35753899770
20251125,264450,KR7264450008,유비쿼스,KOSDAQ,9650,250,2.66,9400,9690,9400,20593,196803510,14665493,141522007450
20251125,264660,KR7264660002,씨앤지하이테크,KOSDAQ,14190,20,.14,14400,14970,14070,70587,1015257060,9721172,137943430680
20251125,264850,KR7264850009,이랜시스,KOSDAQ,4735,-110,-2.27,4890,4955,4720,188851,905454001,30294612,143444987820
20251125,264900,KR7264900002,크라운제과,KOSPI,9060,-90,-.98,9080,9160,9000,9124,82829010,12523850,113466081000
20251125,26490K,KR726490K013,크라운제과우,KOSPI,9450,90,.96,9340,9450,9340,6756,63589370,773560,7310142000
20251125,265520,KR7265520007,AP시스템,KOSDAQ,18910,310,1.67,18810,19100,18600,100701,1896658045,15050821,284611025110
20251125,265560,KR7265560003,영화테크,KOSDAQ,6670,-90,-1.33,6680,6790,6650,7560,50591790,10690180,71303500600
20251125,265740,KR7265740001,엔에프씨,KOSDAQ,4355,-55,-1.25,4415,4510,4355,88579,389217405,17863600,77795978000
20251125,266170,KR7266170000,뿌리깊은나무들,KONEX,299,-1,-.33,300,300,299,2,599,7338267,2194141833
20251125,266350,KR7266350008,팡스카이,KONEX,398,0,0,0,0,0,0,0,12369570,4923088860
20251125,266470,KR7266470004,바이오인프라생명과학,KONEX,255,-23,-8.27,308,308,237,970,239472,27866019,7105834845
20251125,266870,KR7266870005,파워풀엑스,KONEX,644,0,0,0,0,0,0,0,6408680,4127189920
20251125,267080,KR7267080000,세븐브로이맥주,KONEX,486,0,0,0,0,0,0,0,11871408,5769504288
20251125,267250,KR7267250009,HD현대,KOSPI,202500,2000,1,205000,208000,201500,143048,29128318000,78993085,15996099712500
20251125,267260,KR7267260008,HD현대일렉트릭,KOSPI,780000,30000,4,774000,798000,771000,148760,116630733000,36047135,28116765300000
20251125,267270,KR7267270007,HD현대건설기계,KOSPI,92700,-2800,-2.93,96900,97300,91100,170105,15947002300,17357613,1609050725100
20251125,267290,KR7267290005,경동도시가스,KOSPI,21200,50,.24,21200,21300,20950,8645,182521400,5895406,124982607200
20251125,267320,KR7267320000,나인테크,KOSDAQ,3215,75,2.39,3215,3310,3190,795099,2579044597,57415295,184590173425
20251125,267790,KR7267790004,배럴,KOSDAQ,3710,75,2.06,3605,3755,3605,13006,48278060,7689309,28527336390
20251125,267850,KR7267850006,아시아나IDT,KOSPI,11020,-80,-.72,11030,11200,11000,2994,33074970,11100000,122322000000
20251125,267980,KR7267980001,매일유업,KOSDAQ,34700,-1100,-3.07,35600,35800,34700,8465,297234350,7663638,265928238600
20251125,268280,KR7268280005,미원에스씨,KOSPI,134300,-1600,-1.18,136800,139400,134300,2338,322126900,5000000,671500000000
20251125,269620,KR7269620001,시스웍,KOSDAQ,889,0,0,0,0,0,0,0,148582691,132090012299
20251125,270210,KR7270210008,에스알바이오텍,KONEX,21350,850,4.15,19800,21750,19800,8656,183103890,1664453,35536071550
20251125,270520,KR7270520000,앱튼,KOSDAQ,450,3,.67,450,471,439,1489320,670999647,196589147,88465116150
20251125,270660,KR7270660004,에브리봇,KOSDAQ,17690,-360,-1.99,18190,18450,17600,59340,1062708865,12371090,218844582100
20251125,270870,KR7270870009,뉴트리,KOSDAQ,4950,-50,-1,4995,5090,4940,17398,86583840,9200224,45541108800
20251125,271560,KR7271560005,오리온,KOSPI,102700,400,.39,102700,104800,101000,200795,20758189300,39536132,4060360756400
20251125,271830,KR7271830002,팸텍,KOSDAQ,1616,-14,-.86,1631,1696,1615,127477,209121113,29490202,47656166432
20251125,271940,KR7271940009,일진하이솔루스,KOSPI,14610,400,2.81,14220,14610,14160,43811,629779025,36313190,530535705900
20251125,271980,KR7271980005,제일약품,KOSPI,14000,-100,-.71,14220,14410,13930,20505,289611100,14704872,205868208000
20251125,272110,KR7272110008,케이엔제이,KOSDAQ,23400,100,.43,23900,24400,22950,128721,3014439150,8025395,187794243000
20251125,272210,KR7272210006,한화시스템,KOSPI,46200,-1200,-2.53,47500,48300,45850,1339295,62364128150,188919389,8728075771800
20251125,272290,KR7272290008,이녹스첨단소재,KOSDAQ,21950,250,1.15,22100,22650,21750,94658,2092948575,20227658,443997093100
20251125,272450,KR7272450008,진에어,KOSPI,6610,-130,-1.93,6790,6830,6600,84312,562825435,52200000,345042000000
20251125,272550,KR7272550005,삼양패키징,KOSPI,13560,-170,-1.24,13730,13770,13530,10350,140729375,15330971,207887966760
20251125,273060,KR7273060004,와이즈버즈,KOSDAQ,941,-3,-.32,945,980,934,113634,107454413,50459582,47482466662
20251125,273640,KR7273640003,와이엠텍,KOSDAQ,7370,-150,-1.99,7450,7570,7330,24965,184784690,10966000,80819420000
20251125,274090,KR7274090000,켄코아에어로스페이스,KOSDAQ,10190,40,.39,10170,10380,10100,36611,374741080,13104750,133537402500
20251125,274400,KR7274400001,이노시뮬레이션,KOSDAQ,3790,-20,-.52,3785,3950,3785,8718,33380670,9086493,34437808470
20251125,275630,KR7275630002,에스에스알,KOSDAQ,2930,-5,-.17,2935,2970,2920,13096,38443415,6017989,17632707770
20251125,276040,KR7276040003,스코넥,KOSDAQ,1398,11,.79,1380,1419,1380,173051,242352832,21630335,30239208330
20251125,276240,KR7276240009,엘리비젼,KONEX,495,-2,-.4,423,495,423,21316,9016740,12313138,6095003310
20251125,276730,KR7276730009,한울앤제주,KOSDAQ,1826,-60,-3.18,1886,1899,1825,39634,73526508,15677356,28626852056
20251125,277070,KR7277070009,린드먼아시아,KOSDAQ,4695,-35,-.74,4665,4735,4565,18169,84244205,13692000,64283940000
20251125,277410,KR7277410007,인산가,KOSDAQ,1174,-9,-.76,1182,1188,1170,32636,38318101,38411505,45095106870
20251125,277810,KR7277810008,레인보우로보틱스,KOSDAQ,361500,-4500,-1.23,372500,374500,360000,93040,34085076750,19399858,7013048667000
20251125,277880,KR7277880001,티에스아이,KOSDAQ,5000,-10,-.2,5040,5070,4950,62688,312767405,20206248,101031240000
20251125,278280,KR7278280003,천보,KOSDAQ,52000,0,0,53400,53800,52000,26717,1412508150,10000000,520000000000
20251125,278470,KR7278470000,에이피알,KOSPI,250500,3000,1.21,248000,255000,243500,474423,118360708000,37430655,9376379077500
20251125,278650,KR7278650007,HLB바이오스텝,KOSDAQ,1409,24,1.73,1420,1426,1399,222998,314961821,87005539,122590804451
20251125,278990,KR7278990007,EMB,KONEX,3495,295,9.22,3495,3495,3495,22,76890,4836831,16904724345
20251125,279060,KR7279060008,이노벡스,KONEX,763,-36,-4.51,800,800,680,4480,3098909,9807866,7483401758
20251125,279600,KR7279600001,미디어젠,KOSDAQ,7090,-140,-1.94,7280,7280,7090,914,6563780,4684781,33215097290
20251125,280360,KR7280360009,롯데웰푸드,KOSPI,122300,-400,-.33,122900,123900,122200,11569,1422137850,9304574,1137949400200
20251125,281740,KR7281740001,레이크머티리얼즈,KOSDAQ,12370,-160,-1.28,12700,12840,12300,144472,1804404880,65730548,813086878760
20251125,281820,KR7281820001,케이씨텍,KOSPI,37050,50,.14,38350,38950,36750,123623,4623738875,20690323,766576467150
20251125,282330,KR7282330000,BGF리테일,KOSPI,110400,200,.18,109800,110900,108600,43136,4750806050,17283906,1908143222400
20251125,282720,KR7282720002,금양그린파워,KOSDAQ,11500,-300,-2.54,11880,12050,11390,59541,698106640,12119500,139374250000
20251125,282880,KR7282880004,코윈테크,KOSDAQ,14400,-100,-.69,14510,14900,14240,29592,427186525,11469370,165158928000
20251125,284620,KR7284620002,카이노스메드,KOSDAQ,1087,0,0,0,0,0,0,0,33086953,35965517911
20251125,284740,KR7284740008,쿠쿠홈시스,KOSPI,24350,-200,-.81,24850,24850,24100,11848,288812800,22437330,546348985500
20251125,285130,KR7285130001,SK케미칼,KOSPI,68300,-700,-1.01,69600,70200,67500,52777,3612402450,17298766,1181505717800
20251125,28513K,KR728513K010,SK케미칼우,KOSPI,28650,150,.53,28650,29300,28350,5048,144569675,2115429,60607040850
20251125,285490,KR7285490009,노바텍,KOSDAQ,19550,-430,-2.15,20300,20400,19500,39806,789124760,10575831,206757496050
20251125,285800,KR7285800009,진영,KOSDAQ,1710,-26,-1.5,1733,1800,1690,70602,122013314,17477270,29886131700
20251125,286750,KR7286750005,나노실리칸첨단소재,KOSDAQ,1775,74,4.35,1836,1836,1712,121128,213746770,27260684,48387714100
20251125,286940,KR7286940002,롯데이노베이트,KOSPI,18660,-340,-1.79,19220,19220,18500,26577,497220950,15129367,282313988220
20251125,287840,KR7287840003,인투셀,KOSDAQ,52500,-1500,-2.78,53000,56000,51400,634346,33827254700,14847600,779499000000
20251125,288330,KR7288330004,파라택시스코리아,KOSDAQ,971,17,1.78,957,991,955,510324,495265899,87605864,85065293944
20251125,288490,KR7288490006,나라소프트,KONEX,105,0,0,0,0,0,0,0,17471577,1834515585
20251125,288620,KR7288620008,에스퓨얼셀,KOSDAQ,10690,-260,-2.37,11050,11230,10690,42901,465815905,6979316,74608888040
20251125,288980,KR7288980006,모아데이타,KOSDAQ,931,-28,-2.92,946,962,928,107027,100251015,34556562,32172159222
20251125,289010,KR7289010001,아이스크림에듀,KOSDAQ,1860,27,1.47,1833,1869,1804,76793,140513198,13945256,25938176160
20251125,289080,KR7289080004,SV인베스트먼트,KOSDAQ,1582,0,0,1607,1613,1565,148980,236313535,54286310,85880942420
20251125,289170,KR7289170003,바이오텐,KONEX,2895,-95,-3.18,2545,2895,2545,2,5440,3576689,10354514655
20251125,289220,KR7289220006,자이언트스텝,KOSDAQ,4480,-45,-.99,4525,4675,4445,39661,178484190,22312221,99958750080
20251125,289930,KR7289930000,웨이비스,KOSDAQ,7770,30,.39,7890,7900,7660,40078,310320450,12519593,97277237610
20251125,290090,KR7290090000,트윔,KOSDAQ,7120,-10,-.14,7040,7440,7000,3229,22908310,7440268,52974708160
20251125,290120,KR7290120005,DH오토리드,KOSDAQ,2410,5,.21,2455,2455,2395,11106,26799087,15824249,38136440090
20251125,290270,KR7290270008,휴네시온,KOSDAQ,3540,-10,-.28,3540,3590,3510,7999,28261110,9607672,34011158880
20251125,290520,KR7290520006,신도기연,KOSDAQ,1760,105,6.34,1656,1780,1646,47342,80772989,15929362,28035677120
20251125,290550,KR7290550003,디케이티,KOSDAQ,6910,110,1.62,6830,7010,6790,94919,653297320,20001230,138208499300
20251125,290560,KR7290560002,신시웨이,KOSDAQ,6680,-90,-1.33,6350,6770,6350,15589,101147280,3727122,24897174960
20251125,290650,KR7290650001,엘앤씨바이오,KOSDAQ,53500,2000,3.88,52100,55200,51800,428665,23043844200,24618850,1317108475000
20251125,290660,KR7290660000,네오펙트,KOSDAQ,755,-11,-1.44,759,777,753,19395,14765225,50478612,38111352060
20251125,290670,KR7290670009,대보마그네틱,KOSDAQ,13480,-320,-2.32,13920,14230,13450,11028,150995045,7857660,105921256800
20251125,290690,KR7290690007,소룩스,KOSDAQ,4155,40,.97,4195,4270,4100,267088,1120189065,48754156,202573518180
20251125,290720,KR7290720002,푸드나무,KOSDAQ,2010,-90,-4.29,2110,2110,1985,37846,76632706,34366855,69077378550
20251125,290740,KR7290740000,액트로,KOSDAQ,5890,170,2.97,5760,5920,5700,11562,67837450,10065011,59282914790
20251125,291230,KR7291230001,엔피,KOSDAQ,984,-8,-.81,990,1017,980,45533,45025240,44095775,43390242600
20251125,291650,KR7291650000,압타머사이언스,KOSDAQ,767,33,4.5,740,779,740,99023,75199508,40257092,30877189564
20251125,291810,KR7291810000,핀텔,KOSDAQ,3355,-35,-1.03,3440,3600,3240,144201,485133407,11368712,38142028760
20251125,293480,KR7293480000,하나제약,KOSPI,11340,-10,-.09,11370,11410,11300,11201,126986950,17772946,201545207640
20251125,293490,KR7293490009,카카오게임즈,KOSDAQ,15480,-490,-3.07,16000,16130,15350,140552,2194338980,89786911,1389901382280
20251125,293580,KR7293580007,나우IB,KOSDAQ,1120,-5,-.44,1126,1132,1096,409939,454076074,94929950,106321544000
20251125,293780,KR7293780003,압타바이오,KOSDAQ,7300,40,.55,7270,7560,7270,82959,613925405,26881360,196233928000
20251125,293940,KR7293940003,신한알파리츠,KOSPI,5630,30,.54,5600,5640,5585,274215,1540279890,120940123,680892892490
20251125,294090,KR7294090006,이오플로우,KOSDAQ,1490,0,0,0,0,0,0,0,35079105,52267866450
20251125,294140,KR7294140009,레몬,KOSDAQ,6480,-260,-3.86,6800,7100,6380,109320,722576205,22414818,145248020640
20251125,294570,KR7294570007,쿠콘,KOSDAQ,30700,-200,-.65,31150,31800,30200,32889,1011464400,10091732,309816172400
20251125,294630,KR7294630009,서남,KOSDAQ,2360,0,0,2360,2390,2305,82858,194053877,24144099,56980073640
20251125,294870,KR7294870001,HDC현대산업개발,KOSPI,19450,-360,-1.82,20050,20100,19300,231662,4542933420,65907330,1281897568500
20251125,295310,KR7295310007,에이치브이엠,KOSDAQ,23750,-250,-1.04,24350,24800,23400,28920,687469400,11901931,282670861250
20251125,296160,KR7296160005,프로젠,KONEX,7470,-80,-1.06,7600,7690,7380,14467,108240550,15375079,114851840130
20251125,296520,KR7296520000,가이아코퍼레이션,KONEX,614,1,.16,0,0,0,0,0,4667008,2865542912
20251125,296640,KR7296640006,이노룰스,KOSDAQ,5490,-30,-.54,5410,5510,5390,17848,96829005,5178252,28428603480
20251125,297090,KR7297090003,씨에스베어링,KOSDAQ,5870,130,2.26,5840,6000,5750,45550,267129160,27270000,160074900000
20251125,297570,KR7297570004,알로이스,KOSDAQ,1176,19,1.64,1144,1194,1144,181277,213756311,34621218,40714552368
20251125,297890,KR7297890006,HB솔루션,KOSDAQ,2100,25,1.2,2090,2135,2065,245903,515630625,73140914,153595919400
20251125,298000,KR7298000001,효성화학,KOSPI,38900,0,0,0,0,0,0,0,3791811,147501447900
20251125,298020,KR7298020009,효성티앤씨,KOSPI,222000,3000,1.37,222000,226000,218500,11550,2566013750,4327682,960745404000
20251125,298040,KR7298040007,효성중공업,KOSPI,1940000,37000,1.94,1950000,1997000,1909000,52981,103833754000,9324548,18089623120000
20251125,298050,KR7298050006,HS효성첨단소재,KOSPI,198900,1000,.51,199800,203000,196700,12515,2496078550,4479948,891061657200
20251125,298060,KR7298060005,에스씨엠생명과학,KOSDAQ,1067,23,2.2,1045,1075,1028,44143,46088887,44203176,47164788792
20251125,298380,KR7298380007,에이비엘바이오,KOSDAQ,166000,-7100,-4.1,173600,176400,165000,1031190,174958319700,55125165,9150777390000
20251125,298540,KR7298540006,더네이쳐홀딩스,KOSDAQ,9120,10,.11,9190,9240,9070,20510,187664750,14486386,132115840320
20251125,298690,KR7298690009,에어부산,KOSPI,1735,-45,-2.53,1807,1807,1725,375733,658326940,116640000,202370400000
20251125,298830,KR7298830001,슈어소프트테크,KOSDAQ,5110,115,2.3,5070,5290,5030,621267,3217464015,52619061,268883401710
20251125,299030,KR7299030007,하나기술,KOSDAQ,30300,50,.17,31150,31450,30200,69373,2132216550,7994910,242245773000
20251125,299170,KR7299170001,더블유에스아이,KOSDAQ,2215,30,1.37,2165,2350,2150,4001212,8978072961,38004646,84180290890
20251125,299480,KR7299480004,지앤이헬스케어,KONEX,839,39,4.88,800,840,680,52,38279,11100743,9313523377
20251125,299660,KR7299660001,셀리드,KOSDAQ,3245,-35,-1.07,3280,3340,3240,212107,695751794,29502977,95737160365
20251125,299900,KR7299900001,위지윅스튜디오,KOSDAQ,688,-3,-.43,697,705,673,505839,346120416,171048884,117681632192
20251125,300080,KR7300080009,플리토,KOSDAQ,18020,2280,14.49,16360,18240,16280,832536,14832301765,16505451,297428227020
20251125,300120,KR7300120003,라온피플,KOSDAQ,1885,-24,-1.26,1909,1973,1814,338615,639211231,20860012,39321122620
20251125,300720,KR7300720000,한일시멘트,KOSPI,17360,-470,-2.64,17960,17960,17320,76102,1332434115,73545209,1276744828240
20251125,301300,KR7301300000,바이브컴퍼니,KOSDAQ,3415,-5,-.15,3500,3630,3400,19079,66409259,13154712,44923341480
20251125,302430,KR7302430004,이노메트리,KOSDAQ,6800,200,3.03,6650,7000,6600,27653,186016155,9833208,66865814400
20251125,302440,KR7302440003,SK바이오사이언스,KOSPI,50400,-800,-1.56,51700,52000,50200,123952,6303892350,78369145,3949804908000
20251125,302550,KR7302550009,리메드,KOSDAQ,3090,-5,-.16,3025,3140,3025,62206,191934917,31495528,97321181520
20251125,302920,KR7302920004,더콘텐츠온,KONEX,3200,-200,-5.88,3105,3200,3100,41,127350,4552359,14567548800
20251125,303030,KR7303030001,지니틱스,KOSDAQ,713,3,.42,721,727,700,39817,28334704,37073689,26433540257
20251125,303360,KR7303360002,프로티아,KOSDAQ,5600,-20,-.36,5620,5740,5350,103050,570538000,12877215,72112404000
20251125,303530,KR7303530000,이노뎁,KOSDAQ,5520,80,1.47,5390,5720,5390,31923,176665450,7339299,40512930480
20251125,303810,KR7303810006,동국생명과학,KOSDAQ,3610,-10,-.28,3625,3690,3595,72498,262947678,31984140,115462745400
20251125,304100,KR7304100001,솔트룩스,KOSDAQ,27750,700,2.59,29550,29550,27550,119241,3333428600,12593855,349479476250
20251125,304360,KR7304360001,에스바이오메딕스,KOSDAQ,22950,-700,-2.96,24050,25050,22850,47193,1120111375,11944796,274133068200
20251125,304840,KR7304840002,피플바이오,KOSDAQ,1618,-90,-5.27,1708,1711,1615,132507,218821258,21228311,34347407198
20251125,305090,KR7305090003,마이크로디지탈,KOSDAQ,7170,-640,-8.19,7870,7870,7080,122862,909971695,18567123,133126271910
20251125,306040,KR7306040007,에스제이그룹,KOSDAQ,3325,-5,-.15,3330,3395,3285,19509,64640835,9865828,32803878100
20251125,306200,KR7306200007,세아제강,KOSPI,117600,2000,1.73,115800,117600,115600,4053,471974400,2836300,333548880000
20251125,306620,KR7306620006,네온테크,KOSDAQ,1814,18,1,1805,1835,1805,85011,154120814,45014260,81655867640
20251125,307180,KR7307180000,아이엘,KOSDAQ,2675,-25,-.93,2750,2790,2630,251363,679992182,28591728,76482872400
20251125,307280,KR7307280008,원바이오젠,KOSDAQ,5650,-40,-.7,5690,5690,5550,15635,87972220,7094627,40084642550
20251125,307750,KR7307750000,국전약품,KOSDAQ,3300,-30,-.9,3335,3420,3300,93390,310610700,50176380,165582054000
20251125,307870,KR7307870006,비투엔,KOSDAQ,1370,-55,-3.86,1421,1442,1351,409976,571012189,59564511,81603380070
20251125,307930,KR7307930008,컴퍼니케이,KOSDAQ,5600,10,.18,5660,5920,5600,245121,1401282375,15610000,87416000000
20251125,307950,KR7307950006,현대오토에버,KOSPI,183900,-200,-.11,186700,188000,182800,55375,10220053950,27423982,5043270289800
20251125,308080,KR7308080001,바이젠셀,KOSDAQ,3505,235,7.19,3325,3585,3225,267705,926224656,20449100,71674095500
20251125,308100,KR7308100007,형지글로벌,KOSDAQ,1388,-22,-1.56,1424,1430,1384,172508,241285325,24023008,33343935104
20251125,308170,KR7308170000,씨티알모빌리티,KOSPI,4810,10,.21,4920,5040,4805,3877,18751560,8610000,41414100000
20251125,308430,KR7308430008,셀비온,KOSDAQ,19380,240,1.25,19090,19760,19070,206282,4003785520,12831510,248674663800
20251125,308700,KR7308700004,테크엔,KONEX,199,0,0,0,0,0,0,0,7400000,1472600000
20251125,309710,KR7309710002,아이티켐,KOSDAQ,33050,500,1.54,34100,35500,32900,136034,4627626025,12583001,415868183050
20251125,309930,KR7309930006,조이웍스앤코,KOSDAQ,2400,5,.21,2390,2435,2280,29883,70252395,24487048,58768915200
20251125,309960,KR7309960003,LB인베스트먼트,KOSDAQ,4955,-15,-.3,5050,5050,4900,54243,269230065,23217239,115041419245
20251125,310200,KR7310200001,애니플러스,KOSDAQ,3305,-20,-.6,3320,3385,3285,266075,881770395,52162836,172398172980
20251125,310210,KR7310210000,보로노이,KOSDAQ,229500,-7000,-2.96,237000,240000,226000,86686,20036242500,18393121,4221221269500
20251125,310870,KR7310870001,디와이씨,KOSDAQ,1215,16,1.33,1199,1237,1184,99836,121583669,20687271,25135034265
20251125,311060,KR7311060008,엘에이티,KONEX,3160,-15,-.47,3185,3185,3020,663,2085260,7827134,24733743440
20251125,311320,KR7311320006,지오엘리먼트,KOSDAQ,6130,0,0,6050,6280,6050,16285,100325390,12614560,77327252800
20251125,311390,KR7311390009,네오크레마,KOSDAQ,5720,-120,-2.05,5800,5870,5650,45231,259673530,12653789,72379673080
20251125,311690,KR7311690002,CJ 바이오사이언스,KOSDAQ,8630,-30,-.35,8670,8720,8550,20406,175476595,13065462,112754937060
20251125,311960,KR7311960009,인터로이드,KONEX,1750,0,0,1750,1750,1750,4,7000,3062664,5359662000
20251125,312610,KR7312610009,에이에프더블류,KOSDAQ,1465,-25,-1.68,1480,1500,1465,10042,14810797,20256888,29676340920
20251125,313760,KR7313760001,캐리,KOSDAQ,1694,174,11.45,1520,1749,1520,319706,527107458,11207186,18984973084
20251125,314130,KR7314130006,지놈앤컴퍼니,KOSDAQ,2750,-55,-1.96,2885,2890,2745,186646,524597830,31085515,85485166250
20251125,314140,KR7314140005,알피바이오,KOSDAQ,7020,-290,-3.97,7310,7440,6960,37968,269563670,8666361,60837854220
20251125,314930,KR7314930009,바이오다인,KOSDAQ,13100,-250,-1.87,13250,13800,13040,46707,619137850,29764103,389909749300
20251125,315640,KR7315640003,딥노이드,KOSDAQ,3665,5,.14,3710,3715,3600,40337,146649385,22536788,82597328020
20251125,316140,KR7316140003,우리금융지주,KOSPI,25750,-50,-.19,25800,26300,25650,1219820,31549141775,734076320,18902465240000
20251125,317120,KR7317120004,라닉스,KOSDAQ,1838,-48,-2.55,1950,1950,1765,216159,401094576,15260000,28047880000
20251125,317240,KR7317240000,TS트릴리온,KOSDAQ,230,-4,-1.71,246,246,228,1954554,454927105,115808012,26635842760
20251125,317330,KR7317330009,덕산테코피아,KOSDAQ,17300,-250,-1.42,17810,17980,17210,51314,897189415,20476584,354244903200
20251125,317400,KR7317400000,자이에스앤디,KOSPI,3675,-35,-.94,3755,3775,3650,66927,247034990,38782520,142525761000
20251125,317450,KR7317450005,명인제약,KOSPI,67500,-1800,-2.6,69900,70500,67500,70607,4822078350,14600000,985500000000
20251125,317530,KR7317530004,캐리소프트,KOSDAQ,3920,-50,-1.26,3930,3965,3915,6421,25227705,10039454,39354659680
20251125,317690,KR7317690006,퀀타매트릭스,KOSDAQ,3810,-10,-.26,3820,3960,3795,55397,212456790,19577021,74588450010
20251125,317770,KR7317770006,엑스페릭스,KOSDAQ,2730,-70,-2.5,2805,2840,2700,119882,331502745,33275181,90841244130
20251125,317830,KR7317830008,에스피시스템스,KOSDAQ,8880,-360,-3.9,9240,9380,8880,161224,1463463345,10773818,95671503840
20251125,317850,KR7317850006,대모,KOSDAQ,8900,180,2.06,8860,9650,8250,8655203,76678099175,8324420,74087338000
20251125,317860,KR7317860005,노드메이슨,KONEX,4900,200,4.26,4900,4900,4900,11,53900,4513215,22114753500
20251125,317870,KR7317870004,엔바이오니아,KOSDAQ,11720,620,5.59,10970,11890,10970,61023,708398340,8546519,100165202680
20251125,318000,KR7318000007,KBG,KOSDAQ,4385,-35,-.79,4420,4500,4385,18243,80709120,8740223,38325877855
20251125,318010,KR7318010006,팜스빌,KOSDAQ,3635,35,.97,3650,3650,3570,21403,77686825,7929338,28823143630
20251125,318020,KR7318020005,포인트모바일,KOSDAQ,4185,5,.12,4180,4235,4090,25506,105395365,12662272,52991608320
20251125,318060,KR7318060001,그래피,KOSDAQ,13490,790,6.22,12790,16510,12790,10410105,153340950765,11053777,149115451730
20251125,318160,KR7318160009,셀바이오휴먼텍,KOSDAQ,8230,920,12.59,7400,8390,7320,189087,1522539555,9341201,76878084230
20251125,318410,KR7318410008,비비씨,KOSDAQ,7730,120,1.58,7620,7770,7600,13574,103879700,5555243,42942028390
20251125,318660,KR7318660008,타임기술,KONEX,2090,50,2.45,1900,2095,1900,10,20720,2152101,4497891090
20251125,319400,KR7319400008,현대무벡스,KOSDAQ,8380,-160,-1.87,8700,8750,8300,1422736,12131739025,111376039,933331206820
20251125,319660,KR7319660007,피에스케이,KOSDAQ,29500,-200,-.67,30600,30700,29200,222538,6605418625,28966714,854518063000
20251125,320000,KR7320000003,한울반도체,KOSDAQ,2105,-25,-1.17,2100,2150,1984,394492,803003867,32308990,68010423950
20251125,321260,KR7321260002,프로이천,KOSDAQ,1748,-14,-.79,1766,1794,1747,73808,130433580,28192084,49279762832
20251125,321370,KR7321370009,센서뷰,KOSDAQ,900,-9,-.99,909,921,891,67190,60652025,45062720,40556448000
20251125,321550,KR7321550006,티움바이오,KOSDAQ,6210,-100,-1.58,6460,6500,6130,124402,782552985,27678239,171881864190
20251125,321820,KR7321820003,아티스트컴퍼니,KOSDAQ,4290,-135,-3.05,4420,4495,4220,16990,73292551,15591376,66887003040
20251125,322000,KR7322000001,HD현대에너지솔루션,KOSPI,51200,1000,1.99,51200,52300,50000,68553,3490687350,11200000,573440000000
20251125,322180,KR7322180001,LS티라유텍,KOSDAQ,6300,-100,-1.56,6480,6570,6020,208137,1297580195,20921984,131808499200
20251125,322310,KR7322310004,오로스테크놀로지,KOSDAQ,22450,500,2.28,22250,23300,22250,48092,1090295400,9366542,210278867900
20251125,322510,KR7322510009,제이엘케이,KOSDAQ,4180,-200,-4.57,4430,4485,4125,130517,550427543,25528892,106710768560
20251125,322780,KR7322780008,코퍼스코리아,KOSDAQ,1316,-42,-3.09,1358,1359,1242,435163,564043659,41263297,54302498852
20251125,322970,KR7322970005,무진메디,KONEX,2110,10,.48,2100,2120,1980,4069,8244775,10051978,21209673580
20251125,323280,KR7323280008,태성,KOSDAQ,37300,-200,-.53,38400,39450,36400,372735,14078238475,30500730,1137677229000
20251125,323350,KR7323350009,다원넥스뷰,KOSDAQ,5700,90,1.6,5600,5860,5500,9298,52039680,8010772,45661400400
20251125,323410,KR7323410001,카카오뱅크,KOSPI,21150,-450,-2.08,21700,21800,21000,702246,14954828225,476990437,10088347742550
20251125,323990,KR7323990002,박셀바이오,KOSDAQ,9310,-170,-1.79,9430,9620,9270,92371,868521515,23257345,216525881950
20251125,326030,KR7326030004,SK바이오팜,KOSPI,129000,700,.55,129100,133500,128000,324435,42338595650,78313250,10102409250000
20251125,327260,KR7327260006,RF머트리얼즈,KOSDAQ,18120,2470,15.78,16520,18990,16520,807081,14756449185,8433231,152810145720
20251125,327610,KR7327610002,펨토바이오메드,KONEX,1636,-56,-3.31,1690,1799,1501,448,758425,8536086,13965036696
20251125,328130,KR7328130000,루닛,KOSDAQ,34850,-1550,-4.26,36800,36800,34700,171119,6039740650,29256746,1019597598100
20251125,328380,KR7328380001,솔트웨어,KOSDAQ,845,-22,-2.54,857,900,845,14683,12647518,34262778,28952047410
20251125,329180,KR7329180004,HD현대중공업,KOSPI,548000,-4000,-.72,570000,571000,541000,187975,103451840000,88773116,48647667568000
20251125,330350,KR7330350000,위더스제약,KOSDAQ,6340,-30,-.47,6310,6450,6310,23311,148549040,13202139,83701561260
20251125,330590,KR7330590001,롯데리츠,KOSPI,3980,15,.38,4000,4030,3960,619846,2480553865,288968884,1150096158320
20251125,330730,KR7330730003,스톤브릿지벤처스,KOSDAQ,4820,15,.31,4855,4900,4795,36953,178813005,18150830,87487000600
20251125,330860,KR7330860008,네패스아크,KOSDAQ,17470,560,3.31,17210,17960,17170,28112,491038530,12184045,212855266150
20251125,331380,KR7331380006,포커스에이아이,KOSDAQ,2810,230,8.91,2615,2865,2560,484923,1342775406,24239838,68113944780
20251125,331520,KR7331520007,밸로프,KOSDAQ,552,-5,-.9,557,560,549,49082,27159399,50864390,28077143280
20251125,331660,KR7331660001,한국미라클피플사,KONEX,10730,-320,-2.9,11350,11350,10730,4,44780,1100000,11803000000
20251125,331740,KR7331740001,아우토크립트,KOSDAQ,10310,-50,-.48,10280,10590,10250,26257,272242465,9633699,99323436690
20251125,331920,KR7331920009,셀레믹스,KOSDAQ,2675,-5,-.19,2650,2700,2645,7849,20977540,8164148,21839095900
20251125,332190,KR7332190008,오션스바이오,KONEX,4980,0,0,5100,5100,4980,501,2495100,1477839,7359638220
20251125,332290,KR7332290006,누보,KOSDAQ,1161,-57,-4.68,1229,1241,1153,633293,748775016,39904404,46329013044
20251125,332370,KR7332370006,아이디피,KOSDAQ,4935,0,0,4875,5050,4875,10184,50374755,13273726,65505837810
20251125,332570,KR7332570001,PS일렉트로닉스,KOSDAQ,4505,205,4.77,4375,4650,4360,1591015,7145567027,43789726,197272715630
20251125,333050,KR7333050003,모코엠시스,KOSDAQ,1315,-24,-1.79,1328,1346,1312,71554,94395938,24613326,32366523690
20251125,333430,KR7333430007,일승,KOSDAQ,6230,30,.48,6220,6410,6090,156665,969832365,30726747,191427633810
20251125,333620,KR7333620003,엔시스,KOSDAQ,6200,60,.98,6150,6300,6140,8368,51912060,10556344,65449332800
20251125,334890,KR7334890001,이지스밸류플러스리츠,KOSPI,4400,35,.8,4365,4425,4360,437914,1924466388,69448683,305574205200
20251125,334970,KR7334970001,프레스티지바이오로직스,KOSDAQ,2910,-40,-1.36,2960,3025,2865,91167,264702338,77752637,226260173670
20251125,335810,KR7335810008,프리시젼바이오,KOSDAQ,2920,-50,-1.68,3050,3050,2915,40063,118783575,17957810,52436805200
20251125,335870,KR7335870002,윙스풋,KOSDAQ,1630,-90,-5.23,1770,1770,1630,156306,259639352,16750473,27303270990
20251125,335890,KR7335890000,비올,KOSDAQ,12500,0,0,0,0,0,0,0,58419125,730239062500
20251125,336040,KR7336040001,타스컴,KONEX,4690,0,0,4700,4700,4690,11,51600,4684534,21970464460
20251125,336060,KR7336060009,웨이버스,KOSDAQ,1054,7,.67,1048,1068,1036,639665,670018442,48155200,50755580800
20251125,336260,KR7336260005,두산퓨얼셀,KOSPI,30350,800,2.71,30000,30350,28900,814663,24205389525,65493726,1987734584100
20251125,33626K,KR733626K013,두산퓨얼셀1우,KOSPI,7340,50,.69,7380,7410,7230,17177,125821960,13364200,98093228000
20251125,33626L,KR733626K021,두산퓨얼셀2우B,KOSPI,11220,170,1.54,11280,11390,10910,1572,17542710,2986300,33506286000
20251125,336370,KR7336370002,솔루스첨단소재,KOSPI,8000,-230,-2.79,8430,8450,7950,533174,4319343735,70217344,561738752000
20251125,33637K,KR733637K010,솔루스첨단소재1우,KOSPI,2040,10,.49,2050,2070,1995,55055,110889633,16908766,34493882640
20251125,33637L,KR733637K028,솔루스첨단소재2우B,KOSPI,3570,-90,-2.46,3740,3740,3545,33164,119091430,3778296,13488516720
20251125,336570,KR7336570007,원텍,KOSDAQ,7250,-170,-2.29,7470,7510,7240,341085,2497245340,89968897,652274503250
20251125,336680,KR7336680004,탑런토탈솔루션,KOSDAQ,4000,10,.25,3995,4055,3955,77691,309243271,39145558,156582232000
20251125,337840,KR7337840003,유엑스엔,KONEX,9780,0,0,9800,10000,9430,968,9261130,4747536,46430902080
20251125,337930,KR7337930002,젝시믹스,KOSDAQ,4535,20,.44,4525,4595,4515,37038,168249598,29676475,134582814125
20251125,338100,KR7338100001,NH프라임리츠,KOSPI,4875,-10,-.2,4900,4900,4845,110601,538299520,18660000,90967500000
20251125,338220,KR7338220007,뷰노,KOSDAQ,23100,900,4.05,22600,24250,21850,192020,4420728975,14001823,323442111300
20251125,338840,KR7338840002,와이바이오로직스,KOSDAQ,21300,300,1.43,21150,22300,21100,327371,7052874825,14949181,318417555300
20251125,339770,KR7339770000,교촌에프앤비,KOSPI,4335,-50,-1.14,4370,4410,4305,48268,209567424,49965080,216598621800
20251125,339950,KR7339950008,아이비김영,KOSDAQ,1947,-10,-.51,1960,2015,1947,38943,76155670,44946655,87511137285
20251125,340360,KR7340360007,다보링크,KOSDAQ,1214,-6,-.49,1227,1227,1182,154401,185789134,43951909,53357617526
20251125,340440,KR7340440007,세림B&G,KOSDAQ,1356,4,.3,1361,1450,1349,712971,999437912,28378364,38481061584
20251125,340450,KR7340450006,지씨지놈,KOSDAQ,6270,40,.64,6270,6350,6210,22733,142097490,23650793,148290472110
20251125,340570,KR7340570001,티앤엘,KOSDAQ,44200,-900,-2,46000,46000,43950,21952,973644375,8128000,359257600000
20251125,340810,KR7340810001,시선AI,KOSDAQ,2695,-15,-.55,2710,2800,2650,32828,88221931,12956082,34916640990
20251125,340930,KR7340930007,유일에너테크,KOSDAQ,1833,-76,-3.98,1911,1980,1814,457242,861234930,34204450,62696756850
20251125,341170,KR7341170009,퓨쳐메디신,KONEX,840,-5,-.59,780,871,780,20636,16978769,10533205,8847892200
20251125,341310,KR7341310001,이앤에치,KONEX,425,-75,-15,430,497,425,4965,2118073,17293400,7349695000
20251125,342870,KR7342870003,오아,KOSDAQ,8110,-200,-2.41,8320,8470,8060,13963,114815830,5442619,44139640090
20251125,343090,KR7343090007,HLB사이언스,KONEX,1947,0,0,1945,1950,1809,6495,12551533,18959752,36914637144
20251125,344820,KR7344820006,KCC글라스,KOSPI,26600,-150,-.56,26900,27100,26450,29604,791463975,15970512,424815619200
20251125,344860,KR7344860002,이노진,KOSDAQ,1567,-25,-1.57,1592,1614,1567,14814,23352698,12030000,18851010000
20251125,346010,KR7346010002,타이드,KONEX,1020,0,0,0,0,0,0,0,4860062,4957263240
20251125,347000,KR7347000002,센코,KOSDAQ,2075,0,0,2075,2105,2045,52179,108310585,37810846,78457505450
20251125,347700,KR7347700007,스피어,KOSDAQ,8560,10,.12,8580,8780,8440,79727,684973110,39228419,335795266640
20251125,347740,KR7347740003,피엔케이피부임상연구센타,KOSDAQ,2405,-75,-3.02,2480,2480,2385,83021,199689481,30010576,72175435280
20251125,347770,KR7347770000,핌스,KOSDAQ,1375,-35,-2.48,1420,1433,1375,50427,70169533,22857042,31428432750
20251125,347850,KR7347850000,디앤디파마텍,KOSDAQ,100300,-9700,-8.82,105600,113300,98700,1839711,193270539950,10856319,1088888795700
20251125,347860,KR7347860009,알체라,KOSDAQ,2335,50,2.19,2375,2375,2250,174828,402014825,38710961,90390093935
20251125,347890,KR7347890006,엠투아이,KOSDAQ,6090,0,0,6050,6230,6050,19157,116879105,16913204,103001412360
20251125,348030,KR7348030008,모비릭스,KOSDAQ,3555,55,1.57,3580,3580,3385,21711,75738195,9603800,34141509000
20251125,348080,KR7348080003,큐라티스,KOSDAQ,919,-31,-3.26,947,958,919,133677,125119881,81786794,75162063686
20251125,348150,KR7348150004,고바이오랩,KOSDAQ,5020,10,.2,5110,5140,5000,41892,211931920,19418889,97482822780
20251125,348210,KR7348210006,넥스틴,KOSDAQ,58700,-100,-.17,59700,60500,55400,113118,6557091950,10477005,615000193500
20251125,348340,KR7348340001,뉴로메카,KOSDAQ,26700,-1150,-4.13,28250,28250,26550,82340,2232478450,11368922,303550217400
20251125,348350,KR7348350000,위드텍,KOSDAQ,8090,120,1.51,7920,8200,7920,21312,170537005,10183600,82385324000
20251125,348370,KR7348370008,엔켐,KOSDAQ,55800,-1900,-3.29,58800,59500,54800,230048,12868076900,21767445,1214623431000
20251125,348950,KR7348950007,제이알글로벌리츠,KOSPI,2990,0,0,2990,2995,2980,339125,1012855481,197376000,590154240000
20251125,350520,KR7350520003,이지스레지던스리츠,KOSPI,3950,-40,-1,4000,4000,3945,83640,331004761,36866202,145621497900
20251125,351020,KR7351020003,미쥬,KONEX,7620,-220,-2.81,7620,7620,7620,1,7620,2075000,15811500000
20251125,351320,KR7351320007,넥사다이내믹스,KOSDAQ,1427,16,1.13,1411,1449,1395,72308,103457330,28823752,41131494104
20251125,351330,KR7351330006,이삭엔지니어링,KOSDAQ,7400,40,.54,7360,7640,7350,34970,260822080,8288520,61335048000
20251125,351870,KR7351870001,차이커뮤니케이션,KOSDAQ,4540,-20,-.44,4565,4730,4535,2297,10479725,11160642,50669314680
20251125,352090,KR7352090005,스톰테크,KOSDAQ,3605,5,.14,3710,3710,3575,47614,171418564,26872998,96877157790
20251125,352480,KR7352480008,씨앤씨인터내셔널,KOSDAQ,30800,-1050,-3.3,31650,32150,30800,25991,809160450,13629901,419800950800
20251125,352700,KR7352700009,씨앤투스,KOSDAQ,2480,5,.2,2450,2500,2445,33417,82595335,26276899,65166709520
20251125,352770,KR7352770002,셀레스트라,KOSDAQ,5250,0,0,0,0,0,0,0,2592407,13610136750
20251125,352820,KR7352820005,하이브,KOSPI,280500,-9500,-3.28,291000,291500,277000,290393,81735106250,42560114,11938111977000
20251125,352910,KR7352910004,오비고,KOSDAQ,4160,-5,-.12,4200,4200,4125,8550,35510966,12637802,52573256320
20251125,352940,KR7352940001,인바이오,KOSDAQ,2195,10,.46,2155,2200,2155,4345,9481009,10867730,23854667350
20251125,353190,KR7353190002,휴럼,KOSDAQ,679,-2,-.29,680,681,666,57217,38657269,39378420,26737947180
20251125,353200,KR7353200009,대덕전자,KOSPI,52900,4550,9.41,50700,53700,50700,2579893,135262462050,49416925,2614155332500
20251125,35320K,KR735320K011,대덕전자1우,KOSPI,16900,1240,7.92,16050,17200,15990,111665,1863823030,2095519,35414271100
20251125,353590,KR7353590003,오토앤,KOSDAQ,2910,-75,-2.51,3000,3070,2865,97303,283631575,12875570,37467908700
20251125,353810,KR7353810005,이지바이오,KOSDAQ,6160,100,1.65,6150,6240,6060,231151,1424619930,33081920,203784627200
20251125,354200,KR7354200008,엔젠바이오,KOSDAQ,1651,-52,-3.05,1683,1708,1640,37174,61939355,25038128,41337949328
20251125,354320,KR7354320004,알멕,KOSDAQ,19000,0,0,19100,19270,18910,5174,98516920,6391381,121436239000
20251125,354390,KR7354390007,바스칸바이오제약,KONEX,4890,-40,-.81,4930,4930,4705,56,275655,7018247,34319227830
20251125,355150,KR7355150004,코스텍시스,KOSDAQ,11580,620,5.66,11350,11750,10970,35237,401993270,7797350,90293313000
20251125,355390,KR7355390006,크라우드웍스,KOSDAQ,4690,10,.21,4705,4815,4660,28285,133676045,13603176,63798895440
20251125,355690,KR7355690009,에이텀,KOSDAQ,5330,130,2.5,5180,5510,5160,23733,126435085,5404980,28808543400
20251125,356680,KR7356680009,엑스게이트,KOSDAQ,7640,-40,-.52,8080,8280,7610,516048,4046333410,28543492,218072278880
20251125,356860,KR7356860007,티엘비,KOSDAQ,68200,3900,6.07,67400,69800,66500,501077,34044275800,9832630,670585366000
20251125,356890,KR7356890004,싸이버원,KOSDAQ,3845,-15,-.39,3860,3980,3810,215868,833094827,11953825,45962457125
20251125,357120,KR7357120005,코람코라이프인프라리츠,KOSPI,4595,-25,-.54,4640,4640,4575,211421,973024451,97335354,447255951630
20251125,357230,KR7357230002,에이치피오,KOSDAQ,2315,0,0,2330,2375,2300,28194,65123037,41293476,95594396940
20251125,357250,KR7357250000,미래에셋맵스리츠,KOSPI,2760,-5,-.18,2765,2770,2755,45675,126214680,24995105,68986489800
20251125,357430,KR7357430008,마스턴프리미어리츠,KOSPI,1560,-6,-.38,1560,1565,1556,55379,86450014,30505307,47588278920
20251125,357550,KR7357550003,석경에이티,KOSDAQ,53500,2400,4.7,51100,56500,50600,66924,3636686800,5455000,291842500000
20251125,357580,KR7357580000,아모센스,KOSDAQ,6540,-110,-1.65,6600,6940,6530,25269,167052520,11282282,73786124280
20251125,357780,KR7357780006,솔브레인,KOSDAQ,245000,15500,6.75,239000,247000,234500,44296,10725605500,7778566,1905748670000
20251125,357880,KR7357880004,SKAI,KOSDAQ,1599,46,2.96,1555,1703,1555,203657,325594464,36076168,57685792632
20251125,358570,KR7358570000,지아이이노베이션,KOSDAQ,16340,-760,-4.44,17120,17630,16300,563725,9500702590,63673803,1040429941020
20251125,359090,KR7359090008,씨엔알리서치,KOSDAQ,1102,254,29.95,950,1102,890,12877235,13449773568,57470717,63332730134
20251125,360070,KR7360070007,탑머티리얼,KOSDAQ,20750,250,1.22,20650,21100,20400,21215,438823925,8145043,169009642250
20251125,360350,KR7360350003,코셈,KOSDAQ,7040,260,3.83,6810,7620,6800,66278,470176360,5704970,40162988800
20251125,361390,KR7361390008,제노코,KOSDAQ,15070,370,2.52,14700,15350,14700,23603,355041070,8800789,132627890230
20251125,361570,KR7361570005,알비더블유,KOSDAQ,2180,-25,-1.13,2245,2275,2145,52942,115805913,28743291,62660374380
20251125,361610,KR7361610009,SK아이이테크놀로지,KOSPI,26650,-200,-.74,27350,27700,26500,115774,3109393250,81787100,2179626215000
20251125,361670,KR7361670003,삼영에스앤씨,KOSDAQ,3450,10,.29,3420,3565,3400,4117,14262230,5667658,19553420100
20251125,362320,KR7362320004,청담글로벌,KOSDAQ,6690,-60,-.89,6760,6870,6620,189645,1271607495,21051290,140833130100
20251125,362990,KR7362990004,드림인사이트,KOSDAQ,1845,76,4.3,1769,1845,1759,165904,299827637,16800574,30997059030
20251125,363250,KR7363250002,진시스템,KOSDAQ,5230,-620,-10.6,5910,5910,4945,106080,557929210,7042798,36833833540
20251125,363260,KR7363260001,모비데이즈,KOSDAQ,1548,-1,-.06,1550,1606,1537,143874,224634340,32163769,49789514412
20251125,363280,KR7363280009,티와이홀딩스,KOSPI,2500,-5,-.2,2590,2590,2475,20109,50073482,50429268,126073170000
20251125,36328K,KR736328K013,티와이홀딩스우,KOSPI,4360,-10,-.23,4370,4370,4360,166,725090,1243014,5419541040
20251125,364950,KR7364950006,에이아이코리아,KOSDAQ,8030,-220,-2.67,8400,8470,8030,86379,706360960,8296445,66620453350
20251125,365270,KR7365270008,큐라클,KOSDAQ,4780,30,.63,4750,4935,4740,110617,531069634,21009155,100423760900
20251125,365330,KR7365330000,에스와이스틸텍,KOSDAQ,3570,-65,-1.79,3560,3660,3430,3619182,12855632116,50171000,179110470000
20251125,365340,KR7365340009,성일하이텍,KOSDAQ,38650,400,1.05,39050,39350,38300,16473,637887725,12223352,472432554800
20251125,365550,KR7365550003,ESR켄달스퀘어리츠,KOSPI,4450,10,.23,4440,4460,4425,483297,2148134515,246089000,1095096050000
20251125,365590,KR7365590009,하이딥,KOSDAQ,432,7,1.65,425,450,420,228198,99397694,154783114,66866305248
20251125,365900,KR7365900000,브이씨,KOSDAQ,2715,-25,-.91,2740,2950,2710,24171,66733330,7310300,19847464500
20251125,366030,KR7366030005,공구우먼,KOSDAQ,5130,-320,-5.87,5500,5660,5090,338216,1784244415,22653850,116214250500
20251125,367000,KR7367000007,플래티어,KOSDAQ,4500,45,1.01,4455,4565,4410,2546,11329340,8388207,37746931500
20251125,368030,KR7368030003,창대정밀,KONEX,8580,0,0,0,0,0,0,0,1749307,15009054060
20251125,368600,KR7368600003,아이씨에이치,KOSDAQ,1270,57,4.7,1217,1295,1217,131916,164706697,17538346,22273699420
20251125,368770,KR7368770004,파이버프로,KOSDAQ,6440,100,1.58,6520,6730,6400,135792,886925800,32854225,211581209000
20251125,368970,KR7368970000,오에스피,KOSDAQ,1961,7,.36,1927,2005,1927,22204,43619929,9346160,18327819760
20251125,369370,KR7369370002,블리츠웨이엔터테인먼트,KOSDAQ,1400,-17,-1.2,1444,1492,1390,168749,244692757,49871911,69820675400
20251125,370090,KR7370090003,퓨런티어,KOSDAQ,10910,80,.74,10890,11310,10890,26326,291849495,8556830,93355015300
20251125,371950,KR7371950007,풍원정밀,KOSDAQ,8790,-100,-1.12,8800,9040,8630,16927,148454860,22662548,199203796920
20251125,372170,KR7372170001,윤성에프앤씨,KOSDAQ,30950,300,.98,32000,32000,30600,11304,351488950,7979048,246951535600
20251125,372320,KR7372320002,큐로셀,KOSDAQ,39300,-250,-.63,39550,41500,39100,68102,2735807725,14432614,567201730200
20251125,372800,KR7372800003,아이티아이즈,KOSDAQ,4990,-160,-3.11,5300,5310,4990,27386,139460625,6046990,30174480100
20251125,372910,KR7372910000,한컴라이프케어,KOSPI,2530,-5,-.2,2535,2580,2520,80367,204358289,27674406,70016247180
20251125,373110,KR7373110006,엑셀세라퓨틱스,KOSDAQ,1833,25,1.38,1808,1860,1805,32800,59712205,10938462,20050200846
20251125,373160,KR7373160001,데이원컴퍼니,KOSDAQ,5530,-50,-.9,5580,5650,5510,10923,60459515,13805219,76342861070
20251125,373170,KR7373170000,엠아이큐브솔루션,KOSDAQ,6190,-140,-2.21,6280,6300,6170,4686,29188485,5037930,31184786700
20251125,373200,KR7373200005,엑스플러스,KOSDAQ,513,-5,-.97,520,531,509,129668,66637631,110005336,56432737368
20251125,373220,KR7373220003,LG에너지솔루션,KOSPI,413500,1500,.36,419500,419500,412000,240842,99952258500,234000000,96759000000000
20251125,375500,KR7375500006,DL이앤씨,KOSPI,39150,450,1.16,39200,40350,39050,165910,6556802500,38693623,1514855340450
20251125,37550K,KR737550K011,DL이앤씨우,KOSPI,21700,50,.23,21650,22300,21650,9798,214392350,2113885,45871304500
20251125,37550L,KR737550K029,DL이앤씨2우(전환),KOSPI,28850,50,.17,29700,29700,28400,1921,55638100,2111951,60929786350
20251125,376180,KR7376180006,피코그램,KOSDAQ,2445,-45,-1.81,2540,2545,2425,41246,101932171,18561038,45381737910
20251125,376270,KR7376270005,에이치이엠파마,KOSDAQ,40000,2600,6.95,37500,40750,37350,122926,4868589125,7078637,283145480000
20251125,376290,KR7376290003,씨유테크,KOSDAQ,3000,65,2.21,2935,3000,2910,27670,81937475,17657500,52972500000
20251125,376300,KR7376300000,디어유,KOSDAQ,31100,-800,-2.51,32150,32150,30650,87879,2726889350,23738406,738264426600
20251125,376900,KR7376900007,로킷헬스케어,KOSDAQ,68100,6400,10.37,63100,73900,61400,3643629,252846923650,15661489,1066547400900
20251125,376930,KR7376930004,노을,KOSDAQ,2260,-40,-1.74,2345,2365,2220,651847,1473850239,36947060,83500355600
20251125,376980,KR7376980009,원티드랩,KOSDAQ,3590,-5,-.14,3595,3635,3575,16417,59171665,9766394,35061354460
20251125,377030,KR7377030002,비트맥스,KOSDAQ,2120,-30,-1.4,2170,2205,2070,141866,299564493,37231222,78930190640
20251125,377190,KR7377190004,디앤디플랫폼리츠,KOSPI,3480,20,.58,3460,3480,3440,121578,420809290,88400000,307632000000
20251125,377220,KR7377220009,프롬바이오,KOSDAQ,1308,-5,-.38,1313,1324,1300,29700,38928561,28310000,37029480000
20251125,377300,KR7377300009,카카오페이,KOSPI,49400,-600,-1.2,50000,50400,48800,375555,18593374825,135139722,6675902266800
20251125,377330,KR7377330006,이지트로닉스,KOSDAQ,3640,0,0,3650,3900,3550,9376,34237390,8139954,29629432560
20251125,377450,KR7377450002,리파인,KOSDAQ,12650,430,3.52,12100,12840,12100,23958,301301350,17330000,219224500000
20251125,377460,KR7377460001,위니아에이드,KOSDAQ,4080,0,0,0,0,0,0,0,62055687,253187202960
20251125,377480,KR7377480009,마음AI,KOSDAQ,20050,330,1.67,20300,20400,19840,31997,641349300,7110275,142561013750
20251125,377740,KR7377740006,바이오노트,KOSPI,5500,-30,-.54,5550,5550,5490,18800,103594940,102056048,561308264000
20251125,378340,KR7378340004,필에너지,KOSDAQ,12830,10,.08,12950,13130,12690,40573,522840590,21462882,275368776060
20251125,378800,KR7378800007,샤페론,KOSDAQ,1614,-41,-2.48,1656,1694,1580,1340112,2168992809,46243031,74636252034
20251125,378850,KR7378850002,화승알앤에이,KOSPI,3115,25,.81,3095,3145,3065,42313,131257795,18993623,59165135645
20251125,379390,KR7379390008,이성씨엔아이,KONEX,5400,0,0,0,0,0,0,0,2841460,15343884000
20251125,380540,KR7380540005,옵티코어,KOSDAQ,1472,22,1.52,1437,1525,1422,141416,205705052,48433341,71293877952
20251125,380550,KR7380550004,뉴로핏,KOSDAQ,20200,-550,-2.65,20900,21700,20100,582912,12188245200,11636603,235059380600
20251125,381620,KR7381620004,제닉스로보틱스,KOSDAQ,14020,-290,-2.03,14770,14920,14000,641585,9224655180,13117920,183913238400
20251125,381970,KR7381970003,케이카,KOSPI,16000,30,.19,15990,16080,15890,74373,1190512300,48820848,781133568000
20251125,382150,KR7382150001,온코크로스,KOSDAQ,11270,680,6.42,11280,11700,11020,578539,6555531870,12017937,135442149990
20251125,382480,KR7382480002,지아이텍,KOSDAQ,1960,8,.41,2005,2005,1942,57391,113012071,39357140,77139994400
20251125,382800,KR7382800001,지앤비에스 에코,KOSDAQ,2660,-50,-1.85,2730,2730,2635,48258,129190010,31831041,84670569060
20251125,382840,KR7382840007,원준,KOSDAQ,7700,-50,-.65,7800,7930,7660,26163,202493045,15271581,117591173700
20251125,382900,KR7382900009,범한퓨얼셀,KOSDAQ,29300,1000,3.53,28450,29850,27650,218181,6271265175,8761000,256697300000
20251125,383220,KR7383220001,F&F,KOSPI,71600,-1300,-1.78,73500,74100,70900,111499,7979706400,38307075,2742786570000
20251125,383310,KR7383310000,에코프로에이치엔,KOSDAQ,23700,-100,-.42,24000,24350,23350,39740,943757125,20974932,497105888400
20251125,383800,KR7383800000,LX홀딩스,KOSPI,7840,-30,-.38,7910,8000,7780,201721,1584080075,76280690,598040609600
20251125,38380K,KR738380K012,LX홀딩스1우,KOSPI,8350,-40,-.48,8690,8690,8340,762,6381680,1465285,12235129750
20251125,383930,KR7383930005,디티앤씨알오,KOSDAQ,3315,-235,-6.62,3550,3580,3250,222607,757003640,12784128,42379384320
20251125,384470,KR7384470001,코어라인소프트,KOSDAQ,3335,-80,-2.34,3415,3470,3285,75774,252843023,17946692,59852217820
20251125,387570,KR7387570005,파인메딕스,KOSDAQ,7360,20,.27,7340,7360,7120,24539,177579420,5625900,41406624000
20251125,388050,KR7388050007,지투파워,KOSDAQ,7630,40,.53,7630,7780,7500,111912,851965490,18709437,142753004310
20251125,388210,KR7388210007,씨엠티엑스,KOSDAQ,92100,-6200,-6.31,104500,105000,92000,603237,58734657700,9272688,854014564800
20251125,388610,KR7388610008,지에프씨생명과학,KOSDAQ,13320,320,2.46,13000,13820,13000,102750,1370196980,5253309,69974075880
20251125,388720,KR7388720005,유일로보틱스,KOSDAQ,71800,-1500,-2.05,74000,74900,71000,64630,4683152400,11696795,839829881000
20251125,388790,KR7388790008,라이콤,KOSDAQ,2345,-20,-.85,2405,2410,2315,68254,161104862,30609397,71779035965
20251125,388870,KR7388870008,파로스아이바이오,KOSDAQ,6720,-380,-5.35,7250,7620,6700,1026675,7190574060,12945932,86996663040
20251125,389020,KR7389020009,자람테크놀로지,KOSDAQ,31850,1100,3.58,32900,32900,31400,22950,733319800,6197730,197397700500
20251125,389030,KR7389030008,지니너스,KOSDAQ,1634,7,.43,1644,1691,1617,354197,583886432,33351845,54496914730
20251125,389140,KR7389140005,포바이포,KOSDAQ,8280,-120,-1.43,8510,8600,8200,62158,519209030,11169735,92485405800
20251125,389260,KR7389260001,대명에너지,KOSDAQ,18800,70,.37,18730,18980,18500,14565,272512860,17916325,336826910000
20251125,389470,KR7389470006,인벤티지랩,KOSDAQ,58900,-4600,-7.24,62500,64000,57900,483953,29471588350,12369069,728538164100
20251125,389500,KR7389500000,에스비비테크,KOSDAQ,28800,-1400,-4.64,30250,31100,28050,552521,16176436400,6333904,182416435200
20251125,389650,KR7389650003,넥스트바이오메디컬,KOSDAQ,70400,-800,-1.12,71200,72800,69600,103301,7300004300,8203886,577553574400
20251125,389680,KR7389680000,유디엠텍,KOSDAQ,479,3,.63,476,492,466,198027,94022635,41592465,19922790735
20251125,390110,KR7390110005,애니메디솔루션,KONEX,1927,-3,-.16,1930,1930,1641,18,32974,9157047,17645629569
20251125,391710,KR7391710001,코닉오토메이션,KOSDAQ,2130,-25,-1.16,2155,2225,2050,239040,511395614,42620470,90781601100
20251125,393210,KR7393210000,토마토시스템,KOSDAQ,5290,180,3.52,5130,5360,5130,43978,230294280,15614544,82600937760
20251125,393890,KR7393890009,더블유씨피,KOSDAQ,6800,30,.44,6920,7030,6750,86149,588565445,33843144,230133379200
20251125,393970,KR7393970009,대진첨단소재,KOSDAQ,3770,-130,-3.33,3950,4045,3740,477492,1826037839,14834820,55927271400
20251125,394280,KR7394280002,오픈엣지테크놀로지,KOSDAQ,10710,230,2.19,11100,11160,10610,46745,506740105,22052079,236177766090
20251125,394800,KR7394800007,쓰리빌리언,KOSDAQ,10520,-180,-1.68,10890,11150,10400,555750,5984734845,31721539,333710590280
20251125,395400,KR7395400005,SK리츠,KOSPI,5220,-110,-2.06,5300,5310,5200,554678,2907904145,296181135,1546065524700
20251125,396270,KR7396270001,넥스트칩,KOSDAQ,2040,10,.49,2030,2090,2010,65265,133557633,20168531,41143803240
20251125,396300,KR7396300006,세아메카닉스,KOSDAQ,2515,-20,-.79,2540,2615,2510,72188,183643335,26489500,66621092500
20251125,396470,KR7396470007,워트,KOSDAQ,6840,10,.15,6900,7050,6830,22511,155495705,16120000,110260800000
20251125,396690,KR7396690000,미래에셋글로벌리츠,KOSPI,2635,5,.19,2630,2660,2620,23099,60754855,39605940,104361651900
20251125,397030,KR7397030008,에이프릴바이오,KOSDAQ,38150,1750,4.81,36750,39500,36250,1019007,38904444525,22965244,876124058600
20251125,397810,KR7397810003,애드포러스,KOSDAQ,7370,60,.82,7320,7630,7160,30356,224097435,5160770,38034874900
20251125,398120,KR7398120006,에스지헬스케어,KOSDAQ,2780,-95,-3.3,2875,2885,2755,36061,101162525,11309700,31440966000
20251125,399720,KR7399720002,가온칩스,KOSDAQ,43300,1950,4.72,43500,44300,42700,64092,2777676850,11600420,502298186000
20251125,400760,KR7400760005,NH올원리츠,KOSPI,3490,-5,-.14,3495,3510,3480,87049,303787018,54929275,191703169750
20251125,402030,KR7402030001,코난테크놀로지,KOSDAQ,20750,450,2.22,20600,21050,20350,16890,348743400,12517488,259737876000
20251125,402340,KR7402340004,SK스퀘어,KOSPI,290500,14500,5.25,293500,305000,289000,710228,209312737120,132540858,38503119249000
20251125,402420,KR7402420004,켈스,KONEX,1699,0,0,1699,1699,1699,1,1699,2348763,3990548337
20251125,402490,KR7402490007,그린리소스,KOSDAQ,7250,200,2.84,7060,7330,7060,69995,504876020,16558888,120051938000
20251125,403360,KR7403360001,라피치,KONEX,8000,-300,-3.61,8600,8800,7800,51,420000,3449454,27595632000
20251125,403490,KR7403490006,우듬지팜,KOSDAQ,1525,11,.73,1516,1535,1500,186508,282886435,45551464,69465982600
20251125,403550,KR7403550007,쏘카,KOSPI,11510,20,.17,11490,11580,11290,7938,91452480,32841902,378010292020
20251125,403810,KR7403810005,아이엘커누스,KONEX,2490,-10,-.4,0,0,0,0,0,9291896,23136821040
20251125,403850,KR7403850001,더핑크퐁컴퍼니,KOSDAQ,29950,-100,-.33,30400,31600,29500,823409,25086695400,14351010,429812749500
20251125,403870,KR7403870009,HPSP,KOSDAQ,28250,50,.18,29050,29200,27850,383575,10858549925,83498568,2358834546000
20251125,404990,KR7404990004,신한서부티엔디리츠,KOSPI,3590,-10,-.28,3600,3615,3550,118621,424570207,57605058,206802158220
20251125,405000,KR7405000001,플라즈맵,KOSDAQ,6780,-30,-.44,6810,6810,6700,139,935880,3838444,26024650320
20251125,405100,KR7405100009,큐알티,KOSDAQ,14200,550,4.03,13790,14700,13790,39765,566236075,12289301,174508074200
20251125,405920,KR7405920000,나라셀라,KOSDAQ,2200,15,.69,2185,2320,2185,3440,7570225,12878076,28331767200
20251125,406820,KR7406820001,뷰티스킨,KOSDAQ,11960,-230,-1.89,12100,12190,11940,6523,78362910,3534040,42267118400
20251125,407400,KR7407400001,꿈비,KOSDAQ,4475,-25,-.56,4470,4545,4430,29372,131462190,14634534,65489539650
20251125,408900,KR7408900009,스튜디오미르,KOSDAQ,3140,20,.64,3125,3225,3100,151726,476780575,32729532,102770730480
20251125,408920,KR7408920007,메쎄이상,KOSDAQ,3080,0,0,3080,3155,3045,18756,57843070,43232455,133155961400
20251125,411080,KR7411080005,샌즈랩,KOSDAQ,7260,40,.55,7220,7450,7110,45067,326374235,15267638,110843051880
20251125,412350,KR7412350001,레이저쎌,KOSDAQ,2150,-5,-.23,2235,2280,2055,359221,770150018,8726972,18762989800
20251125,412540,KR7412540007,제일엠앤에스,KOSDAQ,3935,0,0,0,0,0,0,0,20600665,81063616775
20251125,413300,KR7413300005,티엘엔지니어링,KONEX,2650,-35,-1.3,2670,2670,2285,6,14460,1351515,3581514750
20251125,413390,KR7413390006,엠오티,KOSDAQ,6390,-40,-.62,6460,6600,6380,51064,329111940,11580180,73997350200
20251125,413630,KR7413630005,씨피시스템,KOSDAQ,3730,-185,-4.73,3960,4115,3705,1344378,5168351985,36436626,135908614980
20251125,413640,KR7413640004,비아이매트릭스,KOSDAQ,9810,110,1.13,9730,9940,9620,38979,378663940,7206940,70700081400
20251125,415380,KR7415380005,스튜디오삼익,KOSDAQ,2205,-20,-.9,2200,2320,2155,56869,125558145,11442975,25231759875
20251125,415640,KR7415640002,KB발해인프라,KOSPI,9700,120,1.25,9530,9800,9530,247083,2386777680,122545548,1188691815600
20251125,416180,KR7416180008,신성에스티,KOSDAQ,36200,450,1.26,36600,36700,35500,30660,1105648050,9039778,327239963600
20251125,417010,KR7417010006,나노팀,KOSDAQ,4305,0,0,4350,4405,4230,19648,84082385,20172728,86843594040
20251125,417180,KR7417180007,핑거스토리,KOSDAQ,1820,6,.33,1811,1833,1811,124988,227404879,17548623,31938493860
20251125,417200,KR7417200003,LS머트리얼즈,KOSDAQ,11300,-280,-2.42,11790,11950,11280,611024,7001670370,67652659,764475046700
20251125,417310,KR7417310000,코람코더원리츠,KOSPI,6860,-20,-.29,6880,6920,6780,115528,794224900,40400000,277144000000
20251125,417500,KR7417500006,제이아이테크,KOSDAQ,3075,65,2.16,3020,3170,3020,102349,318061628,32784744,100813087800
20251125,417790,KR7417790003,트루엔,KOSDAQ,8000,-100,-1.23,8110,8230,7920,46445,372584700,10999650,87997200000
20251125,417840,KR7417840006,저스템,KOSDAQ,9070,10,.11,9210,9430,8990,23661,216212970,7262750,65873142500
20251125,417860,KR7417860004,오브젠,KOSDAQ,12250,0,0,12160,12640,12160,7503,93316000,4450739,54521552750
20251125,417970,KR7417970001,모델솔루션,KOSDAQ,22200,1900,9.36,21200,22550,20400,309079,6726106175,6396700,142006740000
20251125,418250,KR7418250007,시큐레터,KOSDAQ,6550,0,0,0,0,0,0,0,6937257,45439033350
20251125,418420,KR7418420006,라온텍,KOSDAQ,3920,120,3.16,3810,3920,3810,36572,140982113,30337558,118923227360
20251125,418470,KR7418470001,KT밀리의서재,KOSDAQ,13290,-10,-.08,13310,13460,13120,11991,158532595,8565789,113839335810
20251125,418550,KR7418550000,제이오,KOSDAQ,6800,-20,-.29,6840,7040,6750,69026,473035290,32017673,217720176400
20251125,418620,KR7418620001,E8,KOSDAQ,1967,37,1.92,1935,1996,1930,27351,53397562,12850477,25276888259
20251125,419050,KR7419050000,삼기에너지솔루션즈,KOSDAQ,1840,29,1.6,1811,1867,1810,127982,233495004,57196240,105241081600
20251125,419080,KR7419080007,엔젯,KOSDAQ,4970,-210,-4.05,5190,5340,4850,110554,557838120,10652637,52943605890
20251125,419120,KR7419120001,산돌,KOSDAQ,4230,-50,-1.17,4270,4325,4125,157314,659779189,15133507,64014734610
20251125,419530,KR7419530001,SAMG엔터,KOSDAQ,41450,-750,-1.78,41750,43350,40750,53426,2238671000,9734515,403495646750
20251125,419540,KR7419540000,비스토스,KOSDAQ,1576,-114,-6.75,1691,1750,1564,296251,483126741,22992511,36236197336
20251125,420570,KR7420570004,제이투케이바이오,KOSDAQ,8080,30,.37,8070,8230,7970,23635,190671340,5847483,47247662640
20251125,420770,KR7420770000,기가비스,KOSDAQ,33950,2100,6.59,32600,34200,32250,40644,1363505400,12675758,430341984100
20251125,424760,KR7424760007,벨로크,KOSDAQ,1366,15,1.11,1351,1383,1318,157075,211925001,19665002,26862392732
20251125,424870,KR7424870004,이뮨온시아,KOSDAQ,7500,250,3.45,7300,7920,7300,7856374,59777497990,74165069,556238017500
20251125,424960,KR7424960003,스마트레이더시스템,KOSDAQ,7300,-90,-1.22,7540,7900,7280,88663,662717170,15677340,114444582000
20251125,424980,KR7424980001,마이크로투나노,KOSDAQ,8300,150,1.84,8310,8740,8010,11934,99541070,5918890,49126787000
20251125,425040,KR7425040003,티이엠씨,KOSDAQ,7210,20,.28,7300,7470,7110,86841,629135960,21329082,153782681220
20251125,425420,KR7425420007,티에프이,KOSDAQ,47300,5850,14.11,44000,50600,43550,866323,41461963525,11960710,565741583000
20251125,429270,KR7429270002,시지트로닉스,KOSDAQ,5300,190,3.72,5160,5590,5040,348260,1829345780,4658150,24688195000
20251125,430690,KR7430690008,한싹,KOSDAQ,4845,-15,-.31,4860,4990,4800,59724,290175913,10895327,52787859315
20251125,431190,KR7431190008,케이쓰리아이,KOSDAQ,4685,-165,-3.4,4895,4970,4640,214394,1015571249,7486442,35073980770
20251125,432320,KR7432320000,KB스타리츠,KOSPI,3750,110,3.02,3650,3800,3620,163022,603407750,101414285,380303568750
20251125,432430,KR7432430007,와이랩,KOSDAQ,4200,5,.12,4200,4300,4155,22128,92508540,16508320,69334944000
20251125,432470,KR7432470003,케이엔에스,KOSDAQ,9700,90,.94,9560,10100,9560,8132,79376620,8771556,85084093200
20251125,432720,KR7432720001,퀄리타스반도체,KOSDAQ,13260,80,.61,13690,13900,13250,61099,824906090,14092612,186868035120
20251125,432980,KR7432980001,엠에프씨,KOSDAQ,3320,-5,-.15,3345,3345,3250,6113,20096110,8591742,28524583440
20251125,434190,KR7434190005,탈로스,KONEX,4395,5,.11,4395,4395,4395,1,4395,7369434,32388662430
20251125,434480,KR7434480000,모니터랩,KOSDAQ,3900,-70,-1.76,3955,4055,3900,67820,268470935,12310300,48010170000
20251125,435570,KR7435570007,에르코스,KOSDAQ,8900,20,.23,8950,9130,8770,12199,108716230,7616983,67791148700
20251125,437730,KR7437730005,삼현,KOSDAQ,27950,0,0,28800,30700,27850,958770,27977004100,31707567,886226497650
20251125,438700,KR7438700007,버넥트,KOSDAQ,3065,-75,-2.39,3140,3230,3050,41002,127318175,11144890,34159087850
20251125,439090,KR7439090002,마녀공장,KOSDAQ,14310,-530,-3.57,14830,14940,14280,64794,939315015,16378260,234372900600
20251125,439260,KR7439260001,대한조선,KOSPI,61700,-1600,-2.53,63700,65800,60800,357989,22322619950,38526312,2377073450400
20251125,439580,KR7439580002,블루엠텍,KOSDAQ,4415,-45,-1.01,4450,4560,4355,375033,1661982390,33846547,149432505005
20251125,440110,KR7440110005,파두,KOSDAQ,22550,400,1.81,22950,23250,21650,441735,9848169550,49451633,1115134324150
20251125,440290,KR7440290005,HB인베스트먼트,KOSDAQ,2075,0,0,2095,2100,2060,52280,108377060,27506430,57075842250
20251125,440320,KR7440320000,오픈놀,KOSDAQ,3885,-70,-1.77,3880,4010,3845,19750,76647470,9830000,38189550000
20251125,441270,KR7441270006,파인엠텍,KOSDAQ,8330,270,3.35,8170,8520,8100,380022,3167969025,37640073,313541808090
20251125,443060,KR7443060009,HD현대마린솔루션,KOSPI,187800,-19700,-9.49,209500,213000,187000,236662,45687188600,44829210,8418925638000
20251125,443250,KR7443250006,레뷰코퍼레이션,KOSDAQ,10000,-10,-.1,9910,10140,9810,17671,175914235,11122260,111222600000
20251125,443670,KR7443670005,에스피소프트,KOSDAQ,4910,-90,-1.8,5020,5070,4895,33418,165090440,24741392,121480234720
20251125,444530,KR7444530000,심플랫폼,KOSDAQ,7700,140,1.85,7540,7800,7540,18590,142202770,6390883,49209799100
20251125,444920,KR7444920003,유안타제11호스팩,KOSDAQ,2095,5,.24,2095,2095,2095,1,2095,5240000,10977800000
20251125,445090,KR7445090004,에이직랜드,KOSDAQ,28000,2950,11.78,28100,28450,26300,80220,2207714650,10871660,304406480000
20251125,445180,KR7445180003,퓨릿,KOSDAQ,8080,200,2.54,8190,8340,7950,68612,558004540,17189188,138888639040
20251125,445680,KR7445680002,큐리옥스바이오시스템즈,KOSDAQ,86500,6000,7.45,80800,88400,80700,425487,36750893950,17086041,1477942546500
20251125,446070,KR7446070005,유니드비티플러스,KOSPI,3340,0,0,3350,3420,3290,27951,93024120,10611215,35441458100
20251125,446150,KR7446150005,유안타제12호스팩,KOSDAQ,2305,0,0,0,0,0,0,0,4770000,10994850000
20251125,446440,KR7446440000,에피바이오텍,KONEX,16280,10,.06,16270,16280,15010,473,7481740,2306879,37555990120
20251125,446540,KR7446540007,메가터치,KOSDAQ,3370,-30,-.88,3400,3510,3370,71545,243963204,20771000,69998270000
20251125,446840,KR7446840001,지슨,KOSDAQ,1555,36,2.37,1575,1575,1523,48049,74850222,55262293,85932865615
20251125,447690,KR7447690009,아이오바이오,KONEX,3135,-10,-.32,3250,3250,3135,1300,4090125,2630256,8245852560
20251125,448280,KR7448280008,에코아이,KOSDAQ,11330,450,4.14,10880,11360,10880,43397,485358210,29631129,335720691570
20251125,448710,KR7448710004,코츠테크놀로지,KOSDAQ,16540,-130,-.78,16710,17020,16070,111610,1824084320,5260589,87010142060
20251125,448730,KR7448730002,삼성FN리츠,KOSPI,4610,60,1.32,4550,4620,4550,132213,606761554,91050000,419740500000
20251125,448760,KR7448760009,IBKS제22호스팩,KOSDAQ,4710,15,.32,4590,4930,4590,321951,1522900705,4430000,20865300000
20251125,448780,KR7448780007,마이크로엔엑스,KONEX,2100,-120,-5.41,2205,2205,1890,72,147367,2677680,5623128000
20251125,448830,KR7448830000,미래에셋비전스팩3호,KOSDAQ,2150,-10,-.46,2175,2175,2120,77494,165790905,4920000,10578000000
20251125,448900,KR7448900001,한국피아이엠,KOSDAQ,40150,-3850,-8.75,44000,45150,39500,802921,33582430975,6004457,241078948550
20251125,450050,KR7450050000,하이제8호스팩,KOSDAQ,2105,0,0,2110,2110,2105,61,128410,5014000,10554470000
20251125,450080,KR7450080007,에코프로머티,KOSPI,53100,-500,-.93,54800,55400,52700,138261,7429652400,69932424,3713411714400
20251125,450140,KR7450140009,코오롱모빌리티그룹,KOSPI,10490,2420,29.99,8170,10490,8170,4277888,41800918650,62777250,658533352500
20251125,45014K,KR745014K018,코오롱모빌리티그룹우,KOSPI,18720,4320,30,14500,18720,14460,68693,1192630040,2456120,45978566400
20251125,450330,KR7450330006,하스,KOSDAQ,6960,1000,16.78,5970,7740,5970,3630443,26738557975,8186843,56980427280
20251125,450520,KR7450520002,인스웨이브,KOSDAQ,3590,-35,-.97,3610,3790,3540,93310,339194485,14704578,52789435020
20251125,450940,KR7450940002,유안타제14호스팩,KOSDAQ,2095,0,0,2095,2100,2095,3434,7196230,4540000,9511300000
20251125,450950,KR7450950001,아스테라시스,KOSDAQ,12660,-360,-2.76,13050,13210,12360,283553,3585841510,37507092,474839784720
20251125,451220,KR7451220008,아이엠티,KOSDAQ,8710,290,3.44,8480,8920,8480,52445,459938320,7874611,68587861810
20251125,451250,KR7451250005,삐아,KOSDAQ,9860,-550,-5.28,10210,10300,9840,165531,1663881470,10225877,100827147220
20251125,451700,KR7451700009,엔에이치스팩29호,KOSDAQ,2105,0,0,0,0,0,0,0,14350000,30206750000
20251125,451760,KR7451760003,컨텍,KOSDAQ,8290,-60,-.72,8350,8550,8050,20735,170059480,15252196,126440704840
20251125,451800,KR7451800007,한화리츠,KOSPI,4100,45,1.11,4065,4115,4055,364763,1491579126,179600000,736360000000
20251125,452160,KR7452160005,제이엔비,KOSDAQ,5940,0,0,5940,6150,5860,23258,139146510,9617527,57128110380
20251125,452190,KR7452190002,한빛레이저,KOSDAQ,4710,340,7.78,4795,4805,4645,320749,1512417781,23366557,110056483470
20251125,452200,KR7452200009,민테크,KOSDAQ,2575,-10,-.39,2595,2630,2535,36844,94802790,23619800,60820985000
20251125,452260,KR7452260003,한화갤러리아,KOSPI,1038,-13,-1.24,1052,1058,1036,389575,405834406,193859610,201226275180
20251125,45226K,KR745226K018,한화갤러리아우,KOSPI,2075,25,1.22,2030,2090,2030,1289,2687310,2904470,6026775250
20251125,452280,KR7452280001,한선엔지니어링,KOSDAQ,8550,100,1.18,8510,8760,8470,51689,443594395,17274150,147693982500
20251125,452300,KR7452300007,캡스톤파트너스,KOSDAQ,2600,-65,-2.44,2665,2705,2585,119845,314009492,14119505,36710713000
20251125,452400,KR7452400005,이닉스,KOSDAQ,9280,-290,-3.03,9580,9850,9280,22779,214985880,9071428,84182851840
20251125,452430,KR7452430002,사피엔반도체,KOSDAQ,26300,1100,4.37,25600,26800,25400,41849,1089061725,8218046,216134609800
20251125,452450,KR7452450000,피아이이,KOSDAQ,7270,90,1.25,7350,7540,7190,265057,1935659990,35878500,260836695000
20251125,452670,KR7452670003,상상인제4호스팩,KOSDAQ,2082,-3,-.14,2085,2085,2082,253,526749,5220000,10868040000
20251125,452980,KR7452980006,신한제11호스팩,KOSDAQ,2085,0,0,2085,2090,2080,161287,336276509,18905000,39416925000
20251125,453340,KR7453340002,현대그린푸드,KOSPI,16040,40,.25,16290,16300,15830,27903,446187720,32819346,526422309840
20251125,453450,KR7453450009,그리드위즈,KOSDAQ,14150,-220,-1.53,14230,14620,14030,11744,166587335,7942750,112389912500
20251125,453860,KR7453860009,에이에스텍,KOSDAQ,15750,290,1.88,15350,16410,15350,22627,361800690,5657215,89101136250
20251125,454640,KR7454640004,하나29호스팩,KOSDAQ,2110,0,0,0,0,0,0,0,5401000,11396110000
20251125,454910,KR7454910001,두산로보틱스,KOSPI,69300,-1100,-1.56,72000,72100,69100,145241,10192751550,64819980,4492024614000
20251125,455180,KR7455180000,케이지에이,KOSDAQ,4000,145,3.76,3855,4020,3750,101373,390281589,12766659,51066636000
20251125,455250,KR7455250001,KB제25호스팩,KOSDAQ,2110,5,.24,2110,2110,2100,108,227255,4305000,9083550000
20251125,455310,KR7455310003,한화플러스제4호스팩,KOSDAQ,2085,0,0,2085,2085,2085,1513,3154605,5060000,10550100000
20251125,455900,KR7455900001,엔젤로보틱스,KOSDAQ,28000,-900,-3.11,29350,29400,27700,138794,3925196325,15183131,425127668000
20251125,455910,KR7455910000,에스케이증권제9호스팩,KOSDAQ,2095,0,0,2100,2100,2095,36960,77581220,5020000,10516900000
20251125,456010,KR7456010008,아이씨티케이,KOSDAQ,12910,-1140,-8.11,14530,15070,12880,875928,11765591070,13420676,173260927160
20251125,456040,KR7456040005,OCI,KOSPI,57300,100,.17,57800,58100,57200,16215,932980300,8952495,512977963500
20251125,456070,KR7456070002,이엔셀,KOSDAQ,12190,90,.74,12120,12600,11830,90551,1111933430,10901805,132893002950
20251125,456160,KR7456160001,지투지바이오,KOSDAQ,77000,-3000,-3.75,75100,80900,73500,2784512,214565513300,16258566,1251909582000
20251125,456190,KR7456190008,큐라켐,KONEX,7200,0,0,0,0,0,0,0,1754286,12630859200
20251125,456490,KR7456490002,교보14호스팩,KOSDAQ,2110,15,.72,2100,2110,2095,5745,12062205,4200000,8862000000
20251125,456570,KR7456570001,아이엠지티,KONEX,11470,680,6.3,10600,11500,10600,3447,38134550,5165484,59248101480
20251125,456700,KR7456700004,길교이앤씨,KONEX,7980,0,0,0,0,0,0,0,900000,7182000000
20251125,457190,KR7457190007,이수스페셜티케미컬,KOSPI,49000,-550,-1.11,50600,51100,48700,113413,5631167075,30208280,1480205720000
20251125,457370,KR7457370005,한켐,KOSDAQ,7120,-110,-1.52,7240,7320,7100,22783,163308750,8027134,57153194080
20251125,457550,KR7457550002,우진엔텍,KOSDAQ,20250,100,.5,20300,20850,20000,43329,878301840,9318958,188708899500
20251125,457600,KR7457600005,벡트,KOSDAQ,2280,65,2.93,2245,2300,2185,67362,151018989,13707500,31253100000
20251125,457630,KR7457630002,대신밸런스제16호스팩,KOSDAQ,2095,5,.24,2090,2095,2090,15451,32294600,7310000,15314450000
20251125,457940,KR7457940005,에스케이증권제10호스팩,KOSDAQ,2095,0,0,2100,2100,2085,216,452040,3310000,6934450000
20251125,458610,KR7458610003,한국제12호스팩,KOSDAQ,2110,15,.72,2120,2120,2100,20244,42513475,4230000,8925300000
20251125,458650,KR7458650009,성우,KOSDAQ,10260,70,.69,10190,10330,10150,17622,179773980,15045670,154368574200
20251125,458870,KR7458870003,씨어스테크놀로지,KOSDAQ,123700,-2300,-1.83,128700,132000,122300,174217,22235927750,12665880,1566769356000
20251125,459100,KR7459100004,위츠,KOSDAQ,6790,-30,-.44,6830,6940,6740,29005,197640500,12642000,85839180000
20251125,459510,KR7459510004,나우로보틱스,KOSDAQ,20350,-1450,-6.65,22000,22400,20350,289729,6138578650,12913882,262797498700
20251125,459550,KR7459550000,알트,KOSDAQ,4910,1130,29.89,3910,4910,3910,31047087,139001359702,23798764,116851931240
20251125,460470,KR7460470008,아이빔테크놀로지,KOSDAQ,2740,-40,-1.44,2700,2830,2680,76141,207378745,15096870,41365423800
20251125,460850,KR7460850001,동국씨엠,KOSPI,5300,50,.95,5270,5350,5260,26644,141367740,29898656,158462876800
20251125,460860,KR7460860000,동국제강,KOSPI,8240,-10,-.12,8370,8370,8220,78103,645735590,49608017,408770060080
20251125,460870,KR7460870009,에스엠씨지,KOSDAQ,3995,-35,-.87,4050,4175,3965,107505,430283595,19823304,79194099480
20251125,460930,KR7460930001,현대힘스,KOSDAQ,17880,-50,-.28,18020,18290,17790,177613,3184065255,35510671,634930797480
20251125,460940,KR7460940000,피앤에스로보틱스,KOSDAQ,12700,-1260,-9.03,13320,13790,12360,1532584,19813844280,6565740,83384898000
20251125,461030,KR7461030009,아이엠비디엑스,KOSDAQ,9210,-170,-1.81,9400,9820,9210,94322,897199485,14017750,129103477500
20251125,461300,KR7461300006,아이스크림미디어,KOSDAQ,17610,350,2.03,17300,17640,17300,9488,165822770,13298933,234194210130
20251125,462020,KR7462020009,에이치엠씨제6호스팩,KOSDAQ,2080,-5,-.24,2080,2080,2080,2,4160,4345000,9037600000
20251125,462310,KR7462310004,뉴키즈온,KOSDAQ,5720,0,0,5890,5890,5620,35672,203966080,7902000,45199440000
20251125,462350,KR7462350000,이노스페이스,KOSDAQ,12500,650,5.49,12070,12500,11760,42104,507946155,9416694,117708675000
20251125,462510,KR7462510009,라메디텍,KOSDAQ,6580,-150,-2.23,6740,6820,6580,20951,139411795,8802965,57923509700
20251125,462520,KR7462520008,조선내화,KOSPI,13800,-30,-.22,13830,13980,13620,6838,94079160,11855168,163601318400
20251125,462860,KR7462860008,더즌,KOSDAQ,3630,5,.14,3630,3745,3590,313667,1143115832,71713409,260319674670
20251125,462870,KR7462870007,시프트업,KOSPI,36200,-550,-1.5,36950,37000,35900,35109,1275497975,58961440,2134404128000
20251125,462980,KR7462980004,아이지넷,KOSDAQ,1771,-13,-.73,1784,1794,1770,26580,47206020,18234437,32293187927
20251125,463020,KR7463020008,뉴엔AI,KOSDAQ,17200,230,1.36,17040,17500,17010,67076,1156422645,8879200,152722240000
20251125,463480,KR7463480004,모티브링크,KOSDAQ,8030,40,.5,8010,8240,7990,68657,555079560,12390358,99494574740
20251125,464080,KR7464080001,에스오에스랩,KOSDAQ,9040,-260,-2.8,9380,9550,9030,142527,1309641850,17681830,159843743200
20251125,464280,KR7464280007,티디에스팜,KOSDAQ,8490,100,1.19,8400,8650,8330,14617,123831110,5530000,46949700000
20251125,464440,KR7464440007,한국제13호스팩,KOSDAQ,2105,-15,-.71,2100,2105,2095,11995,25164435,4320000,9093600000
20251125,464500,KR7464500008,아이언디바이스,KOSDAQ,2845,-15,-.52,2875,2990,2800,95133,274472695,13963263,39725483235
20251125,464580,KR7464580000,닷밀,KOSDAQ,2440,155,6.78,2270,2800,2150,12092442,31618003523,18359486,44797145840
20251125,464680,KR7464680008,KB제27호스팩,KOSDAQ,2070,0,0,2065,2070,2065,646,1335485,12905000,26713350000
20251125,465320,KR7465320000,교보15호스팩,KOSDAQ,2335,0,0,0,0,0,0,0,3810000,8896350000
20251125,465480,KR7465480002,인스피언,KOSDAQ,5310,-30,-.56,5220,5670,5220,19113,102447430,10137772,53831569320
20251125,465770,KR7465770006,STX그린로지스,KOSPI,6280,-20,-.32,6300,6440,6270,15224,96165300,7171032,45034080960
20251125,466100,KR7466100005,클로봇,KOSDAQ,34900,-1300,-3.59,37350,37700,34850,850794,30518554725,24992139,872225651100
20251125,466410,KR7466410008,사이냅소프트,KOSDAQ,11600,60,.52,11550,11850,11480,8280,95678840,5037023,58429466800
20251125,466910,KR7466910007,엔에이치스팩30호,KOSDAQ,2135,0,0,0,0,0,0,0,9100000,19428500000
20251125,467930,KR7467930004,IBKS제23호스팩,KOSDAQ,2210,-5,-.23,2210,2215,2195,2539,5619895,4230000,9348300000
20251125,468530,KR7468530001,프로티나,KOSDAQ,69800,3300,4.96,66500,72800,65700,1808106,126355321900,10871991,758864971800
20251125,468760,KR7468760004,유진스팩10호,KOSDAQ,2120,0,0,2115,2120,2115,2594,5486745,4240000,8988800000
20251125,469480,KR7469480008,IBKS제24호스팩,KOSDAQ,2195,0,0,2205,2205,2195,2875,6337875,4230000,9284850000
20251125,469610,KR7469610000,이노테크,KOSDAQ,28200,400,1.44,28050,30500,27750,1585587,45828684025,8876900,250328580000
20251125,469750,KR7469750004,아이비젼웍스,KOSDAQ,1070,10,.94,1061,1094,1017,183725,197457109,34456481,36868434670
20251125,469880,KR7469880009,하나30호스팩,KOSDAQ,2065,0,0,2065,2070,2060,867,1791035,7305000,15084825000
20251125,469900,KR7469900005,하나31호스팩,KOSDAQ,2070,0,0,2065,2070,2060,800,1649380,5605000,11602350000
20251125,471050,KR7471050005,대신밸런스제17호스팩,KOSDAQ,2175,-25,-1.14,2175,2205,2165,12486,27239415,6060000,13180500000
20251125,471820,KR7471820001,셀로맥스사이언스,KOSDAQ,4750,-65,-1.35,4780,4815,4645,15631,74394985,11765203,55884714250
20251125,472220,KR7472220003,신영스팩10호,KOSDAQ,2185,-5,-.23,2180,2185,2175,7,15240,4690000,10247650000
20251125,472230,KR7472230002,에스케이증권제11호스팩,KOSDAQ,2040,0,0,2040,2040,2040,2842,5797680,4155000,8476200000
20251125,472850,KR7472850007,폰드그룹,KOSDAQ,8120,150,1.88,7930,8190,7820,57750,460318110,32343933,262632735960
20251125,473000,KR7473000008,에스케이증권제12호스팩,KOSDAQ,2045,10,.49,2040,2045,2035,5707,11642260,3310000,6768950000
20251125,473050,KR7473050003,유안타제15호스팩,KOSDAQ,2035,0,0,2040,2040,2035,3781,7697656,7010000,14265350000
20251125,473370,KR7473370005,비엔케이제2호스팩,KOSDAQ,2020,0,0,0,0,0,0,0,4210000,8504200000
20251125,473950,KR7473950004,에스케이증권제13호스팩,KOSDAQ,2030,0,0,2030,2030,2025,2308,4678710,4420000,8972600000
20251125,473980,KR7473980001,노머스,KOSDAQ,20850,200,.97,20800,21000,20150,78864,1622819850,10981322,228960563700
20251125,474170,KR7474170008,루미르,KOSDAQ,8200,250,3.14,7970,8315,7890,132042,1075774590,17817696,146105107200
20251125,474490,KR7474490000,유안타제16호스팩,KOSDAQ,2020,0,0,2022,2025,2015,7800,15753241,5510000,11130200000
20251125,474610,KR7474610003,RF시스템즈,KOSDAQ,3900,-50,-1.27,3960,4030,3885,82356,324027570,13427822,52368505800
20251125,474650,KR7474650009,링크솔루션,KOSDAQ,30600,300,.99,30650,31850,29750,94481,2894012700,5579032,170718379200
20251125,474660,KR7474660008,신한제12호스팩,KOSDAQ,2100,10,.48,2090,2100,2090,1472,3090715,5520000,11592000000
20251125,474930,KR7474930005,신한제13호스팩,KOSDAQ,2150,15,.7,2155,2155,2120,17,36255,3620000,7783000000
20251125,475150,KR7475150009,SK이터닉스,KOSPI,18190,290,1.62,17930,19000,17910,443754,8144403065,33754042,613986023980
20251125,475230,KR7475230009,엔알비,KOSDAQ,12890,270,2.14,12580,13140,12180,173886,2198854180,10427139,134405821710
20251125,475240,KR7475240008,하나32호스팩,KOSDAQ,2115,15,.71,2100,2115,2100,12,25215,3200000,6768000000
20251125,475250,KR7475250007,하나33호스팩,KOSDAQ,2090,0,0,2080,2090,2080,241,503570,3700000,7733000000
20251125,475400,KR7475400008,씨메스,KOSDAQ,27450,-550,-1.96,28450,28800,26900,134732,3710545000,11684814,320748144300
20251125,475430,KR7475430005,키스트론,KOSDAQ,4345,-10,-.23,4380,4420,4310,19712,85865115,17848110,77550037950
20251125,475460,KR7475460002,미트박스,KOSDAQ,8280,-100,-1.19,8390,8490,8210,22944,190881165,5613025,46475847000
20251125,475560,KR7475560009,더본코리아,KOSPI,25100,-100,-.4,25250,25500,24500,20182,501203325,14776640,370893664000
20251125,475580,KR7475580007,에이럭스,KOSDAQ,8350,-70,-.83,8360,8560,8230,91533,765659770,13624900,113767915000
20251125,475660,KR7475660007,에스켐,KOSDAQ,5750,50,.88,5650,5980,5520,25844,145908940,7929835,45596551250
20251125,475830,KR7475830006,오름테라퓨틱,KOSDAQ,59100,2400,4.23,57900,63600,57300,406938,24534962950,21158537,1250469536700
20251125,475960,KR7475960001,토모큐브,KOSDAQ,43150,3200,8.01,40400,43850,40400,565015,23809210375,13321774,574834548100
20251125,476040,KR7476040001,오가노이드사이언스,KOSDAQ,31150,50,.16,31400,33000,30850,154178,4906997500,6572704,204739729600
20251125,476060,KR7476060009,온코닉테라퓨틱스,KOSDAQ,15420,-1040,-6.32,16600,17300,15270,3294075,53580604915,44489866,686033733720
20251125,476080,KR7476080007,M83,KOSDAQ,9800,-220,-2.2,10030,10240,9700,74786,738839835,8037000,78762600000
20251125,476710,KR7476710009,타조이엔터테인먼트,KONEX,16450,0,0,0,0,0,0,0,1000000,16450000000
20251125,477340,KR7477340004,에이치엠씨제7호스팩,KOSDAQ,2015,0,0,2015,2015,2010,1176,2366099,7510000,15132650000
20251125,477380,KR7477380000,미래에셋비전스팩4호,KOSDAQ,2060,0,0,2050,2060,2040,3532,7249585,8100000,16686000000
20251125,477470,KR7477470009,미래에셋비전스팩5호,KOSDAQ,2095,0,0,2095,2140,2090,6549,13874265,5480000,11480600000
20251125,477760,KR7477760003,DB금융스팩12호,KOSDAQ,2095,-5,-.24,2095,2100,2085,5018,10537580,5840000,12234800000
20251125,478110,KR7478110000,이베스트스팩6호,KOSDAQ,2007,-3,-.15,2010,2010,2007,10903,21914727,5020000,10075140000
20251125,478390,KR7478390008,KB제29호스팩,KOSDAQ,2060,-5,-.24,2060,2075,2055,37780,77819728,6220000,12813200000
20251125,478440,KR7478440001,미래에셋비전스팩6호,KOSDAQ,2020,0,0,2025,2025,2015,3941,7942777,6930000,13998600000
20251125,478560,KR7478560006,블랙야크아이앤씨,KOSDAQ,3720,-25,-.67,3745,3750,3660,12817,47390985,25830298,96088708560
20251125,478780,KR7478780000,대신밸런스제18호스팩,KOSDAQ,2730,-60,-2.15,2795,2805,2715,75905,209182330,7910000,21594300000
20251125,479880,KR7479880007,한국제15호스팩,KOSDAQ,2045,5,.25,2055,2055,2035,66,135020,6870000,14049150000
20251125,479960,KR7479960007,위너스,KOSDAQ,10000,-150,-1.48,10110,10300,9940,6538,65686060,6851000,68510000000
20251125,480370,KR7480370006,씨케이솔루션,KOSPI,8380,490,6.21,7870,9100,7820,120048,1002313800,10934861,91634135180
20251125,481070,KR7481070001,에이유브랜즈,KOSDAQ,17630,-450,-2.49,18000,18420,16900,98207,1724797485,14160000,249640800000
20251125,481850,KR7481850006,신한글로벌액티브리츠,KOSPI,1278,-15,-1.16,1300,1300,1275,306061,392418911,43477664,55564454592
20251125,481890,KR7481890002,엔에이치스팩31호,KOSDAQ,2130,5,.24,2130,2137,2130,4184,8932372,6345000,13514850000
20251125,482520,KR7482520004,교보16호스팩,KOSDAQ,2090,0,0,2085,2090,2085,3512,7340060,6100000,12749000000
20251125,482630,KR7482630001,삼양엔씨켐,KOSDAQ,17190,250,1.48,17400,17770,17000,35903,622740090,10944140,188129766600
20251125,482680,KR7482680006,미래에셋비전스팩7호,KOSDAQ,2010,0,0,2005,2010,2005,11132,22369725,8215000,16512150000
20251125,482690,KR7482690005,대신밸런스제19호스팩,KOSDAQ,2155,-15,-.69,2140,2170,2140,240,517410,5615000,12100325000
20251125,483650,KR7483650008,달바글로벌,KOSPI,130700,600,.46,129900,132800,128000,99082,12870482800,12343915,1613349690500
20251125,484120,KR7484120001,도우인시스,KOSDAQ,20950,300,1.45,20600,21550,20600,26958,568634850,10757022,225359610900
20251125,484130,KR7484130000,하나34호스팩,KOSDAQ,2040,-20,-.97,2060,2060,2035,9325,19035485,4520000,9220800000
20251125,484590,KR7484590005,삼양컴텍,KOSDAQ,11200,140,1.27,11060,11430,11000,499666,5580339870,41210450,461557040000
20251125,484810,KR7484810007,티엑스알로보틱스,KOSDAQ,13310,-260,-1.92,13600,14000,13210,82254,1113566020,15450915,205651678650
20251125,484870,KR7484870001,엠앤씨솔루션,KOSPI,130000,700,.54,131000,132500,125900,37610,4797685850,9153900,1190007000000
20251125,486630,KR7486630007,KB제30호스팩,KOSDAQ,2035,-5,-.25,2040,2040,2030,195,397631,5310000,10805850000
20251125,486990,KR7486990005,노타,KOSDAQ,38650,5750,17.48,35350,41700,34750,10413911,402788735475,21161880,817906662000
20251125,487360,KR7487360000,신한제14호스팩,KOSDAQ,2030,0,0,2025,2030,2025,85,172130,5640000,11449200000
20251125,487570,KR7487570004,HS효성,KOSPI,63500,-2500,-3.79,66300,66700,63500,22753,1469063800,3725927,236596364500
20251125,487720,KR7487720005,키움제10호스팩,KOSDAQ,2085,0,0,2085,2085,2080,12,24990,4230000,8819550000
20251125,487830,KR7487830002,신한제15호스팩,KOSDAQ,2030,-10,-.49,2030,2030,2030,13,26390,4350000,8830500000
20251125,488060,KR7488060005,유진스팩11호,KOSDAQ,2055,20,.98,2055,2055,2055,1,2055,4720000,9699600000
20251125,488280,KR7488280009,에스투더블유,KOSDAQ,27850,3750,15.56,24100,28750,23950,4301700,116533755125,10587956,294874574600
20251125,488900,KR7488900002,비츠로넥스텍,KOSDAQ,11100,-110,-.98,11810,12700,10700,4534622,52596852935,28976443,321638517300
20251125,489210,KR7489210005,교보17호스팩,KOSDAQ,2080,0,0,2080,2080,2070,1281,2657755,5180000,10774400000
20251125,489460,KR7489460006,바이오비쥬,KOSDAQ,12550,350,2.87,12370,13110,12370,179675,2298401955,15044430,188807596500
20251125,489480,KR7489480004,키움제11호스팩,KOSDAQ,2045,0,0,2040,2050,2030,3690,7502935,6600000,13497000000
20251125,489500,KR7489500009,엘케이켐,KOSDAQ,16510,60,.36,16680,16870,16500,5570,92636810,6278056,103650704560
20251125,489730,KR7489730002,디비금융제13호스팩,KOSDAQ,2030,-10,-.49,2040,2040,2030,343,696680,6332000,12853960000
20251125,489790,KR7489790006,한화비전,KOSPI,44400,-1250,-2.74,46400,47250,44250,372907,16812052425,50488390,2241684516000
20251125,492220,KR7492220009,KB제31호스팩,KOSDAQ,2005,0,0,2000,2005,1998,5190,10405477,6210000,12451050000
20251125,493790,KR7493790000,유안타제17호스팩,KOSDAQ,1995,-1,-.05,1996,1999,1994,512,1021505,5310000,10593450000
20251125,494120,KR7494120009,큐리오시스,KOSDAQ,70700,1900,2.76,69500,76000,65700,2504885,179117991250,7606082,537749997400
20251125,495810,KR7495810004,유비씨,KONEX,13120,0,0,0,0,0,0,0,2500000,32800000000
20251125,495900,KR7495900003,에이엠시지,KONEX,16500,2050,14.19,16500,16500,16500,2,33000,4915384,81103836000
20251125,496070,KR7496070004,신한제16호스팩,KOSDAQ,1999,-6,-.3,2005,2005,1999,4979,9958597,5620000,11234380000
20251125,496320,KR7496320003,본시스템즈,KONEX,24450,0,0,0,0,0,0,0,1000000,24450000000
20251125,498390,KR7498390004,한화플러스제5호스팩,KOSDAQ,2000,2,.1,1999,2000,1997,7780,15557870,4960000,9920000000
20251125,499790,KR7499790004,GS피앤엘,KOSPI,50200,-1900,-3.65,49850,51300,48200,367771,18342111075,19830841,995508218200
20251125,950190,KR8344390008,고스트스튜디오,KOSDAQ,8830,100,1.15,8610,8870,8430,129872,1125762915,13017059,114940630970
20251125,950170,KR8392080006,JTC,KOSDAQ,3605,-5,-.14,3650,3780,3540,286853,1053433752,51746348,186545584540
20251125,950210,KR8702070002,프레스티지바이오파마,KOSPI,11820,20,.17,11730,12100,11620,87471,1029530685,60096155,710336552100
20251125,950130,KR8840090003,엑세스바이오,KOSDAQ,3350,30,.9,3320,3490,3305,55476,186108120,37727832,126388237200
20251125,950140,KR8840110108,잉글우드랩,KOSDAQ,12470,-180,-1.42,12700,12730,12300,112988,1409548860,19867866,247752289020
20251125,950160,KR8840120008,코오롱티슈진,KOSDAQ,62800,-1600,-2.48,64000,66700,62300,796594,50939944850,83221265,5226295442000
20251125,950220,KR8840140006,네오이뮨텍,KOSDAQ,562,-8,-1.4,577,599,555,1625213,924023701,164391655,92388110110
20251125,950200,KR8840150005,소마젠,KOSDAQ,3505,105,3.09,3445,3545,3370,13474,46211365,19236053,67422365765
20251125,900120,KYG2114A1094,씨엑스아이,KOSDAQ,546,-8,-1.44,550,571,537,46021,25386776,30057784,16411550064
20251125,900250,KYG2115T1076,크리스탈신소재,KOSDAQ,706,-1,-.14,702,715,700,235197,165400345,130640004,92231842824
20251125,900070,KYG3931T1076,글로벌에스엠,KOSDAQ,419,-1,-.24,420,422,411,41662,17336231,53743968,22518722592
20251125,900140,KYG5307W1015,엘브이엠씨홀딩스,KOSPI,1513,-27,-1.75,1543,1556,1512,456035,696264351,193240432,292372773616
20251125,900100,USU652221081,애머릿지,KOSDAQ,505,7,1.41,511,515,495,115163,58305633,46037292,23248832460
